ISO-10303-21;
HEADER;
FILE_DESCRIPTION(('Open CASCADE Model'),'2;1');
FILE_NAME('Open CASCADE Shape Model','2026-06-10T11:54:28',('Author'),(
    'Open CASCADE'),'Open CASCADE STEP processor 7.7','Open CASCADE 7.7'
  ,'Unknown');
FILE_SCHEMA(('AUTOMOTIVE_DESIGN { 1 0 10303 214 1 1 1 1 }'));
ENDSEC;
DATA;
#1 = APPLICATION_PROTOCOL_DEFINITION('international standard',
  'automotive_design',2000,#2);
#2 = APPLICATION_CONTEXT(
  'core data for automotive mechanical design processes');
#3 = SHAPE_DEFINITION_REPRESENTATION(#4,#10);
#4 = PRODUCT_DEFINITION_SHAPE('','',#5);
#5 = PRODUCT_DEFINITION('design','',#6,#9);
#6 = PRODUCT_DEFINITION_FORMATION('','',#7);
#7 = PRODUCT('COMPOUND','COMPOUND','',(#8));
#8 = PRODUCT_CONTEXT('',#2,'mechanical');
#9 = PRODUCT_DEFINITION_CONTEXT('part definition',#2,'design');
#10 = ADVANCED_BREP_SHAPE_REPRESENTATION('',(#11,#15),#10479);
#11 = AXIS2_PLACEMENT_3D('',#12,#13,#14);
#12 = CARTESIAN_POINT('',(0.,0.,0.));
#13 = DIRECTION('',(0.,0.,1.));
#14 = DIRECTION('',(1.,0.,-0.));
#15 = MANIFOLD_SOLID_BREP('',#16);
#16 = CLOSED_SHELL('',(#17,#134,#832,#885,#966,#1014,#1067,#1120,#1173,
    #1226,#1318,#1610,#1697,#1773,#1822,#1871,#1920,#1969,#2018,#2067,
    #2116,#2165,#2214,#2263,#2290,#2780,#3270,#3760,#4250,#4299,#4348,
    #4784,#4811,#4838,#4865,#4892,#4959,#4966,#5033,#5670,#5719,#5841,
    #5890,#5939,#5966,#5993,#6000,#6053,#6150,#6195,#6243,#6290,#6340,
    #6385,#6433,#6480,#6530,#6575,#6623,#6670,#6720,#6765,#6813,#6838,
    #6935,#6980,#7028,#7075,#7125,#7170,#7218,#7265,#7315,#7360,#7408,
    #7455,#7505,#7550,#7598,#7623,#7720,#7765,#7813,#7860,#7910,#7955,
    #8003,#8050,#8100,#8145,#8193,#8240,#8290,#8335,#8383,#8408,#8505,
    #8550,#8598,#8645,#8695,#8740,#8788,#8835,#8885,#8930,#8978,#9025,
    #9075,#9120,#9168,#9193,#9220,#9247,#9274,#9301,#9328,#9355,#9382,
    #9409,#9416,#9423,#9478,#9533,#9576,#9631,#9674,#9717,#9760,#9815,
    #9870,#9925,#9932,#9982,#10017,#10052,#10087,#10122,#10129,#10164,
    #10223,#10282,#10341,#10400,#10459,#10463,#10467,#10471,#10475));
#17 = ADVANCED_FACE('',(#18),#32,.T.);
#18 = FACE_BOUND('',#19,.T.);
#19 = EDGE_LOOP('',(#20,#54,#81,#109));
#20 = ORIENTED_EDGE('',*,*,#21,.T.);
#21 = EDGE_CURVE('',#22,#24,#26,.T.);
#22 = VERTEX_POINT('',#23);
#23 = CARTESIAN_POINT('',(-645.,-158.2843,164.238));
#24 = VERTEX_POINT('',#25);
#25 = CARTESIAN_POINT('',(-645.,138.2843,164.238));
#26 = SURFACE_CURVE('',#27,(#31,#42),.PCURVE_S1.);
#27 = LINE('',#28,#29);
#28 = CARTESIAN_POINT('',(-645.,-158.2843,164.238));
#29 = VECTOR('',#30,1.);
#30 = DIRECTION('',(0.,1.,0.));
#31 = PCURVE('',#32,#37);
#32 = B_SPLINE_SURFACE_WITH_KNOTS('',1,1,(
    (#33,#34)
    ,(#35,#36)),.UNSPECIFIED.,.F.,.F.,.F.,(2,2),(2,2),(-12.42640687119,
    308.99500687119),(0.,1.),.PIECEWISE_BEZIER_KNOTS.);
#33 = CARTESIAN_POINT('',(-645.,-158.2843,164.238));
#34 = CARTESIAN_POINT('',(-675.,-170.7107068711,134.238));
#35 = CARTESIAN_POINT('',(-645.,138.2843,164.238));
#36 = CARTESIAN_POINT('',(-675.,150.71070687119,134.238));
#37 = DEFINITIONAL_REPRESENTATION('',(#38),#41);
#38 = B_SPLINE_CURVE_WITH_KNOTS('',1,(#39,#40),.UNSPECIFIED.,.F.,.F.,(2,
    2),(0.,296.5686),.PIECEWISE_BEZIER_KNOTS.);
#39 = CARTESIAN_POINT('',(-12.42640687119,0.));
#40 = CARTESIAN_POINT('',(308.99500687119,0.));
#41 = ( GEOMETRIC_REPRESENTATION_CONTEXT(2) 
PARAMETRIC_REPRESENTATION_CONTEXT() REPRESENTATION_CONTEXT('2D SPACE',''
  ) );
#42 = PCURVE('',#43,#48);
#43 = PLANE('',#44);
#44 = AXIS2_PLACEMENT_3D('',#45,#46,#47);
#45 = CARTESIAN_POINT('',(-645.,-158.2843,164.238));
#46 = DIRECTION('',(0.,0.,1.));
#47 = DIRECTION('',(0.974576867206,0.224053408604,-0.));
#48 = DEFINITIONAL_REPRESENTATION('',(#49),#53);
#49 = LINE('',#50,#51);
#50 = CARTESIAN_POINT('',(0.,0.));
#51 = VECTOR('',#52,1.);
#52 = DIRECTION('',(0.224053408604,0.974576867206));
#53 = ( GEOMETRIC_REPRESENTATION_CONTEXT(2) 
PARAMETRIC_REPRESENTATION_CONTEXT() REPRESENTATION_CONTEXT('2D SPACE',''
  ) );
#54 = ORIENTED_EDGE('',*,*,#55,.T.);
#55 = EDGE_CURVE('',#24,#56,#58,.T.);
#56 = VERTEX_POINT('',#57);
#57 = CARTESIAN_POINT('',(-675.,150.71070687119,134.238));
#58 = SURFACE_CURVE('',#59,(#62,#69),.PCURVE_S1.);
#59 = B_SPLINE_CURVE_WITH_KNOTS('',1,(#60,#61),.UNSPECIFIED.,.F.,.F.,(2,
    2),(0.,1.),.PIECEWISE_BEZIER_KNOTS.);
#60 = CARTESIAN_POINT('',(-645.,138.2843,164.238));
#61 = CARTESIAN_POINT('',(-675.,150.71070687119,134.238));
#62 = PCURVE('',#32,#63);
#63 = DEFINITIONAL_REPRESENTATION('',(#64),#68);
#64 = LINE('',#65,#66);
#65 = CARTESIAN_POINT('',(308.99500687119,0.));
#66 = VECTOR('',#67,1.);
#67 = DIRECTION('',(0.,1.));
#68 = ( GEOMETRIC_REPRESENTATION_CONTEXT(2) 
PARAMETRIC_REPRESENTATION_CONTEXT() REPRESENTATION_CONTEXT('2D SPACE',''
  ) );
#69 = PCURVE('',#70,#75);
#70 = B_SPLINE_SURFACE_WITH_KNOTS('',1,1,(
    (#71,#72)
    ,(#73,#74)),.UNSPECIFIED.,.F.,.F.,.F.,(2,2),(2,2),(-12.42640687119,
    135.06092588186),(0.,1.),.PIECEWISE_BEZIER_KNOTS.);
#71 = CARTESIAN_POINT('',(-645.,138.2843,164.238));
#72 = CARTESIAN_POINT('',(-675.,150.71070687119,134.238));
#73 = CARTESIAN_POINT('',(-558.2843,225.,164.238));
#74 = CARTESIAN_POINT('',(-570.7107068711,255.,134.238));
#75 = DEFINITIONAL_REPRESENTATION('',(#76),#80);
#76 = LINE('',#77,#78);
#77 = CARTESIAN_POINT('',(-12.42640687119,0.));
#78 = VECTOR('',#79,1.);
#79 = DIRECTION('',(0.,1.));
#80 = ( GEOMETRIC_REPRESENTATION_CONTEXT(2) 
PARAMETRIC_REPRESENTATION_CONTEXT() REPRESENTATION_CONTEXT('2D SPACE',''
  ) );
#81 = ORIENTED_EDGE('',*,*,#82,.F.);
#82 = EDGE_CURVE('',#83,#56,#85,.T.);
#83 = VERTEX_POINT('',#84);
#84 = CARTESIAN_POINT('',(-675.,-170.7107068711,134.238));
#85 = SURFACE_CURVE('',#86,(#90,#97),.PCURVE_S1.);
#86 = LINE('',#87,#88);
#87 = CARTESIAN_POINT('',(-675.,-158.2843,134.238));
#88 = VECTOR('',#89,1.);
#89 = DIRECTION('',(0.,1.,0.));
#90 = PCURVE('',#32,#91);
#91 = DEFINITIONAL_REPRESENTATION('',(#92),#96);
#92 = LINE('',#93,#94);
#93 = CARTESIAN_POINT('',(0.,1.));
#94 = VECTOR('',#95,1.);
#95 = DIRECTION('',(1.,0.));
#96 = ( GEOMETRIC_REPRESENTATION_CONTEXT(2) 
PARAMETRIC_REPRESENTATION_CONTEXT() REPRESENTATION_CONTEXT('2D SPACE',''
  ) );
#97 = PCURVE('',#98,#103);
#98 = PLANE('',#99);
#99 = AXIS2_PLACEMENT_3D('',#100,#101,#102);
#100 = CARTESIAN_POINT('',(-675.,-170.7107068711,134.238));
#101 = DIRECTION('',(1.,0.,0.));
#102 = DIRECTION('',(-0.,1.,0.));
#103 = DEFINITIONAL_REPRESENTATION('',(#104),#108);
#104 = LINE('',#105,#106);
#105 = CARTESIAN_POINT('',(12.426406871193,0.));
#106 = VECTOR('',#107,1.);
#107 = DIRECTION('',(1.,0.));
#108 = ( GEOMETRIC_REPRESENTATION_CONTEXT(2) 
PARAMETRIC_REPRESENTATION_CONTEXT() REPRESENTATION_CONTEXT('2D SPACE',''
  ) );
#109 = ORIENTED_EDGE('',*,*,#110,.F.);
#110 = EDGE_CURVE('',#22,#83,#111,.T.);
#111 = SURFACE_CURVE('',#112,(#115,#122),.PCURVE_S1.);
#112 = B_SPLINE_CURVE_WITH_KNOTS('',1,(#113,#114),.UNSPECIFIED.,.F.,.F.,
  (2,2),(0.,1.),.PIECEWISE_BEZIER_KNOTS.);
#113 = CARTESIAN_POINT('',(-645.,-158.2843,164.238));
#114 = CARTESIAN_POINT('',(-675.,-170.7107068711,134.238));
#115 = PCURVE('',#32,#116);
#116 = DEFINITIONAL_REPRESENTATION('',(#117),#121);
#117 = LINE('',#118,#119);
#118 = CARTESIAN_POINT('',(-12.42640687119,0.));
#119 = VECTOR('',#120,1.);
#120 = DIRECTION('',(0.,1.));
#121 = ( GEOMETRIC_REPRESENTATION_CONTEXT(2) 
PARAMETRIC_REPRESENTATION_CONTEXT() REPRESENTATION_CONTEXT('2D SPACE',''
  ) );
#122 = PCURVE('',#123,#128);
#123 = B_SPLINE_SURFACE_WITH_KNOTS('',1,1,(
    (#124,#125)
    ,(#126,#127
    )),.UNSPECIFIED.,.F.,.F.,.F.,(2,2),(2,2),(-12.42640687119,
    135.06092588186),(0.,1.),.PIECEWISE_BEZIER_KNOTS.);
#124 = CARTESIAN_POINT('',(-558.2843,-245.,164.238));
#125 = CARTESIAN_POINT('',(-570.7107068711,-275.,134.238));
#126 = CARTESIAN_POINT('',(-645.,-158.2843,164.238));
#127 = CARTESIAN_POINT('',(-675.,-170.7107068711,134.238));
#128 = DEFINITIONAL_REPRESENTATION('',(#129),#133);
#129 = LINE('',#130,#131);
#130 = CARTESIAN_POINT('',(135.06092588186,0.));
#131 = VECTOR('',#132,1.);
#132 = DIRECTION('',(0.,1.));
#133 = ( GEOMETRIC_REPRESENTATION_CONTEXT(2) 
PARAMETRIC_REPRESENTATION_CONTEXT() REPRESENTATION_CONTEXT('2D SPACE',''
  ) );
#134 = ADVANCED_FACE('',(#135,#370,#708,#739,#770,#801),#43,.T.);
#135 = FACE_BOUND('',#136,.T.);
#136 = EDGE_LOOP('',(#137,#138,#160,#187,#214,#241,#268,#295,#323,#350)
  );
#137 = ORIENTED_EDGE('',*,*,#21,.F.);
#138 = ORIENTED_EDGE('',*,*,#139,.F.);
#139 = EDGE_CURVE('',#140,#22,#142,.T.);
#140 = VERTEX_POINT('',#141);
#141 = CARTESIAN_POINT('',(-558.2843,-245.,164.238));
#142 = SURFACE_CURVE('',#143,(#147,#154),.PCURVE_S1.);
#143 = LINE('',#144,#145);
#144 = CARTESIAN_POINT('',(-558.2843,-245.,164.238));
#145 = VECTOR('',#146,1.);
#146 = DIRECTION('',(-0.707106781187,0.707106781187,0.));
#147 = PCURVE('',#43,#148);
#148 = DEFINITIONAL_REPRESENTATION('',(#149),#153);
#149 = LINE('',#150,#151);
#150 = CARTESIAN_POINT('',(65.082167079049,-103.940063408));
#151 = VECTOR('',#152,1.);
#152 = DIRECTION('',(-0.530700227017,0.847559596161));
#153 = ( GEOMETRIC_REPRESENTATION_CONTEXT(2) 
PARAMETRIC_REPRESENTATION_CONTEXT() REPRESENTATION_CONTEXT('2D SPACE',''
  ) );
#154 = PCURVE('',#123,#155);
#155 = DEFINITIONAL_REPRESENTATION('',(#156),#159);
#156 = B_SPLINE_CURVE_WITH_KNOTS('',1,(#157,#158),.UNSPECIFIED.,.F.,.F.,
  (2,2),(0.,122.63451901067),.PIECEWISE_BEZIER_KNOTS.);
#157 = CARTESIAN_POINT('',(-12.42640687119,0.));
#158 = CARTESIAN_POINT('',(135.06092588186,0.));
#159 = ( GEOMETRIC_REPRESENTATION_CONTEXT(2) 
PARAMETRIC_REPRESENTATION_CONTEXT() REPRESENTATION_CONTEXT('2D SPACE',''
  ) );
#160 = ORIENTED_EDGE('',*,*,#161,.F.);
#161 = EDGE_CURVE('',#162,#140,#164,.T.);
#162 = VERTEX_POINT('',#163);
#163 = CARTESIAN_POINT('',(558.2843,-245.,164.238));
#164 = SURFACE_CURVE('',#165,(#169,#176),.PCURVE_S1.);
#165 = LINE('',#166,#167);
#166 = CARTESIAN_POINT('',(558.2843,-245.,164.238));
#167 = VECTOR('',#168,1.);
#168 = DIRECTION('',(-1.,0.,0.));
#169 = PCURVE('',#43,#170);
#170 = DEFINITIONAL_REPRESENTATION('',(#171),#175);
#171 = LINE('',#172,#173);
#172 = CARTESIAN_POINT('',(1.153264095287E+03,-354.1110641786));
#173 = VECTOR('',#174,1.);
#174 = DIRECTION('',(-0.974576867206,0.224053408604));
#175 = ( GEOMETRIC_REPRESENTATION_CONTEXT(2) 
PARAMETRIC_REPRESENTATION_CONTEXT() REPRESENTATION_CONTEXT('2D SPACE',''
  ) );
#176 = PCURVE('',#177,#182);
#177 = B_SPLINE_SURFACE_WITH_KNOTS('',1,1,(
    (#178,#179)
    ,(#180,#181
    )),.UNSPECIFIED.,.F.,.F.,.F.,(2,2),(2,2),(-12.42640687119,
    1.128995006871E+03),(0.,1.),.PIECEWISE_BEZIER_KNOTS.);
#178 = CARTESIAN_POINT('',(558.2843,-245.,164.238));
#179 = CARTESIAN_POINT('',(570.71070687119,-275.,134.238));
#180 = CARTESIAN_POINT('',(-558.2843,-245.,164.238));
#181 = CARTESIAN_POINT('',(-570.7107068711,-275.,134.238));
#182 = DEFINITIONAL_REPRESENTATION('',(#183),#186);
#183 = B_SPLINE_CURVE_WITH_KNOTS('',1,(#184,#185),.UNSPECIFIED.,.F.,.F.,
  (2,2),(0.,1.1165686E+03),.PIECEWISE_BEZIER_KNOTS.);
#184 = CARTESIAN_POINT('',(-12.42640687119,0.));
#185 = CARTESIAN_POINT('',(1.128995006871E+03,0.));
#186 = ( GEOMETRIC_REPRESENTATION_CONTEXT(2) 
PARAMETRIC_REPRESENTATION_CONTEXT() REPRESENTATION_CONTEXT('2D SPACE',''
  ) );
#187 = ORIENTED_EDGE('',*,*,#188,.F.);
#188 = EDGE_CURVE('',#189,#162,#191,.T.);
#189 = VERTEX_POINT('',#190);
#190 = CARTESIAN_POINT('',(645.,-158.2843,164.238));
#191 = SURFACE_CURVE('',#192,(#196,#203),.PCURVE_S1.);
#192 = LINE('',#193,#194);
#193 = CARTESIAN_POINT('',(645.,-158.2843,164.238));
#194 = VECTOR('',#195,1.);
#195 = DIRECTION('',(-0.707106781187,-0.707106781187,0.));
#196 = PCURVE('',#43,#197);
#197 = DEFINITIONAL_REPRESENTATION('',(#198),#202);
#198 = LINE('',#199,#200);
#199 = CARTESIAN_POINT('',(1.257204158696E+03,-289.0288970996));
#200 = VECTOR('',#201,1.);
#201 = DIRECTION('',(-0.847559596161,-0.530700227017));
#202 = ( GEOMETRIC_REPRESENTATION_CONTEXT(2) 
PARAMETRIC_REPRESENTATION_CONTEXT() REPRESENTATION_CONTEXT('2D SPACE',''
  ) );
#203 = PCURVE('',#204,#209);
#204 = B_SPLINE_SURFACE_WITH_KNOTS('',1,1,(
    (#205,#206)
    ,(#207,#208
    )),.UNSPECIFIED.,.F.,.F.,.F.,(2,2),(2,2),(-12.42640687119,
    135.06092588186),(0.,1.),.PIECEWISE_BEZIER_KNOTS.);
#205 = CARTESIAN_POINT('',(645.,-158.2843,164.238));
#206 = CARTESIAN_POINT('',(675.,-170.7107068711,134.238));
#207 = CARTESIAN_POINT('',(558.2843,-245.,164.238));
#208 = CARTESIAN_POINT('',(570.71070687119,-275.,134.238));
#209 = DEFINITIONAL_REPRESENTATION('',(#210),#213);
#210 = B_SPLINE_CURVE_WITH_KNOTS('',1,(#211,#212),.UNSPECIFIED.,.F.,.F.,
  (2,2),(0.,122.63451901067),.PIECEWISE_BEZIER_KNOTS.);
#211 = CARTESIAN_POINT('',(-12.42640687119,0.));
#212 = CARTESIAN_POINT('',(135.06092588186,0.));
#213 = ( GEOMETRIC_REPRESENTATION_CONTEXT(2) 
PARAMETRIC_REPRESENTATION_CONTEXT() REPRESENTATION_CONTEXT('2D SPACE',''
  ) );
#214 = ORIENTED_EDGE('',*,*,#215,.F.);
#215 = EDGE_CURVE('',#216,#189,#218,.T.);
#216 = VERTEX_POINT('',#217);
#217 = CARTESIAN_POINT('',(645.,138.2843,164.238));
#218 = SURFACE_CURVE('',#219,(#223,#230),.PCURVE_S1.);
#219 = LINE('',#220,#221);
#220 = CARTESIAN_POINT('',(645.,138.2843,164.238));
#221 = VECTOR('',#222,1.);
#222 = DIRECTION('',(0.,-1.,0.));
#223 = PCURVE('',#43,#224);
#224 = DEFINITIONAL_REPRESENTATION('',(#225),#229);
#225 = LINE('',#226,#227);
#226 = CARTESIAN_POINT('',(1.323651364411E+03,-1.360023205166E-14));
#227 = VECTOR('',#228,1.);
#228 = DIRECTION('',(-0.224053408604,-0.974576867206));
#229 = ( GEOMETRIC_REPRESENTATION_CONTEXT(2) 
PARAMETRIC_REPRESENTATION_CONTEXT() REPRESENTATION_CONTEXT('2D SPACE',''
  ) );
#230 = PCURVE('',#231,#236);
#231 = B_SPLINE_SURFACE_WITH_KNOTS('',1,1,(
    (#232,#233)
    ,(#234,#235
    )),.UNSPECIFIED.,.F.,.F.,.F.,(2,2),(2,2),(-12.42640687119,
    308.99500687119),(0.,1.),.PIECEWISE_BEZIER_KNOTS.);
#232 = CARTESIAN_POINT('',(645.,138.2843,164.238));
#233 = CARTESIAN_POINT('',(675.,150.71070687119,134.238));
#234 = CARTESIAN_POINT('',(645.,-158.2843,164.238));
#235 = CARTESIAN_POINT('',(675.,-170.7107068711,134.238));
#236 = DEFINITIONAL_REPRESENTATION('',(#237),#240);
#237 = B_SPLINE_CURVE_WITH_KNOTS('',1,(#238,#239),.UNSPECIFIED.,.F.,.F.,
  (2,2),(0.,296.5686),.PIECEWISE_BEZIER_KNOTS.);
#238 = CARTESIAN_POINT('',(-12.42640687119,0.));
#239 = CARTESIAN_POINT('',(308.99500687119,0.));
#240 = ( GEOMETRIC_REPRESENTATION_CONTEXT(2) 
PARAMETRIC_REPRESENTATION_CONTEXT() REPRESENTATION_CONTEXT('2D SPACE',''
  ) );
#241 = ORIENTED_EDGE('',*,*,#242,.F.);
#242 = EDGE_CURVE('',#243,#216,#245,.T.);
#243 = VERTEX_POINT('',#244);
#244 = CARTESIAN_POINT('',(558.2843,225.,164.238));
#245 = SURFACE_CURVE('',#246,(#250,#257),.PCURVE_S1.);
#246 = LINE('',#247,#248);
#247 = CARTESIAN_POINT('',(558.2843,225.,164.238));
#248 = VECTOR('',#249,1.);
#249 = DIRECTION('',(0.707106781187,-0.707106781187,0.));
#250 = PCURVE('',#43,#251);
#251 = DEFINITIONAL_REPRESENTATION('',(#252),#256);
#252 = LINE('',#253,#254);
#253 = CARTESIAN_POINT('',(1.258569197332E+03,103.94006340807));
#254 = VECTOR('',#255,1.);
#255 = DIRECTION('',(0.530700227017,-0.847559596161));
#256 = ( GEOMETRIC_REPRESENTATION_CONTEXT(2) 
PARAMETRIC_REPRESENTATION_CONTEXT() REPRESENTATION_CONTEXT('2D SPACE',''
  ) );
#257 = PCURVE('',#258,#263);
#258 = B_SPLINE_SURFACE_WITH_KNOTS('',1,1,(
    (#259,#260)
    ,(#261,#262
    )),.UNSPECIFIED.,.F.,.F.,.F.,(2,2),(2,2),(-12.42640687119,
    135.06092588186),(0.,1.),.PIECEWISE_BEZIER_KNOTS.);
#259 = CARTESIAN_POINT('',(558.2843,225.,164.238));
#260 = CARTESIAN_POINT('',(570.71070687119,255.,134.238));
#261 = CARTESIAN_POINT('',(645.,138.2843,164.238));
#262 = CARTESIAN_POINT('',(675.,150.71070687119,134.238));
#263 = DEFINITIONAL_REPRESENTATION('',(#264),#267);
#264 = B_SPLINE_CURVE_WITH_KNOTS('',1,(#265,#266),.UNSPECIFIED.,.F.,.F.,
  (2,2),(0.,122.63451901067),.PIECEWISE_BEZIER_KNOTS.);
#265 = CARTESIAN_POINT('',(-12.42640687119,0.));
#266 = CARTESIAN_POINT('',(135.06092588186,0.));
#267 = ( GEOMETRIC_REPRESENTATION_CONTEXT(2) 
PARAMETRIC_REPRESENTATION_CONTEXT() REPRESENTATION_CONTEXT('2D SPACE',''
  ) );
#268 = ORIENTED_EDGE('',*,*,#269,.F.);
#269 = EDGE_CURVE('',#270,#243,#272,.T.);
#270 = VERTEX_POINT('',#271);
#271 = CARTESIAN_POINT('',(185.194,225.,164.238));
#272 = SURFACE_CURVE('',#273,(#277,#284),.PCURVE_S1.);
#273 = LINE('',#274,#275);
#274 = CARTESIAN_POINT('',(-558.2843,225.,164.238));
#275 = VECTOR('',#276,1.);
#276 = DIRECTION('',(1.,0.,0.));
#277 = PCURVE('',#43,#278);
#278 = DEFINITIONAL_REPRESENTATION('',(#279),#283);
#279 = LINE('',#280,#281);
#280 = CARTESIAN_POINT('',(170.38726912309,354.11106417867));
#281 = VECTOR('',#282,1.);
#282 = DIRECTION('',(0.974576867206,-0.224053408604));
#283 = ( GEOMETRIC_REPRESENTATION_CONTEXT(2) 
PARAMETRIC_REPRESENTATION_CONTEXT() REPRESENTATION_CONTEXT('2D SPACE',''
  ) );
#284 = PCURVE('',#285,#290);
#285 = B_SPLINE_SURFACE_WITH_KNOTS('',1,1,(
    (#286,#287)
    ,(#288,#289
    )),.UNSPECIFIED.,.F.,.F.,.F.,(2,2),(2,2),(-12.42640687119,
    1.128995006871E+03),(0.,1.),.PIECEWISE_BEZIER_KNOTS.);
#286 = CARTESIAN_POINT('',(-558.2843,225.,164.238));
#287 = CARTESIAN_POINT('',(-570.7107068711,255.,134.238));
#288 = CARTESIAN_POINT('',(558.2843,225.,164.238));
#289 = CARTESIAN_POINT('',(570.71070687119,255.,134.238));
#290 = DEFINITIONAL_REPRESENTATION('',(#291),#294);
#291 = B_SPLINE_CURVE_WITH_KNOTS('',1,(#292,#293),.UNSPECIFIED.,.F.,.F.,
  (2,2),(0.,1.1165686E+03),.PIECEWISE_BEZIER_KNOTS.);
#292 = CARTESIAN_POINT('',(-12.42640687119,0.));
#293 = CARTESIAN_POINT('',(1.128995006871E+03,0.));
#294 = ( GEOMETRIC_REPRESENTATION_CONTEXT(2) 
PARAMETRIC_REPRESENTATION_CONTEXT() REPRESENTATION_CONTEXT('2D SPACE',''
  ) );
#295 = ORIENTED_EDGE('',*,*,#296,.T.);
#296 = EDGE_CURVE('',#270,#297,#299,.T.);
#297 = VERTEX_POINT('',#298);
#298 = CARTESIAN_POINT('',(-185.194,225.,164.238));
#299 = SURFACE_CURVE('',#300,(#304,#311),.PCURVE_S1.);
#300 = LINE('',#301,#302);
#301 = CARTESIAN_POINT('',(185.194,225.,164.238));
#302 = VECTOR('',#303,1.);
#303 = DIRECTION('',(-1.,0.,0.));
#304 = PCURVE('',#43,#305);
#305 = DEFINITIONAL_REPRESENTATION('',(#306),#310);
#306 = LINE('',#307,#308);
#307 = CARTESIAN_POINT('',(894.96402157262,187.53221684029));
#308 = VECTOR('',#309,1.);
#309 = DIRECTION('',(-0.974576867206,0.224053408604));
#310 = ( GEOMETRIC_REPRESENTATION_CONTEXT(2) 
PARAMETRIC_REPRESENTATION_CONTEXT() REPRESENTATION_CONTEXT('2D SPACE',''
  ) );
#311 = PCURVE('',#312,#317);
#312 = PLANE('',#313);
#313 = AXIS2_PLACEMENT_3D('',#314,#315,#316);
#314 = CARTESIAN_POINT('',(3.648003520767E-15,225.,100.119));
#315 = DIRECTION('',(0.,-1.,0.));
#316 = DIRECTION('',(1.,0.,0.));
#317 = DEFINITIONAL_REPRESENTATION('',(#318),#322);
#318 = LINE('',#319,#320);
#319 = CARTESIAN_POINT('',(185.194,64.119));
#320 = VECTOR('',#321,1.);
#321 = DIRECTION('',(-1.,0.));
#322 = ( GEOMETRIC_REPRESENTATION_CONTEXT(2) 
PARAMETRIC_REPRESENTATION_CONTEXT() REPRESENTATION_CONTEXT('2D SPACE',''
  ) );
#323 = ORIENTED_EDGE('',*,*,#324,.F.);
#324 = EDGE_CURVE('',#325,#297,#327,.T.);
#325 = VERTEX_POINT('',#326);
#326 = CARTESIAN_POINT('',(-558.2843,225.,164.238));
#327 = SURFACE_CURVE('',#328,(#332,#339),.PCURVE_S1.);
#328 = LINE('',#329,#330);
#329 = CARTESIAN_POINT('',(-558.2843,225.,164.238));
#330 = VECTOR('',#331,1.);
#331 = DIRECTION('',(1.,0.,0.));
#332 = PCURVE('',#43,#333);
#333 = DEFINITIONAL_REPRESENTATION('',(#334),#338);
#334 = LINE('',#335,#336);
#335 = CARTESIAN_POINT('',(170.38726912309,354.11106417867));
#336 = VECTOR('',#337,1.);
#337 = DIRECTION('',(0.974576867206,-0.224053408604));
#338 = ( GEOMETRIC_REPRESENTATION_CONTEXT(2) 
PARAMETRIC_REPRESENTATION_CONTEXT() REPRESENTATION_CONTEXT('2D SPACE',''
  ) );
#339 = PCURVE('',#340,#345);
#340 = B_SPLINE_SURFACE_WITH_KNOTS('',1,1,(
    (#341,#342)
    ,(#343,#344
    )),.UNSPECIFIED.,.F.,.F.,.F.,(2,2),(2,2),(-12.42640687119,
    1.128995006871E+03),(0.,1.),.PIECEWISE_BEZIER_KNOTS.);
#341 = CARTESIAN_POINT('',(-558.2843,225.,164.238));
#342 = CARTESIAN_POINT('',(-570.7107068711,255.,134.238));
#343 = CARTESIAN_POINT('',(558.2843,225.,164.238));
#344 = CARTESIAN_POINT('',(570.71070687119,255.,134.238));
#345 = DEFINITIONAL_REPRESENTATION('',(#346),#349);
#346 = B_SPLINE_CURVE_WITH_KNOTS('',1,(#347,#348),.UNSPECIFIED.,.F.,.F.,
  (2,2),(0.,1.1165686E+03),.PIECEWISE_BEZIER_KNOTS.);
#347 = CARTESIAN_POINT('',(-12.42640687119,0.));
#348 = CARTESIAN_POINT('',(1.128995006871E+03,0.));
#349 = ( GEOMETRIC_REPRESENTATION_CONTEXT(2) 
PARAMETRIC_REPRESENTATION_CONTEXT() REPRESENTATION_CONTEXT('2D SPACE',''
  ) );
#350 = ORIENTED_EDGE('',*,*,#351,.F.);
#351 = EDGE_CURVE('',#24,#325,#352,.T.);
#352 = SURFACE_CURVE('',#353,(#357,#364),.PCURVE_S1.);
#353 = LINE('',#354,#355);
#354 = CARTESIAN_POINT('',(-645.,138.2843,164.238));
#355 = VECTOR('',#356,1.);
#356 = DIRECTION('',(0.707106781187,0.707106781187,0.));
#357 = PCURVE('',#43,#358);
#358 = DEFINITIONAL_REPRESENTATION('',(#359),#363);
#359 = LINE('',#360,#361);
#360 = CARTESIAN_POINT('',(66.447205715023,289.02889709962));
#361 = VECTOR('',#362,1.);
#362 = DIRECTION('',(0.847559596161,0.530700227017));
#363 = ( GEOMETRIC_REPRESENTATION_CONTEXT(2) 
PARAMETRIC_REPRESENTATION_CONTEXT() REPRESENTATION_CONTEXT('2D SPACE',''
  ) );
#364 = PCURVE('',#70,#365);
#365 = DEFINITIONAL_REPRESENTATION('',(#366),#369);
#366 = B_SPLINE_CURVE_WITH_KNOTS('',1,(#367,#368),.UNSPECIFIED.,.F.,.F.,
  (2,2),(0.,122.63451901067),.PIECEWISE_BEZIER_KNOTS.);
#367 = CARTESIAN_POINT('',(-12.42640687119,0.));
#368 = CARTESIAN_POINT('',(135.06092588186,0.));
#369 = ( GEOMETRIC_REPRESENTATION_CONTEXT(2) 
PARAMETRIC_REPRESENTATION_CONTEXT() REPRESENTATION_CONTEXT('2D SPACE',''
  ) );
#370 = FACE_BOUND('',#371,.T.);
#371 = EDGE_LOOP('',(#372,#402,#430,#458,#486,#514,#542,#570,#598,#626,
    #654,#682));
#372 = ORIENTED_EDGE('',*,*,#373,.T.);
#373 = EDGE_CURVE('',#374,#376,#378,.T.);
#374 = VERTEX_POINT('',#375);
#375 = CARTESIAN_POINT('',(-430.,50.106,164.238));
#376 = VERTEX_POINT('',#377);
#377 = CARTESIAN_POINT('',(-430.,135.,164.238));
#378 = SURFACE_CURVE('',#379,(#383,#390),.PCURVE_S1.);
#379 = LINE('',#380,#381);
#380 = CARTESIAN_POINT('',(-430.,50.106,164.238));
#381 = VECTOR('',#382,1.);
#382 = DIRECTION('',(0.,1.,0.));
#383 = PCURVE('',#43,#384);
#384 = DEFINITIONAL_REPRESENTATION('',(#385),#389);
#385 = LINE('',#386,#387);
#386 = CARTESIAN_POINT('',(256.22458348434,154.92088288015));
#387 = VECTOR('',#388,1.);
#388 = DIRECTION('',(0.224053408604,0.974576867206));
#389 = ( GEOMETRIC_REPRESENTATION_CONTEXT(2) 
PARAMETRIC_REPRESENTATION_CONTEXT() REPRESENTATION_CONTEXT('2D SPACE',''
  ) );
#390 = PCURVE('',#391,#396);
#391 = PLANE('',#392);
#392 = AXIS2_PLACEMENT_3D('',#393,#394,#395);
#393 = CARTESIAN_POINT('',(-430.,50.106,164.238));
#394 = DIRECTION('',(1.,-0.,0.));
#395 = DIRECTION('',(0.,1.,0.));
#396 = DEFINITIONAL_REPRESENTATION('',(#397),#401);
#397 = LINE('',#398,#399);
#398 = CARTESIAN_POINT('',(0.,0.));
#399 = VECTOR('',#400,1.);
#400 = DIRECTION('',(1.,0.));
#401 = ( GEOMETRIC_REPRESENTATION_CONTEXT(2) 
PARAMETRIC_REPRESENTATION_CONTEXT() REPRESENTATION_CONTEXT('2D SPACE',''
  ) );
#402 = ORIENTED_EDGE('',*,*,#403,.T.);
#403 = EDGE_CURVE('',#376,#404,#406,.T.);
#404 = VERTEX_POINT('',#405);
#405 = CARTESIAN_POINT('',(-330.012,135.,164.238));
#406 = SURFACE_CURVE('',#407,(#411,#418),.PCURVE_S1.);
#407 = LINE('',#408,#409);
#408 = CARTESIAN_POINT('',(-430.,135.,164.238));
#409 = VECTOR('',#410,1.);
#410 = DIRECTION('',(1.,0.,0.));
#411 = PCURVE('',#43,#412);
#412 = DEFINITIONAL_REPRESENTATION('',(#413),#417);
#413 = LINE('',#414,#415);
#414 = CARTESIAN_POINT('',(275.2453735544,237.65661144472));
#415 = VECTOR('',#416,1.);
#416 = DIRECTION('',(0.974576867206,-0.224053408604));
#417 = ( GEOMETRIC_REPRESENTATION_CONTEXT(2) 
PARAMETRIC_REPRESENTATION_CONTEXT() REPRESENTATION_CONTEXT('2D SPACE',''
  ) );
#418 = PCURVE('',#419,#424);
#419 = PLANE('',#420);
#420 = AXIS2_PLACEMENT_3D('',#421,#422,#423);
#421 = CARTESIAN_POINT('',(-430.,135.,164.238));
#422 = DIRECTION('',(0.,-1.,0.));
#423 = DIRECTION('',(1.,0.,0.));
#424 = DEFINITIONAL_REPRESENTATION('',(#425),#429);
#425 = LINE('',#426,#427);
#426 = CARTESIAN_POINT('',(0.,0.));
#427 = VECTOR('',#428,1.);
#428 = DIRECTION('',(1.,0.));
#429 = ( GEOMETRIC_REPRESENTATION_CONTEXT(2) 
PARAMETRIC_REPRESENTATION_CONTEXT() REPRESENTATION_CONTEXT('2D SPACE',''
  ) );
#430 = ORIENTED_EDGE('',*,*,#431,.T.);
#431 = EDGE_CURVE('',#404,#432,#434,.T.);
#432 = VERTEX_POINT('',#433);
#433 = CARTESIAN_POINT('',(-330.012,50.106,164.238));
#434 = SURFACE_CURVE('',#435,(#439,#446),.PCURVE_S1.);
#435 = LINE('',#436,#437);
#436 = CARTESIAN_POINT('',(-330.012,135.,164.238));
#437 = VECTOR('',#438,1.);
#438 = DIRECTION('',(0.,-1.,0.));
#439 = PCURVE('',#43,#440);
#440 = DEFINITIONAL_REPRESENTATION('',(#441),#445);
#441 = LINE('',#442,#443);
#442 = CARTESIAN_POINT('',(372.69136535258,215.25395922519));
#443 = VECTOR('',#444,1.);
#444 = DIRECTION('',(-0.224053408604,-0.974576867206));
#445 = ( GEOMETRIC_REPRESENTATION_CONTEXT(2) 
PARAMETRIC_REPRESENTATION_CONTEXT() REPRESENTATION_CONTEXT('2D SPACE',''
  ) );
#446 = PCURVE('',#447,#452);
#447 = PLANE('',#448);
#448 = AXIS2_PLACEMENT_3D('',#449,#450,#451);
#449 = CARTESIAN_POINT('',(-330.012,135.,164.238));
#450 = DIRECTION('',(-1.,-0.,-0.));
#451 = DIRECTION('',(0.,-1.,0.));
#452 = DEFINITIONAL_REPRESENTATION('',(#453),#457);
#453 = LINE('',#454,#455);
#454 = CARTESIAN_POINT('',(0.,0.));
#455 = VECTOR('',#456,1.);
#456 = DIRECTION('',(1.,0.));
#457 = ( GEOMETRIC_REPRESENTATION_CONTEXT(2) 
PARAMETRIC_REPRESENTATION_CONTEXT() REPRESENTATION_CONTEXT('2D SPACE',''
  ) );
#458 = ORIENTED_EDGE('',*,*,#459,.T.);
#459 = EDGE_CURVE('',#432,#460,#462,.T.);
#460 = VERTEX_POINT('',#461);
#461 = CARTESIAN_POINT('',(-230.012,50.106,164.238));
#462 = SURFACE_CURVE('',#463,(#467,#474),.PCURVE_S1.);
#463 = LINE('',#464,#465);
#464 = CARTESIAN_POINT('',(-330.012,50.106,164.238));
#465 = VECTOR('',#466,1.);
#466 = DIRECTION('',(1.,0.,0.));
#467 = PCURVE('',#43,#468);
#468 = DEFINITIONAL_REPRESENTATION('',(#469),#473);
#469 = LINE('',#470,#471);
#470 = CARTESIAN_POINT('',(353.67057528252,132.51823066061));
#471 = VECTOR('',#472,1.);
#472 = DIRECTION('',(0.974576867206,-0.224053408604));
#473 = ( GEOMETRIC_REPRESENTATION_CONTEXT(2) 
PARAMETRIC_REPRESENTATION_CONTEXT() REPRESENTATION_CONTEXT('2D SPACE',''
  ) );
#474 = PCURVE('',#475,#480);
#475 = PLANE('',#476);
#476 = AXIS2_PLACEMENT_3D('',#477,#478,#479);
#477 = CARTESIAN_POINT('',(-330.012,50.106,164.238));
#478 = DIRECTION('',(0.,-1.,0.));
#479 = DIRECTION('',(1.,0.,0.));
#480 = DEFINITIONAL_REPRESENTATION('',(#481),#485);
#481 = LINE('',#482,#483);
#482 = CARTESIAN_POINT('',(0.,0.));
#483 = VECTOR('',#484,1.);
#484 = DIRECTION('',(1.,0.));
#485 = ( GEOMETRIC_REPRESENTATION_CONTEXT(2) 
PARAMETRIC_REPRESENTATION_CONTEXT() REPRESENTATION_CONTEXT('2D SPACE',''
  ) );
#486 = ORIENTED_EDGE('',*,*,#487,.T.);
#487 = EDGE_CURVE('',#460,#488,#490,.T.);
#488 = VERTEX_POINT('',#489);
#489 = CARTESIAN_POINT('',(-230.012,-50.106,164.238));
#490 = SURFACE_CURVE('',#491,(#495,#502),.PCURVE_S1.);
#491 = LINE('',#492,#493);
#492 = CARTESIAN_POINT('',(-230.012,50.106,164.238));
#493 = VECTOR('',#494,1.);
#494 = DIRECTION('',(0.,-1.,0.));
#495 = PCURVE('',#43,#496);
#496 = DEFINITIONAL_REPRESENTATION('',(#497),#501);
#497 = LINE('',#498,#499);
#498 = CARTESIAN_POINT('',(451.1282620031,110.11288980018));
#499 = VECTOR('',#500,1.);
#500 = DIRECTION('',(-0.224053408604,-0.974576867206));
#501 = ( GEOMETRIC_REPRESENTATION_CONTEXT(2) 
PARAMETRIC_REPRESENTATION_CONTEXT() REPRESENTATION_CONTEXT('2D SPACE',''
  ) );
#502 = PCURVE('',#503,#508);
#503 = PLANE('',#504);
#504 = AXIS2_PLACEMENT_3D('',#505,#506,#507);
#505 = CARTESIAN_POINT('',(-230.012,50.106,164.238));
#506 = DIRECTION('',(-1.,-0.,-0.));
#507 = DIRECTION('',(0.,-1.,0.));
#508 = DEFINITIONAL_REPRESENTATION('',(#509),#513);
#509 = LINE('',#510,#511);
#510 = CARTESIAN_POINT('',(0.,0.));
#511 = VECTOR('',#512,1.);
#512 = DIRECTION('',(1.,0.));
#513 = ( GEOMETRIC_REPRESENTATION_CONTEXT(2) 
PARAMETRIC_REPRESENTATION_CONTEXT() REPRESENTATION_CONTEXT('2D SPACE',''
  ) );
#514 = ORIENTED_EDGE('',*,*,#515,.T.);
#515 = EDGE_CURVE('',#488,#516,#518,.T.);
#516 = VERTEX_POINT('',#517);
#517 = CARTESIAN_POINT('',(-330.012,-50.106,164.238));
#518 = SURFACE_CURVE('',#519,(#523,#530),.PCURVE_S1.);
#519 = LINE('',#520,#521);
#520 = CARTESIAN_POINT('',(-230.012,-50.106,164.238));
#521 = VECTOR('',#522,1.);
#522 = DIRECTION('',(-1.,0.,0.));
#523 = PCURVE('',#43,#524);
#524 = DEFINITIONAL_REPRESENTATION('',(#525),#529);
#525 = LINE('',#526,#527);
#526 = CARTESIAN_POINT('',(428.67542182004,12.448592783748));
#527 = VECTOR('',#528,1.);
#528 = DIRECTION('',(-0.974576867206,0.224053408604));
#529 = ( GEOMETRIC_REPRESENTATION_CONTEXT(2) 
PARAMETRIC_REPRESENTATION_CONTEXT() REPRESENTATION_CONTEXT('2D SPACE',''
  ) );
#530 = PCURVE('',#531,#536);
#531 = PLANE('',#532);
#532 = AXIS2_PLACEMENT_3D('',#533,#534,#535);
#533 = CARTESIAN_POINT('',(-230.012,-50.106,164.238));
#534 = DIRECTION('',(0.,1.,0.));
#535 = DIRECTION('',(-1.,0.,0.));
#536 = DEFINITIONAL_REPRESENTATION('',(#537),#541);
#537 = LINE('',#538,#539);
#538 = CARTESIAN_POINT('',(0.,0.));
#539 = VECTOR('',#540,1.);
#540 = DIRECTION('',(1.,0.));
#541 = ( GEOMETRIC_REPRESENTATION_CONTEXT(2) 
PARAMETRIC_REPRESENTATION_CONTEXT() REPRESENTATION_CONTEXT('2D SPACE',''
  ) );
#542 = ORIENTED_EDGE('',*,*,#543,.T.);
#543 = EDGE_CURVE('',#516,#544,#546,.T.);
#544 = VERTEX_POINT('',#545);
#545 = CARTESIAN_POINT('',(-330.012,-135.,164.238));
#546 = SURFACE_CURVE('',#547,(#551,#558),.PCURVE_S1.);
#547 = LINE('',#548,#549);
#548 = CARTESIAN_POINT('',(-330.012,-50.106,164.238));
#549 = VECTOR('',#550,1.);
#550 = DIRECTION('',(0.,-1.,0.));
#551 = PCURVE('',#43,#552);
#552 = DEFINITIONAL_REPRESENTATION('',(#553),#557);
#553 = LINE('',#554,#555);
#554 = CARTESIAN_POINT('',(331.21773509946,34.853933644184));
#555 = VECTOR('',#556,1.);
#556 = DIRECTION('',(-0.224053408604,-0.974576867206));
#557 = ( GEOMETRIC_REPRESENTATION_CONTEXT(2) 
PARAMETRIC_REPRESENTATION_CONTEXT() REPRESENTATION_CONTEXT('2D SPACE',''
  ) );
#558 = PCURVE('',#559,#564);
#559 = PLANE('',#560);
#560 = AXIS2_PLACEMENT_3D('',#561,#562,#563);
#561 = CARTESIAN_POINT('',(-330.012,-50.106,164.238));
#562 = DIRECTION('',(-1.,-0.,-0.));
#563 = DIRECTION('',(0.,-1.,0.));
#564 = DEFINITIONAL_REPRESENTATION('',(#565),#569);
#565 = LINE('',#566,#567);
#566 = CARTESIAN_POINT('',(0.,0.));
#567 = VECTOR('',#568,1.);
#568 = DIRECTION('',(1.,0.));
#569 = ( GEOMETRIC_REPRESENTATION_CONTEXT(2) 
PARAMETRIC_REPRESENTATION_CONTEXT() REPRESENTATION_CONTEXT('2D SPACE',''
  ) );
#570 = ORIENTED_EDGE('',*,*,#571,.T.);
#571 = EDGE_CURVE('',#544,#572,#574,.T.);
#572 = VERTEX_POINT('',#573);
#573 = CARTESIAN_POINT('',(-430.,-135.,164.238));
#574 = SURFACE_CURVE('',#575,(#579,#586),.PCURVE_S1.);
#575 = LINE('',#576,#577);
#576 = CARTESIAN_POINT('',(-330.012,-135.,164.238));
#577 = VECTOR('',#578,1.);
#578 = DIRECTION('',(-1.,0.,0.));
#579 = PCURVE('',#43,#580);
#580 = DEFINITIONAL_REPRESENTATION('',(#581),#585);
#581 = LINE('',#582,#583);
#582 = CARTESIAN_POINT('',(312.1969450294,-47.88179492038));
#583 = VECTOR('',#584,1.);
#584 = DIRECTION('',(-0.974576867206,0.224053408604));
#585 = ( GEOMETRIC_REPRESENTATION_CONTEXT(2) 
PARAMETRIC_REPRESENTATION_CONTEXT() REPRESENTATION_CONTEXT('2D SPACE',''
  ) );
#586 = PCURVE('',#587,#592);
#587 = PLANE('',#588);
#588 = AXIS2_PLACEMENT_3D('',#589,#590,#591);
#589 = CARTESIAN_POINT('',(-330.012,-135.,164.238));
#590 = DIRECTION('',(0.,1.,0.));
#591 = DIRECTION('',(-1.,0.,0.));
#592 = DEFINITIONAL_REPRESENTATION('',(#593),#597);
#593 = LINE('',#594,#595);
#594 = CARTESIAN_POINT('',(0.,0.));
#595 = VECTOR('',#596,1.);
#596 = DIRECTION('',(1.,0.));
#597 = ( GEOMETRIC_REPRESENTATION_CONTEXT(2) 
PARAMETRIC_REPRESENTATION_CONTEXT() REPRESENTATION_CONTEXT('2D SPACE',''
  ) );
#598 = ORIENTED_EDGE('',*,*,#599,.T.);
#599 = EDGE_CURVE('',#572,#600,#602,.T.);
#600 = VERTEX_POINT('',#601);
#601 = CARTESIAN_POINT('',(-430.,-50.106,164.238));
#602 = SURFACE_CURVE('',#603,(#607,#614),.PCURVE_S1.);
#603 = LINE('',#604,#605);
#604 = CARTESIAN_POINT('',(-430.,-135.,164.238));
#605 = VECTOR('',#606,1.);
#606 = DIRECTION('',(0.,1.,0.));
#607 = PCURVE('',#43,#608);
#608 = DEFINITIONAL_REPRESENTATION('',(#609),#613);
#609 = LINE('',#610,#611);
#610 = CARTESIAN_POINT('',(214.75095323122,-25.47914270085));
#611 = VECTOR('',#612,1.);
#612 = DIRECTION('',(0.224053408604,0.974576867206));
#613 = ( GEOMETRIC_REPRESENTATION_CONTEXT(2) 
PARAMETRIC_REPRESENTATION_CONTEXT() REPRESENTATION_CONTEXT('2D SPACE',''
  ) );
#614 = PCURVE('',#615,#620);
#615 = PLANE('',#616);
#616 = AXIS2_PLACEMENT_3D('',#617,#618,#619);
#617 = CARTESIAN_POINT('',(-430.,-135.,164.238));
#618 = DIRECTION('',(1.,-0.,0.));
#619 = DIRECTION('',(0.,1.,0.));
#620 = DEFINITIONAL_REPRESENTATION('',(#621),#625);
#621 = LINE('',#622,#623);
#622 = CARTESIAN_POINT('',(0.,0.));
#623 = VECTOR('',#624,1.);
#624 = DIRECTION('',(1.,0.));
#625 = ( GEOMETRIC_REPRESENTATION_CONTEXT(2) 
PARAMETRIC_REPRESENTATION_CONTEXT() REPRESENTATION_CONTEXT('2D SPACE',''
  ) );
#626 = ORIENTED_EDGE('',*,*,#627,.T.);
#627 = EDGE_CURVE('',#600,#628,#630,.T.);
#628 = VERTEX_POINT('',#629);
#629 = CARTESIAN_POINT('',(-530.,-50.106,164.238));
#630 = SURFACE_CURVE('',#631,(#635,#642),.PCURVE_S1.);
#631 = LINE('',#632,#633);
#632 = CARTESIAN_POINT('',(-430.,-50.106,164.238));
#633 = VECTOR('',#634,1.);
#634 = DIRECTION('',(-1.,0.,0.));
#635 = PCURVE('',#43,#636);
#636 = DEFINITIONAL_REPRESENTATION('',(#637),#641);
#637 = LINE('',#638,#639);
#638 = CARTESIAN_POINT('',(233.77174330128,57.256585863717));
#639 = VECTOR('',#640,1.);
#640 = DIRECTION('',(-0.974576867206,0.224053408604));
#641 = ( GEOMETRIC_REPRESENTATION_CONTEXT(2) 
PARAMETRIC_REPRESENTATION_CONTEXT() REPRESENTATION_CONTEXT('2D SPACE',''
  ) );
#642 = PCURVE('',#643,#648);
#643 = PLANE('',#644);
#644 = AXIS2_PLACEMENT_3D('',#645,#646,#647);
#645 = CARTESIAN_POINT('',(-430.,-50.106,164.238));
#646 = DIRECTION('',(0.,1.,0.));
#647 = DIRECTION('',(-1.,0.,0.));
#648 = DEFINITIONAL_REPRESENTATION('',(#649),#653);
#649 = LINE('',#650,#651);
#650 = CARTESIAN_POINT('',(0.,0.));
#651 = VECTOR('',#652,1.);
#652 = DIRECTION('',(1.,0.));
#653 = ( GEOMETRIC_REPRESENTATION_CONTEXT(2) 
PARAMETRIC_REPRESENTATION_CONTEXT() REPRESENTATION_CONTEXT('2D SPACE',''
  ) );
#654 = ORIENTED_EDGE('',*,*,#655,.T.);
#655 = EDGE_CURVE('',#628,#656,#658,.T.);
#656 = VERTEX_POINT('',#657);
#657 = CARTESIAN_POINT('',(-530.,50.106,164.238));
#658 = SURFACE_CURVE('',#659,(#663,#670),.PCURVE_S1.);
#659 = LINE('',#660,#661);
#660 = CARTESIAN_POINT('',(-530.,-50.106,164.238));
#661 = VECTOR('',#662,1.);
#662 = DIRECTION('',(0.,1.,0.));
#663 = PCURVE('',#43,#664);
#664 = DEFINITIONAL_REPRESENTATION('',(#665),#669);
#665 = LINE('',#666,#667);
#666 = CARTESIAN_POINT('',(136.31405658069,79.661926724153));
#667 = VECTOR('',#668,1.);
#668 = DIRECTION('',(0.224053408604,0.974576867206));
#669 = ( GEOMETRIC_REPRESENTATION_CONTEXT(2) 
PARAMETRIC_REPRESENTATION_CONTEXT() REPRESENTATION_CONTEXT('2D SPACE',''
  ) );
#670 = PCURVE('',#671,#676);
#671 = PLANE('',#672);
#672 = AXIS2_PLACEMENT_3D('',#673,#674,#675);
#673 = CARTESIAN_POINT('',(-530.,-50.106,164.238));
#674 = DIRECTION('',(1.,-0.,0.));
#675 = DIRECTION('',(0.,1.,0.));
#676 = DEFINITIONAL_REPRESENTATION('',(#677),#681);
#677 = LINE('',#678,#679);
#678 = CARTESIAN_POINT('',(0.,0.));
#679 = VECTOR('',#680,1.);
#680 = DIRECTION('',(1.,0.));
#681 = ( GEOMETRIC_REPRESENTATION_CONTEXT(2) 
PARAMETRIC_REPRESENTATION_CONTEXT() REPRESENTATION_CONTEXT('2D SPACE',''
  ) );
#682 = ORIENTED_EDGE('',*,*,#683,.T.);
#683 = EDGE_CURVE('',#656,#374,#684,.T.);
#684 = SURFACE_CURVE('',#685,(#689,#696),.PCURVE_S1.);
#685 = LINE('',#686,#687);
#686 = CARTESIAN_POINT('',(-530.,50.106,164.238));
#687 = VECTOR('',#688,1.);
#688 = DIRECTION('',(1.,0.,0.));
#689 = PCURVE('',#43,#690);
#690 = DEFINITIONAL_REPRESENTATION('',(#691),#695);
#691 = LINE('',#692,#693);
#692 = CARTESIAN_POINT('',(158.76689676375,177.32622374058));
#693 = VECTOR('',#694,1.);
#694 = DIRECTION('',(0.974576867206,-0.224053408604));
#695 = ( GEOMETRIC_REPRESENTATION_CONTEXT(2) 
PARAMETRIC_REPRESENTATION_CONTEXT() REPRESENTATION_CONTEXT('2D SPACE',''
  ) );
#696 = PCURVE('',#697,#702);
#697 = PLANE('',#698);
#698 = AXIS2_PLACEMENT_3D('',#699,#700,#701);
#699 = CARTESIAN_POINT('',(-530.,50.106,164.238));
#700 = DIRECTION('',(0.,-1.,0.));
#701 = DIRECTION('',(1.,0.,0.));
#702 = DEFINITIONAL_REPRESENTATION('',(#703),#707);
#703 = LINE('',#704,#705);
#704 = CARTESIAN_POINT('',(0.,0.));
#705 = VECTOR('',#706,1.);
#706 = DIRECTION('',(1.,0.));
#707 = ( GEOMETRIC_REPRESENTATION_CONTEXT(2) 
PARAMETRIC_REPRESENTATION_CONTEXT() REPRESENTATION_CONTEXT('2D SPACE',''
  ) );
#708 = FACE_BOUND('',#709,.T.);
#709 = EDGE_LOOP('',(#710));
#710 = ORIENTED_EDGE('',*,*,#711,.F.);
#711 = EDGE_CURVE('',#712,#712,#714,.T.);
#712 = VERTEX_POINT('',#713);
#713 = CARTESIAN_POINT('',(429.988,-84.894,164.238));
#714 = SURFACE_CURVE('',#715,(#720,#727),.PCURVE_S1.);
#715 = CIRCLE('',#716,50.);
#716 = AXIS2_PLACEMENT_3D('',#717,#718,#719);
#717 = CARTESIAN_POINT('',(379.988,-84.894,164.238));
#718 = DIRECTION('',(0.,0.,1.));
#719 = DIRECTION('',(1.,0.,0.));
#720 = PCURVE('',#43,#721);
#721 = DEFINITIONAL_REPRESENTATION('',(#722),#726);
#722 = CIRCLE('',#723,50.);
#723 = AXIS2_PLACEMENT_2D('',#724,#725);
#724 = CARTESIAN_POINT('',(1.015372940837E+03,-158.1275665212));
#725 = DIRECTION('',(0.974576867206,-0.224053408604));
#726 = ( GEOMETRIC_REPRESENTATION_CONTEXT(2) 
PARAMETRIC_REPRESENTATION_CONTEXT() REPRESENTATION_CONTEXT('2D SPACE',''
  ) );
#727 = PCURVE('',#728,#733);
#728 = CYLINDRICAL_SURFACE('',#729,50.);
#729 = AXIS2_PLACEMENT_3D('',#730,#731,#732);
#730 = CARTESIAN_POINT('',(379.988,-84.894,164.238));
#731 = DIRECTION('',(0.,0.,1.));
#732 = DIRECTION('',(1.,0.,0.));
#733 = DEFINITIONAL_REPRESENTATION('',(#734),#738);
#734 = LINE('',#735,#736);
#735 = CARTESIAN_POINT('',(0.,0.));
#736 = VECTOR('',#737,1.);
#737 = DIRECTION('',(1.,0.));
#738 = ( GEOMETRIC_REPRESENTATION_CONTEXT(2) 
PARAMETRIC_REPRESENTATION_CONTEXT() REPRESENTATION_CONTEXT('2D SPACE',''
  ) );
#739 = FACE_BOUND('',#740,.T.);
#740 = EDGE_LOOP('',(#741));
#741 = ORIENTED_EDGE('',*,*,#742,.F.);
#742 = EDGE_CURVE('',#743,#743,#745,.T.);
#743 = VERTEX_POINT('',#744);
#744 = CARTESIAN_POINT('',(329.988,0.106,164.238));
#745 = SURFACE_CURVE('',#746,(#751,#758),.PCURVE_S1.);
#746 = CIRCLE('',#747,50.);
#747 = AXIS2_PLACEMENT_3D('',#748,#749,#750);
#748 = CARTESIAN_POINT('',(279.988,0.106,164.238));
#749 = DIRECTION('',(0.,0.,1.));
#750 = DIRECTION('',(1.,0.,0.));
#751 = PCURVE('',#43,#752);
#752 = DEFINITIONAL_REPRESENTATION('',(#753),#757);
#753 = CIRCLE('',#754,50.);
#754 = AXIS2_PLACEMENT_2D('',#755,#756);
#755 = CARTESIAN_POINT('',(936.95979384787,-52.88319194833));
#756 = DIRECTION('',(0.974576867206,-0.224053408604));
#757 = ( GEOMETRIC_REPRESENTATION_CONTEXT(2) 
PARAMETRIC_REPRESENTATION_CONTEXT() REPRESENTATION_CONTEXT('2D SPACE',''
  ) );
#758 = PCURVE('',#759,#764);
#759 = CYLINDRICAL_SURFACE('',#760,50.);
#760 = AXIS2_PLACEMENT_3D('',#761,#762,#763);
#761 = CARTESIAN_POINT('',(279.988,0.106,164.238));
#762 = DIRECTION('',(0.,0.,1.));
#763 = DIRECTION('',(1.,0.,0.));
#764 = DEFINITIONAL_REPRESENTATION('',(#765),#769);
#765 = LINE('',#766,#767);
#766 = CARTESIAN_POINT('',(0.,0.));
#767 = VECTOR('',#768,1.);
#768 = DIRECTION('',(1.,0.));
#769 = ( GEOMETRIC_REPRESENTATION_CONTEXT(2) 
PARAMETRIC_REPRESENTATION_CONTEXT() REPRESENTATION_CONTEXT('2D SPACE',''
  ) );
#770 = FACE_BOUND('',#771,.T.);
#771 = EDGE_LOOP('',(#772));
#772 = ORIENTED_EDGE('',*,*,#773,.F.);
#773 = EDGE_CURVE('',#774,#774,#776,.T.);
#774 = VERTEX_POINT('',#775);
#775 = CARTESIAN_POINT('',(529.988,0.106,164.238));
#776 = SURFACE_CURVE('',#777,(#782,#789),.PCURVE_S1.);
#777 = CIRCLE('',#778,50.);
#778 = AXIS2_PLACEMENT_3D('',#779,#780,#781);
#779 = CARTESIAN_POINT('',(479.988,0.106,164.238));
#780 = DIRECTION('',(0.,0.,1.));
#781 = DIRECTION('',(1.,0.,0.));
#782 = PCURVE('',#43,#783);
#783 = DEFINITIONAL_REPRESENTATION('',(#784),#788);
#784 = CIRCLE('',#785,50.);
#785 = AXIS2_PLACEMENT_2D('',#786,#787);
#786 = CARTESIAN_POINT('',(1.131875167289E+03,-97.6938736692));
#787 = DIRECTION('',(0.974576867206,-0.224053408604));
#788 = ( GEOMETRIC_REPRESENTATION_CONTEXT(2) 
PARAMETRIC_REPRESENTATION_CONTEXT() REPRESENTATION_CONTEXT('2D SPACE',''
  ) );
#789 = PCURVE('',#790,#795);
#790 = CYLINDRICAL_SURFACE('',#791,50.);
#791 = AXIS2_PLACEMENT_3D('',#792,#793,#794);
#792 = CARTESIAN_POINT('',(479.988,0.106,164.238));
#793 = DIRECTION('',(0.,0.,1.));
#794 = DIRECTION('',(1.,0.,0.));
#795 = DEFINITIONAL_REPRESENTATION('',(#796),#800);
#796 = LINE('',#797,#798);
#797 = CARTESIAN_POINT('',(0.,0.));
#798 = VECTOR('',#799,1.);
#799 = DIRECTION('',(1.,0.));
#800 = ( GEOMETRIC_REPRESENTATION_CONTEXT(2) 
PARAMETRIC_REPRESENTATION_CONTEXT() REPRESENTATION_CONTEXT('2D SPACE',''
  ) );
#801 = FACE_BOUND('',#802,.T.);
#802 = EDGE_LOOP('',(#803));
#803 = ORIENTED_EDGE('',*,*,#804,.F.);
#804 = EDGE_CURVE('',#805,#805,#807,.T.);
#805 = VERTEX_POINT('',#806);
#806 = CARTESIAN_POINT('',(429.988,85.106,164.238));
#807 = SURFACE_CURVE('',#808,(#813,#820),.PCURVE_S1.);
#808 = CIRCLE('',#809,50.);
#809 = AXIS2_PLACEMENT_3D('',#810,#811,#812);
#810 = CARTESIAN_POINT('',(379.988,85.106,164.238));
#811 = DIRECTION('',(0.,0.,1.));
#812 = DIRECTION('',(1.,0.,0.));
#813 = PCURVE('',#43,#814);
#814 = DEFINITIONAL_REPRESENTATION('',(#815),#819);
#815 = CIRCLE('',#816,50.);
#816 = AXIS2_PLACEMENT_2D('',#817,#818);
#817 = CARTESIAN_POINT('',(1.0534620203E+03,7.550500903726));
#818 = DIRECTION('',(0.974576867206,-0.224053408604));
#819 = ( GEOMETRIC_REPRESENTATION_CONTEXT(2) 
PARAMETRIC_REPRESENTATION_CONTEXT() REPRESENTATION_CONTEXT('2D SPACE',''
  ) );
#820 = PCURVE('',#821,#826);
#821 = CYLINDRICAL_SURFACE('',#822,50.);
#822 = AXIS2_PLACEMENT_3D('',#823,#824,#825);
#823 = CARTESIAN_POINT('',(379.988,85.106,164.238));
#824 = DIRECTION('',(0.,0.,1.));
#825 = DIRECTION('',(1.,0.,0.));
#826 = DEFINITIONAL_REPRESENTATION('',(#827),#831);
#827 = LINE('',#828,#829);
#828 = CARTESIAN_POINT('',(0.,0.));
#829 = VECTOR('',#830,1.);
#830 = DIRECTION('',(1.,0.));
#831 = ( GEOMETRIC_REPRESENTATION_CONTEXT(2) 
PARAMETRIC_REPRESENTATION_CONTEXT() REPRESENTATION_CONTEXT('2D SPACE',''
  ) );
#832 = ADVANCED_FACE('',(#833),#70,.T.);
#833 = FACE_BOUND('',#834,.T.);
#834 = EDGE_LOOP('',(#835,#836,#858,#884));
#835 = ORIENTED_EDGE('',*,*,#351,.T.);
#836 = ORIENTED_EDGE('',*,*,#837,.T.);
#837 = EDGE_CURVE('',#325,#838,#840,.T.);
#838 = VERTEX_POINT('',#839);
#839 = CARTESIAN_POINT('',(-570.7107068711,255.,134.238));
#840 = SURFACE_CURVE('',#841,(#844,#851),.PCURVE_S1.);
#841 = B_SPLINE_CURVE_WITH_KNOTS('',1,(#842,#843),.UNSPECIFIED.,.F.,.F.,
  (2,2),(0.,1.),.PIECEWISE_BEZIER_KNOTS.);
#842 = CARTESIAN_POINT('',(-558.2843,225.,164.238));
#843 = CARTESIAN_POINT('',(-570.7107068711,255.,134.238));
#844 = PCURVE('',#70,#845);
#845 = DEFINITIONAL_REPRESENTATION('',(#846),#850);
#846 = LINE('',#847,#848);
#847 = CARTESIAN_POINT('',(135.06092588186,0.));
#848 = VECTOR('',#849,1.);
#849 = DIRECTION('',(0.,1.));
#850 = ( GEOMETRIC_REPRESENTATION_CONTEXT(2) 
PARAMETRIC_REPRESENTATION_CONTEXT() REPRESENTATION_CONTEXT('2D SPACE',''
  ) );
#851 = PCURVE('',#340,#852);
#852 = DEFINITIONAL_REPRESENTATION('',(#853),#857);
#853 = LINE('',#854,#855);
#854 = CARTESIAN_POINT('',(-12.42640687119,0.));
#855 = VECTOR('',#856,1.);
#856 = DIRECTION('',(0.,1.));
#857 = ( GEOMETRIC_REPRESENTATION_CONTEXT(2) 
PARAMETRIC_REPRESENTATION_CONTEXT() REPRESENTATION_CONTEXT('2D SPACE',''
  ) );
#858 = ORIENTED_EDGE('',*,*,#859,.F.);
#859 = EDGE_CURVE('',#56,#838,#860,.T.);
#860 = SURFACE_CURVE('',#861,(#865,#872),.PCURVE_S1.);
#861 = LINE('',#862,#863);
#862 = CARTESIAN_POINT('',(-666.2132034355,159.49750343559,134.238));
#863 = VECTOR('',#864,1.);
#864 = DIRECTION('',(0.707106781187,0.707106781187,0.));
#865 = PCURVE('',#70,#866);
#866 = DEFINITIONAL_REPRESENTATION('',(#867),#871);
#867 = LINE('',#868,#869);
#868 = CARTESIAN_POINT('',(0.,1.));
#869 = VECTOR('',#870,1.);
#870 = DIRECTION('',(1.,0.));
#871 = ( GEOMETRIC_REPRESENTATION_CONTEXT(2) 
PARAMETRIC_REPRESENTATION_CONTEXT() REPRESENTATION_CONTEXT('2D SPACE',''
  ) );
#872 = PCURVE('',#873,#878);
#873 = PLANE('',#874);
#874 = AXIS2_PLACEMENT_3D('',#875,#876,#877);
#875 = CARTESIAN_POINT('',(-675.,150.71070687119,134.238));
#876 = DIRECTION('',(0.707106781187,-0.707106781187,0.));
#877 = DIRECTION('',(0.707106781187,0.707106781187,0.));
#878 = DEFINITIONAL_REPRESENTATION('',(#879),#883);
#879 = LINE('',#880,#881);
#880 = CARTESIAN_POINT('',(12.426406871193,0.));
#881 = VECTOR('',#882,1.);
#882 = DIRECTION('',(1.,0.));
#883 = ( GEOMETRIC_REPRESENTATION_CONTEXT(2) 
PARAMETRIC_REPRESENTATION_CONTEXT() REPRESENTATION_CONTEXT('2D SPACE',''
  ) );
#884 = ORIENTED_EDGE('',*,*,#55,.F.);
#885 = ADVANCED_FACE('',(#886),#98,.F.);
#886 = FACE_BOUND('',#887,.F.);
#887 = EDGE_LOOP('',(#888,#916,#944,#965));
#888 = ORIENTED_EDGE('',*,*,#889,.T.);
#889 = EDGE_CURVE('',#83,#890,#892,.T.);
#890 = VERTEX_POINT('',#891);
#891 = CARTESIAN_POINT('',(-675.,-170.7107068711,36.000003899));
#892 = SURFACE_CURVE('',#893,(#897,#904),.PCURVE_S1.);
#893 = LINE('',#894,#895);
#894 = CARTESIAN_POINT('',(-675.,-170.7107068711,134.238));
#895 = VECTOR('',#896,1.);
#896 = DIRECTION('',(-0.,-0.,-1.));
#897 = PCURVE('',#98,#898);
#898 = DEFINITIONAL_REPRESENTATION('',(#899),#903);
#899 = LINE('',#900,#901);
#900 = CARTESIAN_POINT('',(0.,0.));
#901 = VECTOR('',#902,1.);
#902 = DIRECTION('',(0.,-1.));
#903 = ( GEOMETRIC_REPRESENTATION_CONTEXT(2) 
PARAMETRIC_REPRESENTATION_CONTEXT() REPRESENTATION_CONTEXT('2D SPACE',''
  ) );
#904 = PCURVE('',#905,#910);
#905 = PLANE('',#906);
#906 = AXIS2_PLACEMENT_3D('',#907,#908,#909);
#907 = CARTESIAN_POINT('',(-570.7107068711,-275.,134.238));
#908 = DIRECTION('',(0.707106781187,0.707106781187,-0.));
#909 = DIRECTION('',(-0.707106781187,0.707106781187,0.));
#910 = DEFINITIONAL_REPRESENTATION('',(#911),#915);
#911 = LINE('',#912,#913);
#912 = CARTESIAN_POINT('',(147.48733275306,0.));
#913 = VECTOR('',#914,1.);
#914 = DIRECTION('',(0.,-1.));
#915 = ( GEOMETRIC_REPRESENTATION_CONTEXT(2) 
PARAMETRIC_REPRESENTATION_CONTEXT() REPRESENTATION_CONTEXT('2D SPACE',''
  ) );
#916 = ORIENTED_EDGE('',*,*,#917,.T.);
#917 = EDGE_CURVE('',#890,#918,#920,.T.);
#918 = VERTEX_POINT('',#919);
#919 = CARTESIAN_POINT('',(-675.,150.71070687119,36.000003899));
#920 = SURFACE_CURVE('',#921,(#925,#932),.PCURVE_S1.);
#921 = LINE('',#922,#923);
#922 = CARTESIAN_POINT('',(-675.,-158.2843,36.000003899));
#923 = VECTOR('',#924,1.);
#924 = DIRECTION('',(0.,1.,0.));
#925 = PCURVE('',#98,#926);
#926 = DEFINITIONAL_REPRESENTATION('',(#927),#931);
#927 = LINE('',#928,#929);
#928 = CARTESIAN_POINT('',(12.426406871193,-98.237996101));
#929 = VECTOR('',#930,1.);
#930 = DIRECTION('',(1.,0.));
#931 = ( GEOMETRIC_REPRESENTATION_CONTEXT(2) 
PARAMETRIC_REPRESENTATION_CONTEXT() REPRESENTATION_CONTEXT('2D SPACE',''
  ) );
#932 = PCURVE('',#933,#938);
#933 = PLANE('',#934);
#934 = AXIS2_PLACEMENT_3D('',#935,#936,#937);
#935 = CARTESIAN_POINT('',(-675.,-170.7107068711,36.000003899));
#936 = DIRECTION('',(0.,0.,1.));
#937 = DIRECTION('',(0.972807376842,0.231615646195,-0.));
#938 = DEFINITIONAL_REPRESENTATION('',(#939),#943);
#939 = LINE('',#940,#941);
#940 = CARTESIAN_POINT('',(2.878150257355,12.088500271933));
#941 = VECTOR('',#942,1.);
#942 = DIRECTION('',(0.231615646195,0.972807376842));
#943 = ( GEOMETRIC_REPRESENTATION_CONTEXT(2) 
PARAMETRIC_REPRESENTATION_CONTEXT() REPRESENTATION_CONTEXT('2D SPACE',''
  ) );
#944 = ORIENTED_EDGE('',*,*,#945,.F.);
#945 = EDGE_CURVE('',#56,#918,#946,.T.);
#946 = SURFACE_CURVE('',#947,(#951,#958),.PCURVE_S1.);
#947 = LINE('',#948,#949);
#948 = CARTESIAN_POINT('',(-675.,150.71070687119,134.238));
#949 = VECTOR('',#950,1.);
#950 = DIRECTION('',(-0.,-0.,-1.));
#951 = PCURVE('',#98,#952);
#952 = DEFINITIONAL_REPRESENTATION('',(#953),#957);
#953 = LINE('',#954,#955);
#954 = CARTESIAN_POINT('',(321.42141374238,0.));
#955 = VECTOR('',#956,1.);
#956 = DIRECTION('',(0.,-1.));
#957 = ( GEOMETRIC_REPRESENTATION_CONTEXT(2) 
PARAMETRIC_REPRESENTATION_CONTEXT() REPRESENTATION_CONTEXT('2D SPACE',''
  ) );
#958 = PCURVE('',#873,#959);
#959 = DEFINITIONAL_REPRESENTATION('',(#960),#964);
#960 = LINE('',#961,#962);
#961 = CARTESIAN_POINT('',(2.009718347115E-14,0.));
#962 = VECTOR('',#963,1.);
#963 = DIRECTION('',(0.,-1.));
#964 = ( GEOMETRIC_REPRESENTATION_CONTEXT(2) 
PARAMETRIC_REPRESENTATION_CONTEXT() REPRESENTATION_CONTEXT('2D SPACE',''
  ) );
#965 = ORIENTED_EDGE('',*,*,#82,.F.);
#966 = ADVANCED_FACE('',(#967),#123,.T.);
#967 = FACE_BOUND('',#968,.T.);
#968 = EDGE_LOOP('',(#969,#970,#971,#994));
#969 = ORIENTED_EDGE('',*,*,#139,.T.);
#970 = ORIENTED_EDGE('',*,*,#110,.T.);
#971 = ORIENTED_EDGE('',*,*,#972,.F.);
#972 = EDGE_CURVE('',#973,#83,#975,.T.);
#973 = VERTEX_POINT('',#974);
#974 = CARTESIAN_POINT('',(-570.7107068711,-275.,134.238));
#975 = SURFACE_CURVE('',#976,(#980,#987),.PCURVE_S1.);
#976 = LINE('',#977,#978);
#977 = CARTESIAN_POINT('',(-579.4975034355,-266.2132034355,134.238));
#978 = VECTOR('',#979,1.);
#979 = DIRECTION('',(-0.707106781187,0.707106781187,0.));
#980 = PCURVE('',#123,#981);
#981 = DEFINITIONAL_REPRESENTATION('',(#982),#986);
#982 = LINE('',#983,#984);
#983 = CARTESIAN_POINT('',(0.,1.));
#984 = VECTOR('',#985,1.);
#985 = DIRECTION('',(1.,0.));
#986 = ( GEOMETRIC_REPRESENTATION_CONTEXT(2) 
PARAMETRIC_REPRESENTATION_CONTEXT() REPRESENTATION_CONTEXT('2D SPACE',''
  ) );
#987 = PCURVE('',#905,#988);
#988 = DEFINITIONAL_REPRESENTATION('',(#989),#993);
#989 = LINE('',#990,#991);
#990 = CARTESIAN_POINT('',(12.426406871193,0.));
#991 = VECTOR('',#992,1.);
#992 = DIRECTION('',(1.,0.));
#993 = ( GEOMETRIC_REPRESENTATION_CONTEXT(2) 
PARAMETRIC_REPRESENTATION_CONTEXT() REPRESENTATION_CONTEXT('2D SPACE',''
  ) );
#994 = ORIENTED_EDGE('',*,*,#995,.F.);
#995 = EDGE_CURVE('',#140,#973,#996,.T.);
#996 = SURFACE_CURVE('',#997,(#1000,#1007),.PCURVE_S1.);
#997 = B_SPLINE_CURVE_WITH_KNOTS('',1,(#998,#999),.UNSPECIFIED.,.F.,.F.,
  (2,2),(0.,1.),.PIECEWISE_BEZIER_KNOTS.);
#998 = CARTESIAN_POINT('',(-558.2843,-245.,164.238));
#999 = CARTESIAN_POINT('',(-570.7107068711,-275.,134.238));
#1000 = PCURVE('',#123,#1001);
#1001 = DEFINITIONAL_REPRESENTATION('',(#1002),#1006);
#1002 = LINE('',#1003,#1004);
#1003 = CARTESIAN_POINT('',(-12.42640687119,0.));
#1004 = VECTOR('',#1005,1.);
#1005 = DIRECTION('',(0.,1.));
#1006 = ( GEOMETRIC_REPRESENTATION_CONTEXT(2) 
PARAMETRIC_REPRESENTATION_CONTEXT() REPRESENTATION_CONTEXT('2D SPACE',''
  ) );
#1007 = PCURVE('',#177,#1008);
#1008 = DEFINITIONAL_REPRESENTATION('',(#1009),#1013);
#1009 = LINE('',#1010,#1011);
#1010 = CARTESIAN_POINT('',(1.128995006871E+03,0.));
#1011 = VECTOR('',#1012,1.);
#1012 = DIRECTION('',(0.,1.));
#1013 = ( GEOMETRIC_REPRESENTATION_CONTEXT(2) 
PARAMETRIC_REPRESENTATION_CONTEXT() REPRESENTATION_CONTEXT('2D SPACE',''
  ) );
#1014 = ADVANCED_FACE('',(#1015),#177,.T.);
#1015 = FACE_BOUND('',#1016,.T.);
#1016 = EDGE_LOOP('',(#1017,#1018,#1019,#1047));
#1017 = ORIENTED_EDGE('',*,*,#161,.T.);
#1018 = ORIENTED_EDGE('',*,*,#995,.T.);
#1019 = ORIENTED_EDGE('',*,*,#1020,.F.);
#1020 = EDGE_CURVE('',#1021,#973,#1023,.T.);
#1021 = VERTEX_POINT('',#1022);
#1022 = CARTESIAN_POINT('',(570.71070687119,-275.,134.238));
#1023 = SURFACE_CURVE('',#1024,(#1028,#1035),.PCURVE_S1.);
#1024 = LINE('',#1025,#1026);
#1025 = CARTESIAN_POINT('',(558.2843,-275.,134.238));
#1026 = VECTOR('',#1027,1.);
#1027 = DIRECTION('',(-1.,0.,0.));
#1028 = PCURVE('',#177,#1029);
#1029 = DEFINITIONAL_REPRESENTATION('',(#1030),#1034);
#1030 = LINE('',#1031,#1032);
#1031 = CARTESIAN_POINT('',(0.,1.));
#1032 = VECTOR('',#1033,1.);
#1033 = DIRECTION('',(1.,0.));
#1034 = ( GEOMETRIC_REPRESENTATION_CONTEXT(2) 
PARAMETRIC_REPRESENTATION_CONTEXT() REPRESENTATION_CONTEXT('2D SPACE',''
  ) );
#1035 = PCURVE('',#1036,#1041);
#1036 = PLANE('',#1037);
#1037 = AXIS2_PLACEMENT_3D('',#1038,#1039,#1040);
#1038 = CARTESIAN_POINT('',(570.71070687119,-275.,134.238));
#1039 = DIRECTION('',(0.,1.,-0.));
#1040 = DIRECTION('',(-1.,0.,0.));
#1041 = DEFINITIONAL_REPRESENTATION('',(#1042),#1046);
#1042 = LINE('',#1043,#1044);
#1043 = CARTESIAN_POINT('',(12.426406871193,0.));
#1044 = VECTOR('',#1045,1.);
#1045 = DIRECTION('',(1.,0.));
#1046 = ( GEOMETRIC_REPRESENTATION_CONTEXT(2) 
PARAMETRIC_REPRESENTATION_CONTEXT() REPRESENTATION_CONTEXT('2D SPACE',''
  ) );
#1047 = ORIENTED_EDGE('',*,*,#1048,.F.);
#1048 = EDGE_CURVE('',#162,#1021,#1049,.T.);
#1049 = SURFACE_CURVE('',#1050,(#1053,#1060),.PCURVE_S1.);
#1050 = B_SPLINE_CURVE_WITH_KNOTS('',1,(#1051,#1052),.UNSPECIFIED.,.F.,
  .F.,(2,2),(0.,1.),.PIECEWISE_BEZIER_KNOTS.);
#1051 = CARTESIAN_POINT('',(558.2843,-245.,164.238));
#1052 = CARTESIAN_POINT('',(570.71070687119,-275.,134.238));
#1053 = PCURVE('',#177,#1054);
#1054 = DEFINITIONAL_REPRESENTATION('',(#1055),#1059);
#1055 = LINE('',#1056,#1057);
#1056 = CARTESIAN_POINT('',(-12.42640687119,0.));
#1057 = VECTOR('',#1058,1.);
#1058 = DIRECTION('',(0.,1.));
#1059 = ( GEOMETRIC_REPRESENTATION_CONTEXT(2) 
PARAMETRIC_REPRESENTATION_CONTEXT() REPRESENTATION_CONTEXT('2D SPACE',''
  ) );
#1060 = PCURVE('',#204,#1061);
#1061 = DEFINITIONAL_REPRESENTATION('',(#1062),#1066);
#1062 = LINE('',#1063,#1064);
#1063 = CARTESIAN_POINT('',(135.06092588186,0.));
#1064 = VECTOR('',#1065,1.);
#1065 = DIRECTION('',(0.,1.));
#1066 = ( GEOMETRIC_REPRESENTATION_CONTEXT(2) 
PARAMETRIC_REPRESENTATION_CONTEXT() REPRESENTATION_CONTEXT('2D SPACE',''
  ) );
#1067 = ADVANCED_FACE('',(#1068),#204,.T.);
#1068 = FACE_BOUND('',#1069,.T.);
#1069 = EDGE_LOOP('',(#1070,#1071,#1072,#1100));
#1070 = ORIENTED_EDGE('',*,*,#188,.T.);
#1071 = ORIENTED_EDGE('',*,*,#1048,.T.);
#1072 = ORIENTED_EDGE('',*,*,#1073,.F.);
#1073 = EDGE_CURVE('',#1074,#1021,#1076,.T.);
#1074 = VERTEX_POINT('',#1075);
#1075 = CARTESIAN_POINT('',(675.,-170.7107068711,134.238));
#1076 = SURFACE_CURVE('',#1077,(#1081,#1088),.PCURVE_S1.);
#1077 = LINE('',#1078,#1079);
#1078 = CARTESIAN_POINT('',(666.21320343559,-179.4975034355,134.238));
#1079 = VECTOR('',#1080,1.);
#1080 = DIRECTION('',(-0.707106781187,-0.707106781187,0.));
#1081 = PCURVE('',#204,#1082);
#1082 = DEFINITIONAL_REPRESENTATION('',(#1083),#1087);
#1083 = LINE('',#1084,#1085);
#1084 = CARTESIAN_POINT('',(0.,1.));
#1085 = VECTOR('',#1086,1.);
#1086 = DIRECTION('',(1.,0.));
#1087 = ( GEOMETRIC_REPRESENTATION_CONTEXT(2) 
PARAMETRIC_REPRESENTATION_CONTEXT() REPRESENTATION_CONTEXT('2D SPACE',''
  ) );
#1088 = PCURVE('',#1089,#1094);
#1089 = PLANE('',#1090);
#1090 = AXIS2_PLACEMENT_3D('',#1091,#1092,#1093);
#1091 = CARTESIAN_POINT('',(675.,-170.7107068711,134.238));
#1092 = DIRECTION('',(-0.707106781187,0.707106781187,0.));
#1093 = DIRECTION('',(-0.707106781187,-0.707106781187,0.));
#1094 = DEFINITIONAL_REPRESENTATION('',(#1095),#1099);
#1095 = LINE('',#1096,#1097);
#1096 = CARTESIAN_POINT('',(12.426406871193,0.));
#1097 = VECTOR('',#1098,1.);
#1098 = DIRECTION('',(1.,0.));
#1099 = ( GEOMETRIC_REPRESENTATION_CONTEXT(2) 
PARAMETRIC_REPRESENTATION_CONTEXT() REPRESENTATION_CONTEXT('2D SPACE',''
  ) );
#1100 = ORIENTED_EDGE('',*,*,#1101,.F.);
#1101 = EDGE_CURVE('',#189,#1074,#1102,.T.);
#1102 = SURFACE_CURVE('',#1103,(#1106,#1113),.PCURVE_S1.);
#1103 = B_SPLINE_CURVE_WITH_KNOTS('',1,(#1104,#1105),.UNSPECIFIED.,.F.,
  .F.,(2,2),(0.,1.),.PIECEWISE_BEZIER_KNOTS.);
#1104 = CARTESIAN_POINT('',(645.,-158.2843,164.238));
#1105 = CARTESIAN_POINT('',(675.,-170.7107068711,134.238));
#1106 = PCURVE('',#204,#1107);
#1107 = DEFINITIONAL_REPRESENTATION('',(#1108),#1112);
#1108 = LINE('',#1109,#1110);
#1109 = CARTESIAN_POINT('',(-12.42640687119,0.));
#1110 = VECTOR('',#1111,1.);
#1111 = DIRECTION('',(0.,1.));
#1112 = ( GEOMETRIC_REPRESENTATION_CONTEXT(2) 
PARAMETRIC_REPRESENTATION_CONTEXT() REPRESENTATION_CONTEXT('2D SPACE',''
  ) );
#1113 = PCURVE('',#231,#1114);
#1114 = DEFINITIONAL_REPRESENTATION('',(#1115),#1119);
#1115 = LINE('',#1116,#1117);
#1116 = CARTESIAN_POINT('',(308.99500687119,0.));
#1117 = VECTOR('',#1118,1.);
#1118 = DIRECTION('',(0.,1.));
#1119 = ( GEOMETRIC_REPRESENTATION_CONTEXT(2) 
PARAMETRIC_REPRESENTATION_CONTEXT() REPRESENTATION_CONTEXT('2D SPACE',''
  ) );
#1120 = ADVANCED_FACE('',(#1121),#231,.T.);
#1121 = FACE_BOUND('',#1122,.T.);
#1122 = EDGE_LOOP('',(#1123,#1124,#1125,#1153));
#1123 = ORIENTED_EDGE('',*,*,#215,.T.);
#1124 = ORIENTED_EDGE('',*,*,#1101,.T.);
#1125 = ORIENTED_EDGE('',*,*,#1126,.F.);
#1126 = EDGE_CURVE('',#1127,#1074,#1129,.T.);
#1127 = VERTEX_POINT('',#1128);
#1128 = CARTESIAN_POINT('',(675.,150.71070687119,134.238));
#1129 = SURFACE_CURVE('',#1130,(#1134,#1141),.PCURVE_S1.);
#1130 = LINE('',#1131,#1132);
#1131 = CARTESIAN_POINT('',(675.,138.2843,134.238));
#1132 = VECTOR('',#1133,1.);
#1133 = DIRECTION('',(0.,-1.,0.));
#1134 = PCURVE('',#231,#1135);
#1135 = DEFINITIONAL_REPRESENTATION('',(#1136),#1140);
#1136 = LINE('',#1137,#1138);
#1137 = CARTESIAN_POINT('',(0.,1.));
#1138 = VECTOR('',#1139,1.);
#1139 = DIRECTION('',(1.,0.));
#1140 = ( GEOMETRIC_REPRESENTATION_CONTEXT(2) 
PARAMETRIC_REPRESENTATION_CONTEXT() REPRESENTATION_CONTEXT('2D SPACE',''
  ) );
#1141 = PCURVE('',#1142,#1147);
#1142 = PLANE('',#1143);
#1143 = AXIS2_PLACEMENT_3D('',#1144,#1145,#1146);
#1144 = CARTESIAN_POINT('',(675.,150.71070687119,134.238));
#1145 = DIRECTION('',(-1.,0.,0.));
#1146 = DIRECTION('',(0.,-1.,0.));
#1147 = DEFINITIONAL_REPRESENTATION('',(#1148),#1152);
#1148 = LINE('',#1149,#1150);
#1149 = CARTESIAN_POINT('',(12.426406871193,0.));
#1150 = VECTOR('',#1151,1.);
#1151 = DIRECTION('',(1.,0.));
#1152 = ( GEOMETRIC_REPRESENTATION_CONTEXT(2) 
PARAMETRIC_REPRESENTATION_CONTEXT() REPRESENTATION_CONTEXT('2D SPACE',''
  ) );
#1153 = ORIENTED_EDGE('',*,*,#1154,.F.);
#1154 = EDGE_CURVE('',#216,#1127,#1155,.T.);
#1155 = SURFACE_CURVE('',#1156,(#1159,#1166),.PCURVE_S1.);
#1156 = B_SPLINE_CURVE_WITH_KNOTS('',1,(#1157,#1158),.UNSPECIFIED.,.F.,
  .F.,(2,2),(0.,1.),.PIECEWISE_BEZIER_KNOTS.);
#1157 = CARTESIAN_POINT('',(645.,138.2843,164.238));
#1158 = CARTESIAN_POINT('',(675.,150.71070687119,134.238));
#1159 = PCURVE('',#231,#1160);
#1160 = DEFINITIONAL_REPRESENTATION('',(#1161),#1165);
#1161 = LINE('',#1162,#1163);
#1162 = CARTESIAN_POINT('',(-12.42640687119,0.));
#1163 = VECTOR('',#1164,1.);
#1164 = DIRECTION('',(0.,1.));
#1165 = ( GEOMETRIC_REPRESENTATION_CONTEXT(2) 
PARAMETRIC_REPRESENTATION_CONTEXT() REPRESENTATION_CONTEXT('2D SPACE',''
  ) );
#1166 = PCURVE('',#258,#1167);
#1167 = DEFINITIONAL_REPRESENTATION('',(#1168),#1172);
#1168 = LINE('',#1169,#1170);
#1169 = CARTESIAN_POINT('',(135.06092588186,0.));
#1170 = VECTOR('',#1171,1.);
#1171 = DIRECTION('',(0.,1.));
#1172 = ( GEOMETRIC_REPRESENTATION_CONTEXT(2) 
PARAMETRIC_REPRESENTATION_CONTEXT() REPRESENTATION_CONTEXT('2D SPACE',''
  ) );
#1173 = ADVANCED_FACE('',(#1174),#258,.T.);
#1174 = FACE_BOUND('',#1175,.T.);
#1175 = EDGE_LOOP('',(#1176,#1177,#1178,#1206));
#1176 = ORIENTED_EDGE('',*,*,#242,.T.);
#1177 = ORIENTED_EDGE('',*,*,#1154,.T.);
#1178 = ORIENTED_EDGE('',*,*,#1179,.F.);
#1179 = EDGE_CURVE('',#1180,#1127,#1182,.T.);
#1180 = VERTEX_POINT('',#1181);
#1181 = CARTESIAN_POINT('',(570.71070687119,255.,134.238));
#1182 = SURFACE_CURVE('',#1183,(#1187,#1194),.PCURVE_S1.);
#1183 = LINE('',#1184,#1185);
#1184 = CARTESIAN_POINT('',(579.49750343559,246.21320343559,134.238));
#1185 = VECTOR('',#1186,1.);
#1186 = DIRECTION('',(0.707106781187,-0.707106781187,-0.));
#1187 = PCURVE('',#258,#1188);
#1188 = DEFINITIONAL_REPRESENTATION('',(#1189),#1193);
#1189 = LINE('',#1190,#1191);
#1190 = CARTESIAN_POINT('',(0.,1.));
#1191 = VECTOR('',#1192,1.);
#1192 = DIRECTION('',(1.,0.));
#1193 = ( GEOMETRIC_REPRESENTATION_CONTEXT(2) 
PARAMETRIC_REPRESENTATION_CONTEXT() REPRESENTATION_CONTEXT('2D SPACE',''
  ) );
#1194 = PCURVE('',#1195,#1200);
#1195 = PLANE('',#1196);
#1196 = AXIS2_PLACEMENT_3D('',#1197,#1198,#1199);
#1197 = CARTESIAN_POINT('',(570.71070687119,255.,134.238));
#1198 = DIRECTION('',(-0.707106781187,-0.707106781187,0.));
#1199 = DIRECTION('',(0.707106781187,-0.707106781187,-0.));
#1200 = DEFINITIONAL_REPRESENTATION('',(#1201),#1205);
#1201 = LINE('',#1202,#1203);
#1202 = CARTESIAN_POINT('',(12.426406871193,0.));
#1203 = VECTOR('',#1204,1.);
#1204 = DIRECTION('',(1.,0.));
#1205 = ( GEOMETRIC_REPRESENTATION_CONTEXT(2) 
PARAMETRIC_REPRESENTATION_CONTEXT() REPRESENTATION_CONTEXT('2D SPACE',''
  ) );
#1206 = ORIENTED_EDGE('',*,*,#1207,.F.);
#1207 = EDGE_CURVE('',#243,#1180,#1208,.T.);
#1208 = SURFACE_CURVE('',#1209,(#1212,#1219),.PCURVE_S1.);
#1209 = B_SPLINE_CURVE_WITH_KNOTS('',1,(#1210,#1211),.UNSPECIFIED.,.F.,
  .F.,(2,2),(0.,1.),.PIECEWISE_BEZIER_KNOTS.);
#1210 = CARTESIAN_POINT('',(558.2843,225.,164.238));
#1211 = CARTESIAN_POINT('',(570.71070687119,255.,134.238));
#1212 = PCURVE('',#258,#1213);
#1213 = DEFINITIONAL_REPRESENTATION('',(#1214),#1218);
#1214 = LINE('',#1215,#1216);
#1215 = CARTESIAN_POINT('',(-12.42640687119,0.));
#1216 = VECTOR('',#1217,1.);
#1217 = DIRECTION('',(0.,1.));
#1218 = ( GEOMETRIC_REPRESENTATION_CONTEXT(2) 
PARAMETRIC_REPRESENTATION_CONTEXT() REPRESENTATION_CONTEXT('2D SPACE',''
  ) );
#1219 = PCURVE('',#285,#1220);
#1220 = DEFINITIONAL_REPRESENTATION('',(#1221),#1225);
#1221 = LINE('',#1222,#1223);
#1222 = CARTESIAN_POINT('',(1.128995006871E+03,0.));
#1223 = VECTOR('',#1224,1.);
#1224 = DIRECTION('',(0.,1.));
#1225 = ( GEOMETRIC_REPRESENTATION_CONTEXT(2) 
PARAMETRIC_REPRESENTATION_CONTEXT() REPRESENTATION_CONTEXT('2D SPACE',''
  ) );
#1226 = ADVANCED_FACE('',(#1227),#285,.T.);
#1227 = FACE_BOUND('',#1228,.T.);
#1228 = EDGE_LOOP('',(#1229,#1290,#1291,#1292));
#1229 = ORIENTED_EDGE('',*,*,#1230,.F.);
#1230 = EDGE_CURVE('',#270,#1231,#1233,.T.);
#1231 = VERTEX_POINT('',#1232);
#1232 = CARTESIAN_POINT('',(185.194,255.,134.238));
#1233 = SURFACE_CURVE('',#1234,(#1249,#1267),.PCURVE_S1.);
#1234 = B_SPLINE_CURVE_WITH_KNOTS('',4,(#1235,#1236,#1237,#1238,#1239,
    #1240,#1241,#1242,#1243,#1244,#1245,#1246,#1247,#1248),
  .UNSPECIFIED.,.F.,.F.,(5,3,3,3,5),(0.,0.250044185396,0.500061904159,
    0.750053873288,1.),.UNSPECIFIED.);
#1235 = CARTESIAN_POINT('',(185.194,225.,164.238));
#1236 = CARTESIAN_POINT('',(185.194,226.87493844433,162.36306155566));
#1237 = CARTESIAN_POINT('',(185.194,228.74994479219,160.48805520781));
#1238 = CARTESIAN_POINT('',(185.194,230.62501811384,158.61298188615));
#1239 = CARTESIAN_POINT('',(185.194,234.37509842515,154.86290157484));
#1240 = CARTESIAN_POINT('',(185.194,236.25010540078,152.98789459921));
#1241 = CARTESIAN_POINT('',(185.194,238.1251775363,151.11282246369));
#1242 = CARTESIAN_POINT('',(185.194,241.87525726208,147.36274273791));
#1243 = CARTESIAN_POINT('',(185.194,243.75026483904,145.48773516095));
#1244 = CARTESIAN_POINT('',(185.194,245.62533582043,143.61266417956));
#1245 = CARTESIAN_POINT('',(185.194,249.37525905147,139.86274094852));
#1246 = CARTESIAN_POINT('',(185.194,251.25011127815,137.98788872184));
#1247 = CARTESIAN_POINT('',(185.194,253.12502519982,136.11297480017));
#1248 = CARTESIAN_POINT('',(185.194,255.,134.238));
#1249 = PCURVE('',#285,#1250);
#1250 = DEFINITIONAL_REPRESENTATION('',(#1251),#1266);
#1251 = B_SPLINE_CURVE_WITH_KNOTS('',4,(#1252,#1253,#1254,#1255,#1256,
    #1257,#1258,#1259,#1260,#1261,#1262,#1263,#1264,#1265),
  .UNSPECIFIED.,.F.,.F.,(5,3,3,3,5),(0.,0.250044185396,0.500061904159,
    0.750053873288,1.),.UNSPECIFIED.);
#1252 = CARTESIAN_POINT('',(747.60038617384,0.));
#1253 = CARTESIAN_POINT('',(747.337030044,6.249794814446E-02));
#1254 = CARTESIAN_POINT('',(747.07464131669,0.12499815974));
#1255 = CARTESIAN_POINT('',(746.81321212807,0.187500603795));
#1256 = CARTESIAN_POINT('',(746.29228499956,0.312503280839));
#1257 = CARTESIAN_POINT('',(746.03278685805,0.375003513359));
#1258 = CARTESIAN_POINT('',(745.77423265642,0.437505917877));
#1259 = CARTESIAN_POINT('',(745.25902359035,0.562508575403));
#1260 = CARTESIAN_POINT('',(745.00236853289,0.625008827968));
#1261 = CARTESIAN_POINT('',(744.74664214966,0.687511194014));
#1262 = CARTESIAN_POINT('',(744.23707869796,0.812508635049));
#1263 = CARTESIAN_POINT('',(743.98324129152,0.875003709272));
#1264 = CARTESIAN_POINT('',(743.73031746668,0.937500839994));
#1265 = CARTESIAN_POINT('',(743.4783,1.));
#1266 = ( GEOMETRIC_REPRESENTATION_CONTEXT(2) 
PARAMETRIC_REPRESENTATION_CONTEXT() REPRESENTATION_CONTEXT('2D SPACE',''
  ) );
#1267 = PCURVE('',#1268,#1273);
#1268 = PLANE('',#1269);
#1269 = AXIS2_PLACEMENT_3D('',#1270,#1271,#1272);
#1270 = CARTESIAN_POINT('',(185.194,255.,36.));
#1271 = DIRECTION('',(-1.,0.,0.));
#1272 = DIRECTION('',(0.,0.,1.));
#1273 = DEFINITIONAL_REPRESENTATION('',(#1274),#1289);
#1274 = B_SPLINE_CURVE_WITH_KNOTS('',4,(#1275,#1276,#1277,#1278,#1279,
    #1280,#1281,#1282,#1283,#1284,#1285,#1286,#1287,#1288),
  .UNSPECIFIED.,.F.,.F.,(5,3,3,3,5),(0.,0.250044185396,0.500061904159,
    0.750053873288,1.),.UNSPECIFIED.);
#1275 = CARTESIAN_POINT('',(128.238,-30.));
#1276 = CARTESIAN_POINT('',(126.36306155566,-28.12506155566));
#1277 = CARTESIAN_POINT('',(124.48805520781,-26.25005520781));
#1278 = CARTESIAN_POINT('',(122.61298188615,-24.37498188615));
#1279 = CARTESIAN_POINT('',(118.86290157484,-20.62490157484));
#1280 = CARTESIAN_POINT('',(116.98789459921,-18.74989459921));
#1281 = CARTESIAN_POINT('',(115.11282246369,-16.87482246369));
#1282 = CARTESIAN_POINT('',(111.36274273791,-13.12474273791));
#1283 = CARTESIAN_POINT('',(109.48773516095,-11.24973516095));
#1284 = CARTESIAN_POINT('',(107.61266417956,-9.374664179568));
#1285 = CARTESIAN_POINT('',(103.86274094852,-5.624740948521));
#1286 = CARTESIAN_POINT('',(101.98788872184,-3.749888721845));
#1287 = CARTESIAN_POINT('',(100.11297480017,-1.874974800175));
#1288 = CARTESIAN_POINT('',(98.238,0.));
#1289 = ( GEOMETRIC_REPRESENTATION_CONTEXT(2) 
PARAMETRIC_REPRESENTATION_CONTEXT() REPRESENTATION_CONTEXT('2D SPACE',''
  ) );
#1290 = ORIENTED_EDGE('',*,*,#269,.T.);
#1291 = ORIENTED_EDGE('',*,*,#1207,.T.);
#1292 = ORIENTED_EDGE('',*,*,#1293,.F.);
#1293 = EDGE_CURVE('',#1231,#1180,#1294,.T.);
#1294 = SURFACE_CURVE('',#1295,(#1299,#1306),.PCURVE_S1.);
#1295 = LINE('',#1296,#1297);
#1296 = CARTESIAN_POINT('',(-558.2843,255.,134.238));
#1297 = VECTOR('',#1298,1.);
#1298 = DIRECTION('',(1.,0.,0.));
#1299 = PCURVE('',#285,#1300);
#1300 = DEFINITIONAL_REPRESENTATION('',(#1301),#1305);
#1301 = LINE('',#1302,#1303);
#1302 = CARTESIAN_POINT('',(0.,1.));
#1303 = VECTOR('',#1304,1.);
#1304 = DIRECTION('',(1.,0.));
#1305 = ( GEOMETRIC_REPRESENTATION_CONTEXT(2) 
PARAMETRIC_REPRESENTATION_CONTEXT() REPRESENTATION_CONTEXT('2D SPACE',''
  ) );
#1306 = PCURVE('',#1307,#1312);
#1307 = PLANE('',#1308);
#1308 = AXIS2_PLACEMENT_3D('',#1309,#1310,#1311);
#1309 = CARTESIAN_POINT('',(-570.7107068711,255.,134.238));
#1310 = DIRECTION('',(0.,-1.,0.));
#1311 = DIRECTION('',(1.,0.,0.));
#1312 = DEFINITIONAL_REPRESENTATION('',(#1313),#1317);
#1313 = LINE('',#1314,#1315);
#1314 = CARTESIAN_POINT('',(12.426406871193,0.));
#1315 = VECTOR('',#1316,1.);
#1316 = DIRECTION('',(1.,0.));
#1317 = ( GEOMETRIC_REPRESENTATION_CONTEXT(2) 
PARAMETRIC_REPRESENTATION_CONTEXT() REPRESENTATION_CONTEXT('2D SPACE',''
  ) );
#1318 = ADVANCED_FACE('',(#1319),#312,.F.);
#1319 = FACE_BOUND('',#1320,.F.);
#1320 = EDGE_LOOP('',(#1321,#1344,#1345,#1373,#1400,#1428,#1456,#1484,
    #1511,#1539,#1562,#1590));
#1321 = ORIENTED_EDGE('',*,*,#1322,.T.);
#1322 = EDGE_CURVE('',#1323,#270,#1325,.T.);
#1323 = VERTEX_POINT('',#1324);
#1324 = CARTESIAN_POINT('',(185.194,225.,134.238));
#1325 = SURFACE_CURVE('',#1326,(#1330,#1337),.PCURVE_S1.);
#1326 = LINE('',#1327,#1328);
#1327 = CARTESIAN_POINT('',(185.194,225.,36.));
#1328 = VECTOR('',#1329,1.);
#1329 = DIRECTION('',(0.,0.,1.));
#1330 = PCURVE('',#312,#1331);
#1331 = DEFINITIONAL_REPRESENTATION('',(#1332),#1336);
#1332 = LINE('',#1333,#1334);
#1333 = CARTESIAN_POINT('',(185.194,-64.119));
#1334 = VECTOR('',#1335,1.);
#1335 = DIRECTION('',(0.,1.));
#1336 = ( GEOMETRIC_REPRESENTATION_CONTEXT(2) 
PARAMETRIC_REPRESENTATION_CONTEXT() REPRESENTATION_CONTEXT('2D SPACE',''
  ) );
#1337 = PCURVE('',#1268,#1338);
#1338 = DEFINITIONAL_REPRESENTATION('',(#1339),#1343);
#1339 = LINE('',#1340,#1341);
#1340 = CARTESIAN_POINT('',(0.,-30.));
#1341 = VECTOR('',#1342,1.);
#1342 = DIRECTION('',(1.,0.));
#1343 = ( GEOMETRIC_REPRESENTATION_CONTEXT(2) 
PARAMETRIC_REPRESENTATION_CONTEXT() REPRESENTATION_CONTEXT('2D SPACE',''
  ) );
#1344 = ORIENTED_EDGE('',*,*,#296,.T.);
#1345 = ORIENTED_EDGE('',*,*,#1346,.T.);
#1346 = EDGE_CURVE('',#297,#1347,#1349,.T.);
#1347 = VERTEX_POINT('',#1348);
#1348 = CARTESIAN_POINT('',(-185.194,225.,134.238));
#1349 = SURFACE_CURVE('',#1350,(#1354,#1361),.PCURVE_S1.);
#1350 = LINE('',#1351,#1352);
#1351 = CARTESIAN_POINT('',(-185.194,225.,164.238));
#1352 = VECTOR('',#1353,1.);
#1353 = DIRECTION('',(0.,0.,-1.));
#1354 = PCURVE('',#312,#1355);
#1355 = DEFINITIONAL_REPRESENTATION('',(#1356),#1360);
#1356 = LINE('',#1357,#1358);
#1357 = CARTESIAN_POINT('',(-185.194,64.119));
#1358 = VECTOR('',#1359,1.);
#1359 = DIRECTION('',(0.,-1.));
#1360 = ( GEOMETRIC_REPRESENTATION_CONTEXT(2) 
PARAMETRIC_REPRESENTATION_CONTEXT() REPRESENTATION_CONTEXT('2D SPACE',''
  ) );
#1361 = PCURVE('',#1362,#1367);
#1362 = PLANE('',#1363);
#1363 = AXIS2_PLACEMENT_3D('',#1364,#1365,#1366);
#1364 = CARTESIAN_POINT('',(-185.194,255.,164.238));
#1365 = DIRECTION('',(1.,0.,0.));
#1366 = DIRECTION('',(0.,0.,-1.));
#1367 = DEFINITIONAL_REPRESENTATION('',(#1368),#1372);
#1368 = LINE('',#1369,#1370);
#1369 = CARTESIAN_POINT('',(0.,-30.));
#1370 = VECTOR('',#1371,1.);
#1371 = DIRECTION('',(1.,0.));
#1372 = ( GEOMETRIC_REPRESENTATION_CONTEXT(2) 
PARAMETRIC_REPRESENTATION_CONTEXT() REPRESENTATION_CONTEXT('2D SPACE',''
  ) );
#1373 = ORIENTED_EDGE('',*,*,#1374,.F.);
#1374 = EDGE_CURVE('',#1375,#1347,#1377,.T.);
#1375 = VERTEX_POINT('',#1376);
#1376 = CARTESIAN_POINT('',(-176.194,225.,134.238));
#1377 = SURFACE_CURVE('',#1378,(#1382,#1389),.PCURVE_S1.);
#1378 = LINE('',#1379,#1380);
#1379 = CARTESIAN_POINT('',(2.920831573154E-15,225.,134.238));
#1380 = VECTOR('',#1381,1.);
#1381 = DIRECTION('',(-1.,0.,0.));
#1382 = PCURVE('',#312,#1383);
#1383 = DEFINITIONAL_REPRESENTATION('',(#1384),#1388);
#1384 = LINE('',#1385,#1386);
#1385 = CARTESIAN_POINT('',(-7.271719476132E-16,34.119));
#1386 = VECTOR('',#1387,1.);
#1387 = DIRECTION('',(-1.,0.));
#1388 = ( GEOMETRIC_REPRESENTATION_CONTEXT(2) 
PARAMETRIC_REPRESENTATION_CONTEXT() REPRESENTATION_CONTEXT('2D SPACE',''
  ) );
#1389 = PCURVE('',#1390,#1395);
#1390 = PLANE('',#1391);
#1391 = AXIS2_PLACEMENT_3D('',#1392,#1393,#1394);
#1392 = CARTESIAN_POINT('',(2.19365962554E-15,-10.,134.238));
#1393 = DIRECTION('',(-0.,0.,-1.));
#1394 = DIRECTION('',(-1.,0.,0.));
#1395 = DEFINITIONAL_REPRESENTATION('',(#1396),#1399);
#1396 = B_SPLINE_CURVE_WITH_KNOTS('',1,(#1397,#1398),.UNSPECIFIED.,.F.,
  .F.,(2,2),(-185.194,185.194),.PIECEWISE_BEZIER_KNOTS.);
#1397 = CARTESIAN_POINT('',(-185.194,235.));
#1398 = CARTESIAN_POINT('',(185.194,235.));
#1399 = ( GEOMETRIC_REPRESENTATION_CONTEXT(2) 
PARAMETRIC_REPRESENTATION_CONTEXT() REPRESENTATION_CONTEXT('2D SPACE',''
  ) );
#1400 = ORIENTED_EDGE('',*,*,#1401,.T.);
#1401 = EDGE_CURVE('',#1375,#1402,#1404,.T.);
#1402 = VERTEX_POINT('',#1403);
#1403 = CARTESIAN_POINT('',(-176.194,225.,16.000003899));
#1404 = SURFACE_CURVE('',#1405,(#1409,#1416),.PCURVE_S1.);
#1405 = LINE('',#1406,#1407);
#1406 = CARTESIAN_POINT('',(-176.194,225.,134.238));
#1407 = VECTOR('',#1408,1.);
#1408 = DIRECTION('',(0.,0.,-1.));
#1409 = PCURVE('',#312,#1410);
#1410 = DEFINITIONAL_REPRESENTATION('',(#1411),#1415);
#1411 = LINE('',#1412,#1413);
#1412 = CARTESIAN_POINT('',(-176.194,34.119));
#1413 = VECTOR('',#1414,1.);
#1414 = DIRECTION('',(0.,-1.));
#1415 = ( GEOMETRIC_REPRESENTATION_CONTEXT(2) 
PARAMETRIC_REPRESENTATION_CONTEXT() REPRESENTATION_CONTEXT('2D SPACE',''
  ) );
#1416 = PCURVE('',#1417,#1422);
#1417 = PLANE('',#1418);
#1418 = AXIS2_PLACEMENT_3D('',#1419,#1420,#1421);
#1419 = CARTESIAN_POINT('',(-176.194,15.4704,134.238));
#1420 = DIRECTION('',(1.,-0.,0.));
#1421 = DIRECTION('',(0.,1.,0.));
#1422 = DEFINITIONAL_REPRESENTATION('',(#1423),#1427);
#1423 = LINE('',#1424,#1425);
#1424 = CARTESIAN_POINT('',(209.5296,0.));
#1425 = VECTOR('',#1426,1.);
#1426 = DIRECTION('',(0.,-1.));
#1427 = ( GEOMETRIC_REPRESENTATION_CONTEXT(2) 
PARAMETRIC_REPRESENTATION_CONTEXT() REPRESENTATION_CONTEXT('2D SPACE',''
  ) );
#1428 = ORIENTED_EDGE('',*,*,#1429,.T.);
#1429 = EDGE_CURVE('',#1402,#1430,#1432,.T.);
#1430 = VERTEX_POINT('',#1431);
#1431 = CARTESIAN_POINT('',(-156.194,225.,16.000003899));
#1432 = SURFACE_CURVE('',#1433,(#1437,#1444),.PCURVE_S1.);
#1433 = LINE('',#1434,#1435);
#1434 = CARTESIAN_POINT('',(-176.194,225.,16.000003899));
#1435 = VECTOR('',#1436,1.);
#1436 = DIRECTION('',(1.,0.,0.));
#1437 = PCURVE('',#312,#1438);
#1438 = DEFINITIONAL_REPRESENTATION('',(#1439),#1443);
#1439 = LINE('',#1440,#1441);
#1440 = CARTESIAN_POINT('',(-176.194,-84.118996101));
#1441 = VECTOR('',#1442,1.);
#1442 = DIRECTION('',(1.,0.));
#1443 = ( GEOMETRIC_REPRESENTATION_CONTEXT(2) 
PARAMETRIC_REPRESENTATION_CONTEXT() REPRESENTATION_CONTEXT('2D SPACE',''
  ) );
#1444 = PCURVE('',#1445,#1450);
#1445 = PLANE('',#1446);
#1446 = AXIS2_PLACEMENT_3D('',#1447,#1448,#1449);
#1447 = CARTESIAN_POINT('',(-3.328391442374E-15,83.362229627098,
    16.000003899));
#1448 = DIRECTION('',(-0.,-0.,-1.));
#1449 = DIRECTION('',(-1.,0.,0.));
#1450 = DEFINITIONAL_REPRESENTATION('',(#1451),#1455);
#1451 = LINE('',#1452,#1453);
#1452 = CARTESIAN_POINT('',(176.194,141.6377703729));
#1453 = VECTOR('',#1454,1.);
#1454 = DIRECTION('',(-1.,0.));
#1455 = ( GEOMETRIC_REPRESENTATION_CONTEXT(2) 
PARAMETRIC_REPRESENTATION_CONTEXT() REPRESENTATION_CONTEXT('2D SPACE',''
  ) );
#1456 = ORIENTED_EDGE('',*,*,#1457,.F.);
#1457 = EDGE_CURVE('',#1458,#1430,#1460,.T.);
#1458 = VERTEX_POINT('',#1459);
#1459 = CARTESIAN_POINT('',(-156.194,225.,134.238));
#1460 = SURFACE_CURVE('',#1461,(#1465,#1472),.PCURVE_S1.);
#1461 = LINE('',#1462,#1463);
#1462 = CARTESIAN_POINT('',(-156.194,225.,134.238));
#1463 = VECTOR('',#1464,1.);
#1464 = DIRECTION('',(0.,0.,-1.));
#1465 = PCURVE('',#312,#1466);
#1466 = DEFINITIONAL_REPRESENTATION('',(#1467),#1471);
#1467 = LINE('',#1468,#1469);
#1468 = CARTESIAN_POINT('',(-156.194,34.119));
#1469 = VECTOR('',#1470,1.);
#1470 = DIRECTION('',(0.,-1.));
#1471 = ( GEOMETRIC_REPRESENTATION_CONTEXT(2) 
PARAMETRIC_REPRESENTATION_CONTEXT() REPRESENTATION_CONTEXT('2D SPACE',''
  ) );
#1472 = PCURVE('',#1473,#1478);
#1473 = PLANE('',#1474);
#1474 = AXIS2_PLACEMENT_3D('',#1475,#1476,#1477);
#1475 = CARTESIAN_POINT('',(-156.194,225.,134.238));
#1476 = DIRECTION('',(-1.,-0.,-0.));
#1477 = DIRECTION('',(0.,-1.,0.));
#1478 = DEFINITIONAL_REPRESENTATION('',(#1479),#1483);
#1479 = LINE('',#1480,#1481);
#1480 = CARTESIAN_POINT('',(0.,0.));
#1481 = VECTOR('',#1482,1.);
#1482 = DIRECTION('',(0.,-1.));
#1483 = ( GEOMETRIC_REPRESENTATION_CONTEXT(2) 
PARAMETRIC_REPRESENTATION_CONTEXT() REPRESENTATION_CONTEXT('2D SPACE',''
  ) );
#1484 = ORIENTED_EDGE('',*,*,#1485,.F.);
#1485 = EDGE_CURVE('',#1486,#1458,#1488,.T.);
#1486 = VERTEX_POINT('',#1487);
#1487 = CARTESIAN_POINT('',(156.194,225.,134.238));
#1488 = SURFACE_CURVE('',#1489,(#1493,#1500),.PCURVE_S1.);
#1489 = LINE('',#1490,#1491);
#1490 = CARTESIAN_POINT('',(2.920831573154E-15,225.,134.238));
#1491 = VECTOR('',#1492,1.);
#1492 = DIRECTION('',(-1.,0.,0.));
#1493 = PCURVE('',#312,#1494);
#1494 = DEFINITIONAL_REPRESENTATION('',(#1495),#1499);
#1495 = LINE('',#1496,#1497);
#1496 = CARTESIAN_POINT('',(-7.271719476132E-16,34.119));
#1497 = VECTOR('',#1498,1.);
#1498 = DIRECTION('',(-1.,0.));
#1499 = ( GEOMETRIC_REPRESENTATION_CONTEXT(2) 
PARAMETRIC_REPRESENTATION_CONTEXT() REPRESENTATION_CONTEXT('2D SPACE',''
  ) );
#1500 = PCURVE('',#1501,#1506);
#1501 = PLANE('',#1502);
#1502 = AXIS2_PLACEMENT_3D('',#1503,#1504,#1505);
#1503 = CARTESIAN_POINT('',(2.19365962554E-15,-10.,134.238));
#1504 = DIRECTION('',(-0.,0.,-1.));
#1505 = DIRECTION('',(-1.,0.,0.));
#1506 = DEFINITIONAL_REPRESENTATION('',(#1507),#1510);
#1507 = B_SPLINE_CURVE_WITH_KNOTS('',1,(#1508,#1509),.UNSPECIFIED.,.F.,
  .F.,(2,2),(-185.194,185.194),.PIECEWISE_BEZIER_KNOTS.);
#1508 = CARTESIAN_POINT('',(-185.194,235.));
#1509 = CARTESIAN_POINT('',(185.194,235.));
#1510 = ( GEOMETRIC_REPRESENTATION_CONTEXT(2) 
PARAMETRIC_REPRESENTATION_CONTEXT() REPRESENTATION_CONTEXT('2D SPACE',''
  ) );
#1511 = ORIENTED_EDGE('',*,*,#1512,.T.);
#1512 = EDGE_CURVE('',#1486,#1513,#1515,.T.);
#1513 = VERTEX_POINT('',#1514);
#1514 = CARTESIAN_POINT('',(156.194,225.,16.000003899));
#1515 = SURFACE_CURVE('',#1516,(#1520,#1527),.PCURVE_S1.);
#1516 = LINE('',#1517,#1518);
#1517 = CARTESIAN_POINT('',(156.194,225.,134.238));
#1518 = VECTOR('',#1519,1.);
#1519 = DIRECTION('',(0.,0.,-1.));
#1520 = PCURVE('',#312,#1521);
#1521 = DEFINITIONAL_REPRESENTATION('',(#1522),#1526);
#1522 = LINE('',#1523,#1524);
#1523 = CARTESIAN_POINT('',(156.194,34.119));
#1524 = VECTOR('',#1525,1.);
#1525 = DIRECTION('',(0.,-1.));
#1526 = ( GEOMETRIC_REPRESENTATION_CONTEXT(2) 
PARAMETRIC_REPRESENTATION_CONTEXT() REPRESENTATION_CONTEXT('2D SPACE',''
  ) );
#1527 = PCURVE('',#1528,#1533);
#1528 = PLANE('',#1529);
#1529 = AXIS2_PLACEMENT_3D('',#1530,#1531,#1532);
#1530 = CARTESIAN_POINT('',(156.194,35.4704,134.238));
#1531 = DIRECTION('',(1.,-0.,0.));
#1532 = DIRECTION('',(0.,1.,0.));
#1533 = DEFINITIONAL_REPRESENTATION('',(#1534),#1538);
#1534 = LINE('',#1535,#1536);
#1535 = CARTESIAN_POINT('',(189.5296,0.));
#1536 = VECTOR('',#1537,1.);
#1537 = DIRECTION('',(0.,-1.));
#1538 = ( GEOMETRIC_REPRESENTATION_CONTEXT(2) 
PARAMETRIC_REPRESENTATION_CONTEXT() REPRESENTATION_CONTEXT('2D SPACE',''
  ) );
#1539 = ORIENTED_EDGE('',*,*,#1540,.T.);
#1540 = EDGE_CURVE('',#1513,#1541,#1543,.T.);
#1541 = VERTEX_POINT('',#1542);
#1542 = CARTESIAN_POINT('',(176.194,225.,16.000003899));
#1543 = SURFACE_CURVE('',#1544,(#1548,#1555),.PCURVE_S1.);
#1544 = LINE('',#1545,#1546);
#1545 = CARTESIAN_POINT('',(156.194,225.,16.000003899));
#1546 = VECTOR('',#1547,1.);
#1547 = DIRECTION('',(1.,0.,0.));
#1548 = PCURVE('',#312,#1549);
#1549 = DEFINITIONAL_REPRESENTATION('',(#1550),#1554);
#1550 = LINE('',#1551,#1552);
#1551 = CARTESIAN_POINT('',(156.194,-84.118996101));
#1552 = VECTOR('',#1553,1.);
#1553 = DIRECTION('',(1.,0.));
#1554 = ( GEOMETRIC_REPRESENTATION_CONTEXT(2) 
PARAMETRIC_REPRESENTATION_CONTEXT() REPRESENTATION_CONTEXT('2D SPACE',''
  ) );
#1555 = PCURVE('',#1445,#1556);
#1556 = DEFINITIONAL_REPRESENTATION('',(#1557),#1561);
#1557 = LINE('',#1558,#1559);
#1558 = CARTESIAN_POINT('',(-156.194,141.6377703729));
#1559 = VECTOR('',#1560,1.);
#1560 = DIRECTION('',(-1.,0.));
#1561 = ( GEOMETRIC_REPRESENTATION_CONTEXT(2) 
PARAMETRIC_REPRESENTATION_CONTEXT() REPRESENTATION_CONTEXT('2D SPACE',''
  ) );
#1562 = ORIENTED_EDGE('',*,*,#1563,.F.);
#1563 = EDGE_CURVE('',#1564,#1541,#1566,.T.);
#1564 = VERTEX_POINT('',#1565);
#1565 = CARTESIAN_POINT('',(176.194,225.,134.238));
#1566 = SURFACE_CURVE('',#1567,(#1571,#1578),.PCURVE_S1.);
#1567 = LINE('',#1568,#1569);
#1568 = CARTESIAN_POINT('',(176.194,225.,134.238));
#1569 = VECTOR('',#1570,1.);
#1570 = DIRECTION('',(0.,0.,-1.));
#1571 = PCURVE('',#312,#1572);
#1572 = DEFINITIONAL_REPRESENTATION('',(#1573),#1577);
#1573 = LINE('',#1574,#1575);
#1574 = CARTESIAN_POINT('',(176.194,34.119));
#1575 = VECTOR('',#1576,1.);
#1576 = DIRECTION('',(0.,-1.));
#1577 = ( GEOMETRIC_REPRESENTATION_CONTEXT(2) 
PARAMETRIC_REPRESENTATION_CONTEXT() REPRESENTATION_CONTEXT('2D SPACE',''
  ) );
#1578 = PCURVE('',#1579,#1584);
#1579 = PLANE('',#1580);
#1580 = AXIS2_PLACEMENT_3D('',#1581,#1582,#1583);
#1581 = CARTESIAN_POINT('',(176.194,225.,134.238));
#1582 = DIRECTION('',(-1.,-0.,-0.));
#1583 = DIRECTION('',(0.,-1.,0.));
#1584 = DEFINITIONAL_REPRESENTATION('',(#1585),#1589);
#1585 = LINE('',#1586,#1587);
#1586 = CARTESIAN_POINT('',(0.,0.));
#1587 = VECTOR('',#1588,1.);
#1588 = DIRECTION('',(0.,-1.));
#1589 = ( GEOMETRIC_REPRESENTATION_CONTEXT(2) 
PARAMETRIC_REPRESENTATION_CONTEXT() REPRESENTATION_CONTEXT('2D SPACE',''
  ) );
#1590 = ORIENTED_EDGE('',*,*,#1591,.F.);
#1591 = EDGE_CURVE('',#1323,#1564,#1592,.T.);
#1592 = SURFACE_CURVE('',#1593,(#1597,#1604),.PCURVE_S1.);
#1593 = LINE('',#1594,#1595);
#1594 = CARTESIAN_POINT('',(2.920831573154E-15,225.,134.238));
#1595 = VECTOR('',#1596,1.);
#1596 = DIRECTION('',(-1.,0.,0.));
#1597 = PCURVE('',#312,#1598);
#1598 = DEFINITIONAL_REPRESENTATION('',(#1599),#1603);
#1599 = LINE('',#1600,#1601);
#1600 = CARTESIAN_POINT('',(-7.271719476132E-16,34.119));
#1601 = VECTOR('',#1602,1.);
#1602 = DIRECTION('',(-1.,0.));
#1603 = ( GEOMETRIC_REPRESENTATION_CONTEXT(2) 
PARAMETRIC_REPRESENTATION_CONTEXT() REPRESENTATION_CONTEXT('2D SPACE',''
  ) );
#1604 = PCURVE('',#1390,#1605);
#1605 = DEFINITIONAL_REPRESENTATION('',(#1606),#1609);
#1606 = B_SPLINE_CURVE_WITH_KNOTS('',1,(#1607,#1608),.UNSPECIFIED.,.F.,
  .F.,(2,2),(-185.194,185.194),.PIECEWISE_BEZIER_KNOTS.);
#1607 = CARTESIAN_POINT('',(-185.194,235.));
#1608 = CARTESIAN_POINT('',(185.194,235.));
#1609 = ( GEOMETRIC_REPRESENTATION_CONTEXT(2) 
PARAMETRIC_REPRESENTATION_CONTEXT() REPRESENTATION_CONTEXT('2D SPACE',''
  ) );
#1610 = ADVANCED_FACE('',(#1611),#340,.T.);
#1611 = FACE_BOUND('',#1612,.T.);
#1612 = EDGE_LOOP('',(#1613,#1614,#1615,#1671));
#1613 = ORIENTED_EDGE('',*,*,#837,.F.);
#1614 = ORIENTED_EDGE('',*,*,#324,.T.);
#1615 = ORIENTED_EDGE('',*,*,#1616,.T.);
#1616 = EDGE_CURVE('',#297,#1617,#1619,.T.);
#1617 = VERTEX_POINT('',#1618);
#1618 = CARTESIAN_POINT('',(-185.194,255.,134.238));
#1619 = SURFACE_CURVE('',#1620,(#1635,#1653),.PCURVE_S1.);
#1620 = B_SPLINE_CURVE_WITH_KNOTS('',4,(#1621,#1622,#1623,#1624,#1625,
    #1626,#1627,#1628,#1629,#1630,#1631,#1632,#1633,#1634),
  .UNSPECIFIED.,.F.,.F.,(5,3,3,3,5),(0.,0.250044185396,0.500061904158,
    0.750053873287,1.),.UNSPECIFIED.);
#1621 = CARTESIAN_POINT('',(-185.194,225.,164.238));
#1622 = CARTESIAN_POINT('',(-185.194,226.87493844433,162.36306155566));
#1623 = CARTESIAN_POINT('',(-185.194,228.74994479219,160.4880552078));
#1624 = CARTESIAN_POINT('',(-185.194,230.62501811384,158.61298188615));
#1625 = CARTESIAN_POINT('',(-185.194,234.37509842515,154.86290157484));
#1626 = CARTESIAN_POINT('',(-185.194,236.25010540078,152.98789459922));
#1627 = CARTESIAN_POINT('',(-185.194,238.1251775363,151.11282246369));
#1628 = CARTESIAN_POINT('',(-185.194,241.87525726207,147.36274273792));
#1629 = CARTESIAN_POINT('',(-185.194,243.75026483904,145.48773516096));
#1630 = CARTESIAN_POINT('',(-185.194,245.62533582042,143.61266417957));
#1631 = CARTESIAN_POINT('',(-185.194,249.37525905147,139.86274094853));
#1632 = CARTESIAN_POINT('',(-185.194,251.25011127814,137.98788872185));
#1633 = CARTESIAN_POINT('',(-185.194,253.12502519982,136.11297480017));
#1634 = CARTESIAN_POINT('',(-185.194,255.,134.238));
#1635 = PCURVE('',#340,#1636);
#1636 = DEFINITIONAL_REPRESENTATION('',(#1637),#1652);
#1637 = B_SPLINE_CURVE_WITH_KNOTS('',4,(#1638,#1639,#1640,#1641,#1642,
    #1643,#1644,#1645,#1646,#1647,#1648,#1649,#1650,#1651),
  .UNSPECIFIED.,.F.,.F.,(5,3,3,3,5),(0.,0.250044185396,0.500061904158,
    0.750053873287,1.),.UNSPECIFIED.);
#1638 = CARTESIAN_POINT('',(368.96821382615,0.));
#1639 = CARTESIAN_POINT('',(369.231569956,6.249794814448E-02));
#1640 = CARTESIAN_POINT('',(369.4939586833,0.12499815974));
#1641 = CARTESIAN_POINT('',(369.75538787192,0.187500603795));
#1642 = CARTESIAN_POINT('',(370.27631500043,0.312503280839));
#1643 = CARTESIAN_POINT('',(370.53581314194,0.375003513359));
#1644 = CARTESIAN_POINT('',(370.79436734357,0.437505917877));
#1645 = CARTESIAN_POINT('',(371.30957640964,0.562508575403));
#1646 = CARTESIAN_POINT('',(371.5662314671,0.625008827968));
#1647 = CARTESIAN_POINT('',(371.82195785033,0.687511194014));
#1648 = CARTESIAN_POINT('',(372.33152130203,0.812508635049));
#1649 = CARTESIAN_POINT('',(372.58535870847,0.875003709272));
#1650 = CARTESIAN_POINT('',(372.83828253331,0.937500839994));
#1651 = CARTESIAN_POINT('',(373.0903,1.));
#1652 = ( GEOMETRIC_REPRESENTATION_CONTEXT(2) 
PARAMETRIC_REPRESENTATION_CONTEXT() REPRESENTATION_CONTEXT('2D SPACE',''
  ) );
#1653 = PCURVE('',#1362,#1654);
#1654 = DEFINITIONAL_REPRESENTATION('',(#1655),#1670);
#1655 = B_SPLINE_CURVE_WITH_KNOTS('',4,(#1656,#1657,#1658,#1659,#1660,
    #1661,#1662,#1663,#1664,#1665,#1666,#1667,#1668,#1669),
  .UNSPECIFIED.,.F.,.F.,(5,3,3,3,5),(0.,0.250044185396,0.500061904158,
    0.750053873287,1.),.UNSPECIFIED.);
#1656 = CARTESIAN_POINT('',(0.,-30.));
#1657 = CARTESIAN_POINT('',(1.874938444334,-28.12506155566));
#1658 = CARTESIAN_POINT('',(3.749944792191,-26.2500552078));
#1659 = CARTESIAN_POINT('',(5.625018113843,-24.37498188615));
#1660 = CARTESIAN_POINT('',(9.375098425156,-20.62490157484));
#1661 = CARTESIAN_POINT('',(11.25010540078,-18.74989459922));
#1662 = CARTESIAN_POINT('',(13.125177536303,-16.87482246369));
#1663 = CARTESIAN_POINT('',(16.875257262077,-13.12474273792));
#1664 = CARTESIAN_POINT('',(18.75026483904,-11.24973516096));
#1665 = CARTESIAN_POINT('',(20.625335820422,-9.374664179578));
#1666 = CARTESIAN_POINT('',(24.37525905147,-5.62474094853));
#1667 = CARTESIAN_POINT('',(26.250111278149,-3.749888721851));
#1668 = CARTESIAN_POINT('',(28.125025199822,-1.874974800178));
#1669 = CARTESIAN_POINT('',(30.,0.));
#1670 = ( GEOMETRIC_REPRESENTATION_CONTEXT(2) 
PARAMETRIC_REPRESENTATION_CONTEXT() REPRESENTATION_CONTEXT('2D SPACE',''
  ) );
#1671 = ORIENTED_EDGE('',*,*,#1672,.F.);
#1672 = EDGE_CURVE('',#838,#1617,#1673,.T.);
#1673 = SURFACE_CURVE('',#1674,(#1678,#1685),.PCURVE_S1.);
#1674 = LINE('',#1675,#1676);
#1675 = CARTESIAN_POINT('',(-558.2843,255.,134.238));
#1676 = VECTOR('',#1677,1.);
#1677 = DIRECTION('',(1.,0.,0.));
#1678 = PCURVE('',#340,#1679);
#1679 = DEFINITIONAL_REPRESENTATION('',(#1680),#1684);
#1680 = LINE('',#1681,#1682);
#1681 = CARTESIAN_POINT('',(0.,1.));
#1682 = VECTOR('',#1683,1.);
#1683 = DIRECTION('',(1.,0.));
#1684 = ( GEOMETRIC_REPRESENTATION_CONTEXT(2) 
PARAMETRIC_REPRESENTATION_CONTEXT() REPRESENTATION_CONTEXT('2D SPACE',''
  ) );
#1685 = PCURVE('',#1686,#1691);
#1686 = PLANE('',#1687);
#1687 = AXIS2_PLACEMENT_3D('',#1688,#1689,#1690);
#1688 = CARTESIAN_POINT('',(-570.7107068711,255.,134.238));
#1689 = DIRECTION('',(0.,-1.,0.));
#1690 = DIRECTION('',(1.,0.,0.));
#1691 = DEFINITIONAL_REPRESENTATION('',(#1692),#1696);
#1692 = LINE('',#1693,#1694);
#1693 = CARTESIAN_POINT('',(12.426406871193,0.));
#1694 = VECTOR('',#1695,1.);
#1695 = DIRECTION('',(1.,0.));
#1696 = ( GEOMETRIC_REPRESENTATION_CONTEXT(2) 
PARAMETRIC_REPRESENTATION_CONTEXT() REPRESENTATION_CONTEXT('2D SPACE',''
  ) );
#1697 = ADVANCED_FACE('',(#1698),#391,.T.);
#1698 = FACE_BOUND('',#1699,.T.);
#1699 = EDGE_LOOP('',(#1700,#1723,#1751,#1772));
#1700 = ORIENTED_EDGE('',*,*,#1701,.T.);
#1701 = EDGE_CURVE('',#374,#1702,#1704,.T.);
#1702 = VERTEX_POINT('',#1703);
#1703 = CARTESIAN_POINT('',(-430.,50.106,134.238));
#1704 = SURFACE_CURVE('',#1705,(#1709,#1716),.PCURVE_S1.);
#1705 = LINE('',#1706,#1707);
#1706 = CARTESIAN_POINT('',(-430.,50.106,164.238));
#1707 = VECTOR('',#1708,1.);
#1708 = DIRECTION('',(0.,0.,-1.));
#1709 = PCURVE('',#391,#1710);
#1710 = DEFINITIONAL_REPRESENTATION('',(#1711),#1715);
#1711 = LINE('',#1712,#1713);
#1712 = CARTESIAN_POINT('',(0.,0.));
#1713 = VECTOR('',#1714,1.);
#1714 = DIRECTION('',(0.,-1.));
#1715 = ( GEOMETRIC_REPRESENTATION_CONTEXT(2) 
PARAMETRIC_REPRESENTATION_CONTEXT() REPRESENTATION_CONTEXT('2D SPACE',''
  ) );
#1716 = PCURVE('',#697,#1717);
#1717 = DEFINITIONAL_REPRESENTATION('',(#1718),#1722);
#1718 = LINE('',#1719,#1720);
#1719 = CARTESIAN_POINT('',(100.,0.));
#1720 = VECTOR('',#1721,1.);
#1721 = DIRECTION('',(0.,-1.));
#1722 = ( GEOMETRIC_REPRESENTATION_CONTEXT(2) 
PARAMETRIC_REPRESENTATION_CONTEXT() REPRESENTATION_CONTEXT('2D SPACE',''
  ) );
#1723 = ORIENTED_EDGE('',*,*,#1724,.T.);
#1724 = EDGE_CURVE('',#1702,#1725,#1727,.T.);
#1725 = VERTEX_POINT('',#1726);
#1726 = CARTESIAN_POINT('',(-430.,135.,134.238));
#1727 = SURFACE_CURVE('',#1728,(#1732,#1739),.PCURVE_S1.);
#1728 = LINE('',#1729,#1730);
#1729 = CARTESIAN_POINT('',(-430.,50.106,134.238));
#1730 = VECTOR('',#1731,1.);
#1731 = DIRECTION('',(0.,1.,0.));
#1732 = PCURVE('',#391,#1733);
#1733 = DEFINITIONAL_REPRESENTATION('',(#1734),#1738);
#1734 = LINE('',#1735,#1736);
#1735 = CARTESIAN_POINT('',(0.,-30.));
#1736 = VECTOR('',#1737,1.);
#1737 = DIRECTION('',(1.,0.));
#1738 = ( GEOMETRIC_REPRESENTATION_CONTEXT(2) 
PARAMETRIC_REPRESENTATION_CONTEXT() REPRESENTATION_CONTEXT('2D SPACE',''
  ) );
#1739 = PCURVE('',#1740,#1745);
#1740 = PLANE('',#1741);
#1741 = AXIS2_PLACEMENT_3D('',#1742,#1743,#1744);
#1742 = CARTESIAN_POINT('',(2.19365962554E-15,-10.,134.238));
#1743 = DIRECTION('',(-0.,0.,-1.));
#1744 = DIRECTION('',(-1.,0.,0.));
#1745 = DEFINITIONAL_REPRESENTATION('',(#1746),#1750);
#1746 = LINE('',#1747,#1748);
#1747 = CARTESIAN_POINT('',(430.,60.106));
#1748 = VECTOR('',#1749,1.);
#1749 = DIRECTION('',(0.,1.));
#1750 = ( GEOMETRIC_REPRESENTATION_CONTEXT(2) 
PARAMETRIC_REPRESENTATION_CONTEXT() REPRESENTATION_CONTEXT('2D SPACE',''
  ) );
#1751 = ORIENTED_EDGE('',*,*,#1752,.F.);
#1752 = EDGE_CURVE('',#376,#1725,#1753,.T.);
#1753 = SURFACE_CURVE('',#1754,(#1758,#1765),.PCURVE_S1.);
#1754 = LINE('',#1755,#1756);
#1755 = CARTESIAN_POINT('',(-430.,135.,164.238));
#1756 = VECTOR('',#1757,1.);
#1757 = DIRECTION('',(0.,0.,-1.));
#1758 = PCURVE('',#391,#1759);
#1759 = DEFINITIONAL_REPRESENTATION('',(#1760),#1764);
#1760 = LINE('',#1761,#1762);
#1761 = CARTESIAN_POINT('',(84.894,0.));
#1762 = VECTOR('',#1763,1.);
#1763 = DIRECTION('',(0.,-1.));
#1764 = ( GEOMETRIC_REPRESENTATION_CONTEXT(2) 
PARAMETRIC_REPRESENTATION_CONTEXT() REPRESENTATION_CONTEXT('2D SPACE',''
  ) );
#1765 = PCURVE('',#419,#1766);
#1766 = DEFINITIONAL_REPRESENTATION('',(#1767),#1771);
#1767 = LINE('',#1768,#1769);
#1768 = CARTESIAN_POINT('',(0.,0.));
#1769 = VECTOR('',#1770,1.);
#1770 = DIRECTION('',(0.,-1.));
#1771 = ( GEOMETRIC_REPRESENTATION_CONTEXT(2) 
PARAMETRIC_REPRESENTATION_CONTEXT() REPRESENTATION_CONTEXT('2D SPACE',''
  ) );
#1772 = ORIENTED_EDGE('',*,*,#373,.F.);
#1773 = ADVANCED_FACE('',(#1774),#419,.T.);
#1774 = FACE_BOUND('',#1775,.T.);
#1775 = EDGE_LOOP('',(#1776,#1777,#1800,#1821));
#1776 = ORIENTED_EDGE('',*,*,#1752,.T.);
#1777 = ORIENTED_EDGE('',*,*,#1778,.T.);
#1778 = EDGE_CURVE('',#1725,#1779,#1781,.T.);
#1779 = VERTEX_POINT('',#1780);
#1780 = CARTESIAN_POINT('',(-330.012,135.,134.238));
#1781 = SURFACE_CURVE('',#1782,(#1786,#1793),.PCURVE_S1.);
#1782 = LINE('',#1783,#1784);
#1783 = CARTESIAN_POINT('',(-430.,135.,134.238));
#1784 = VECTOR('',#1785,1.);
#1785 = DIRECTION('',(1.,0.,0.));
#1786 = PCURVE('',#419,#1787);
#1787 = DEFINITIONAL_REPRESENTATION('',(#1788),#1792);
#1788 = LINE('',#1789,#1790);
#1789 = CARTESIAN_POINT('',(0.,-30.));
#1790 = VECTOR('',#1791,1.);
#1791 = DIRECTION('',(1.,0.));
#1792 = ( GEOMETRIC_REPRESENTATION_CONTEXT(2) 
PARAMETRIC_REPRESENTATION_CONTEXT() REPRESENTATION_CONTEXT('2D SPACE',''
  ) );
#1793 = PCURVE('',#1740,#1794);
#1794 = DEFINITIONAL_REPRESENTATION('',(#1795),#1799);
#1795 = LINE('',#1796,#1797);
#1796 = CARTESIAN_POINT('',(430.,145.));
#1797 = VECTOR('',#1798,1.);
#1798 = DIRECTION('',(-1.,0.));
#1799 = ( GEOMETRIC_REPRESENTATION_CONTEXT(2) 
PARAMETRIC_REPRESENTATION_CONTEXT() REPRESENTATION_CONTEXT('2D SPACE',''
  ) );
#1800 = ORIENTED_EDGE('',*,*,#1801,.F.);
#1801 = EDGE_CURVE('',#404,#1779,#1802,.T.);
#1802 = SURFACE_CURVE('',#1803,(#1807,#1814),.PCURVE_S1.);
#1803 = LINE('',#1804,#1805);
#1804 = CARTESIAN_POINT('',(-330.012,135.,164.238));
#1805 = VECTOR('',#1806,1.);
#1806 = DIRECTION('',(0.,0.,-1.));
#1807 = PCURVE('',#419,#1808);
#1808 = DEFINITIONAL_REPRESENTATION('',(#1809),#1813);
#1809 = LINE('',#1810,#1811);
#1810 = CARTESIAN_POINT('',(99.988,0.));
#1811 = VECTOR('',#1812,1.);
#1812 = DIRECTION('',(0.,-1.));
#1813 = ( GEOMETRIC_REPRESENTATION_CONTEXT(2) 
PARAMETRIC_REPRESENTATION_CONTEXT() REPRESENTATION_CONTEXT('2D SPACE',''
  ) );
#1814 = PCURVE('',#447,#1815);
#1815 = DEFINITIONAL_REPRESENTATION('',(#1816),#1820);
#1816 = LINE('',#1817,#1818);
#1817 = CARTESIAN_POINT('',(0.,0.));
#1818 = VECTOR('',#1819,1.);
#1819 = DIRECTION('',(0.,-1.));
#1820 = ( GEOMETRIC_REPRESENTATION_CONTEXT(2) 
PARAMETRIC_REPRESENTATION_CONTEXT() REPRESENTATION_CONTEXT('2D SPACE',''
  ) );
#1821 = ORIENTED_EDGE('',*,*,#403,.F.);
#1822 = ADVANCED_FACE('',(#1823),#447,.T.);
#1823 = FACE_BOUND('',#1824,.T.);
#1824 = EDGE_LOOP('',(#1825,#1826,#1849,#1870));
#1825 = ORIENTED_EDGE('',*,*,#1801,.T.);
#1826 = ORIENTED_EDGE('',*,*,#1827,.T.);
#1827 = EDGE_CURVE('',#1779,#1828,#1830,.T.);
#1828 = VERTEX_POINT('',#1829);
#1829 = CARTESIAN_POINT('',(-330.012,50.106,134.238));
#1830 = SURFACE_CURVE('',#1831,(#1835,#1842),.PCURVE_S1.);
#1831 = LINE('',#1832,#1833);
#1832 = CARTESIAN_POINT('',(-330.012,135.,134.238));
#1833 = VECTOR('',#1834,1.);
#1834 = DIRECTION('',(0.,-1.,0.));
#1835 = PCURVE('',#447,#1836);
#1836 = DEFINITIONAL_REPRESENTATION('',(#1837),#1841);
#1837 = LINE('',#1838,#1839);
#1838 = CARTESIAN_POINT('',(0.,-30.));
#1839 = VECTOR('',#1840,1.);
#1840 = DIRECTION('',(1.,0.));
#1841 = ( GEOMETRIC_REPRESENTATION_CONTEXT(2) 
PARAMETRIC_REPRESENTATION_CONTEXT() REPRESENTATION_CONTEXT('2D SPACE',''
  ) );
#1842 = PCURVE('',#1740,#1843);
#1843 = DEFINITIONAL_REPRESENTATION('',(#1844),#1848);
#1844 = LINE('',#1845,#1846);
#1845 = CARTESIAN_POINT('',(330.012,145.));
#1846 = VECTOR('',#1847,1.);
#1847 = DIRECTION('',(0.,-1.));
#1848 = ( GEOMETRIC_REPRESENTATION_CONTEXT(2) 
PARAMETRIC_REPRESENTATION_CONTEXT() REPRESENTATION_CONTEXT('2D SPACE',''
  ) );
#1849 = ORIENTED_EDGE('',*,*,#1850,.F.);
#1850 = EDGE_CURVE('',#432,#1828,#1851,.T.);
#1851 = SURFACE_CURVE('',#1852,(#1856,#1863),.PCURVE_S1.);
#1852 = LINE('',#1853,#1854);
#1853 = CARTESIAN_POINT('',(-330.012,50.106,164.238));
#1854 = VECTOR('',#1855,1.);
#1855 = DIRECTION('',(0.,0.,-1.));
#1856 = PCURVE('',#447,#1857);
#1857 = DEFINITIONAL_REPRESENTATION('',(#1858),#1862);
#1858 = LINE('',#1859,#1860);
#1859 = CARTESIAN_POINT('',(84.894,0.));
#1860 = VECTOR('',#1861,1.);
#1861 = DIRECTION('',(0.,-1.));
#1862 = ( GEOMETRIC_REPRESENTATION_CONTEXT(2) 
PARAMETRIC_REPRESENTATION_CONTEXT() REPRESENTATION_CONTEXT('2D SPACE',''
  ) );
#1863 = PCURVE('',#475,#1864);
#1864 = DEFINITIONAL_REPRESENTATION('',(#1865),#1869);
#1865 = LINE('',#1866,#1867);
#1866 = CARTESIAN_POINT('',(0.,0.));
#1867 = VECTOR('',#1868,1.);
#1868 = DIRECTION('',(0.,-1.));
#1869 = ( GEOMETRIC_REPRESENTATION_CONTEXT(2) 
PARAMETRIC_REPRESENTATION_CONTEXT() REPRESENTATION_CONTEXT('2D SPACE',''
  ) );
#1870 = ORIENTED_EDGE('',*,*,#431,.F.);
#1871 = ADVANCED_FACE('',(#1872),#475,.T.);
#1872 = FACE_BOUND('',#1873,.T.);
#1873 = EDGE_LOOP('',(#1874,#1875,#1898,#1919));
#1874 = ORIENTED_EDGE('',*,*,#1850,.T.);
#1875 = ORIENTED_EDGE('',*,*,#1876,.T.);
#1876 = EDGE_CURVE('',#1828,#1877,#1879,.T.);
#1877 = VERTEX_POINT('',#1878);
#1878 = CARTESIAN_POINT('',(-230.012,50.106,134.238));
#1879 = SURFACE_CURVE('',#1880,(#1884,#1891),.PCURVE_S1.);
#1880 = LINE('',#1881,#1882);
#1881 = CARTESIAN_POINT('',(-330.012,50.106,134.238));
#1882 = VECTOR('',#1883,1.);
#1883 = DIRECTION('',(1.,0.,0.));
#1884 = PCURVE('',#475,#1885);
#1885 = DEFINITIONAL_REPRESENTATION('',(#1886),#1890);
#1886 = LINE('',#1887,#1888);
#1887 = CARTESIAN_POINT('',(0.,-30.));
#1888 = VECTOR('',#1889,1.);
#1889 = DIRECTION('',(1.,0.));
#1890 = ( GEOMETRIC_REPRESENTATION_CONTEXT(2) 
PARAMETRIC_REPRESENTATION_CONTEXT() REPRESENTATION_CONTEXT('2D SPACE',''
  ) );
#1891 = PCURVE('',#1740,#1892);
#1892 = DEFINITIONAL_REPRESENTATION('',(#1893),#1897);
#1893 = LINE('',#1894,#1895);
#1894 = CARTESIAN_POINT('',(330.012,60.106));
#1895 = VECTOR('',#1896,1.);
#1896 = DIRECTION('',(-1.,0.));
#1897 = ( GEOMETRIC_REPRESENTATION_CONTEXT(2) 
PARAMETRIC_REPRESENTATION_CONTEXT() REPRESENTATION_CONTEXT('2D SPACE',''
  ) );
#1898 = ORIENTED_EDGE('',*,*,#1899,.F.);
#1899 = EDGE_CURVE('',#460,#1877,#1900,.T.);
#1900 = SURFACE_CURVE('',#1901,(#1905,#1912),.PCURVE_S1.);
#1901 = LINE('',#1902,#1903);
#1902 = CARTESIAN_POINT('',(-230.012,50.106,164.238));
#1903 = VECTOR('',#1904,1.);
#1904 = DIRECTION('',(0.,0.,-1.));
#1905 = PCURVE('',#475,#1906);
#1906 = DEFINITIONAL_REPRESENTATION('',(#1907),#1911);
#1907 = LINE('',#1908,#1909);
#1908 = CARTESIAN_POINT('',(100.,0.));
#1909 = VECTOR('',#1910,1.);
#1910 = DIRECTION('',(0.,-1.));
#1911 = ( GEOMETRIC_REPRESENTATION_CONTEXT(2) 
PARAMETRIC_REPRESENTATION_CONTEXT() REPRESENTATION_CONTEXT('2D SPACE',''
  ) );
#1912 = PCURVE('',#503,#1913);
#1913 = DEFINITIONAL_REPRESENTATION('',(#1914),#1918);
#1914 = LINE('',#1915,#1916);
#1915 = CARTESIAN_POINT('',(0.,0.));
#1916 = VECTOR('',#1917,1.);
#1917 = DIRECTION('',(0.,-1.));
#1918 = ( GEOMETRIC_REPRESENTATION_CONTEXT(2) 
PARAMETRIC_REPRESENTATION_CONTEXT() REPRESENTATION_CONTEXT('2D SPACE',''
  ) );
#1919 = ORIENTED_EDGE('',*,*,#459,.F.);
#1920 = ADVANCED_FACE('',(#1921),#503,.T.);
#1921 = FACE_BOUND('',#1922,.T.);
#1922 = EDGE_LOOP('',(#1923,#1924,#1947,#1968));
#1923 = ORIENTED_EDGE('',*,*,#1899,.T.);
#1924 = ORIENTED_EDGE('',*,*,#1925,.T.);
#1925 = EDGE_CURVE('',#1877,#1926,#1928,.T.);
#1926 = VERTEX_POINT('',#1927);
#1927 = CARTESIAN_POINT('',(-230.012,-50.106,134.238));
#1928 = SURFACE_CURVE('',#1929,(#1933,#1940),.PCURVE_S1.);
#1929 = LINE('',#1930,#1931);
#1930 = CARTESIAN_POINT('',(-230.012,50.106,134.238));
#1931 = VECTOR('',#1932,1.);
#1932 = DIRECTION('',(0.,-1.,0.));
#1933 = PCURVE('',#503,#1934);
#1934 = DEFINITIONAL_REPRESENTATION('',(#1935),#1939);
#1935 = LINE('',#1936,#1937);
#1936 = CARTESIAN_POINT('',(0.,-30.));
#1937 = VECTOR('',#1938,1.);
#1938 = DIRECTION('',(1.,0.));
#1939 = ( GEOMETRIC_REPRESENTATION_CONTEXT(2) 
PARAMETRIC_REPRESENTATION_CONTEXT() REPRESENTATION_CONTEXT('2D SPACE',''
  ) );
#1940 = PCURVE('',#1740,#1941);
#1941 = DEFINITIONAL_REPRESENTATION('',(#1942),#1946);
#1942 = LINE('',#1943,#1944);
#1943 = CARTESIAN_POINT('',(230.012,60.106));
#1944 = VECTOR('',#1945,1.);
#1945 = DIRECTION('',(0.,-1.));
#1946 = ( GEOMETRIC_REPRESENTATION_CONTEXT(2) 
PARAMETRIC_REPRESENTATION_CONTEXT() REPRESENTATION_CONTEXT('2D SPACE',''
  ) );
#1947 = ORIENTED_EDGE('',*,*,#1948,.F.);
#1948 = EDGE_CURVE('',#488,#1926,#1949,.T.);
#1949 = SURFACE_CURVE('',#1950,(#1954,#1961),.PCURVE_S1.);
#1950 = LINE('',#1951,#1952);
#1951 = CARTESIAN_POINT('',(-230.012,-50.106,164.238));
#1952 = VECTOR('',#1953,1.);
#1953 = DIRECTION('',(0.,0.,-1.));
#1954 = PCURVE('',#503,#1955);
#1955 = DEFINITIONAL_REPRESENTATION('',(#1956),#1960);
#1956 = LINE('',#1957,#1958);
#1957 = CARTESIAN_POINT('',(100.212,0.));
#1958 = VECTOR('',#1959,1.);
#1959 = DIRECTION('',(0.,-1.));
#1960 = ( GEOMETRIC_REPRESENTATION_CONTEXT(2) 
PARAMETRIC_REPRESENTATION_CONTEXT() REPRESENTATION_CONTEXT('2D SPACE',''
  ) );
#1961 = PCURVE('',#531,#1962);
#1962 = DEFINITIONAL_REPRESENTATION('',(#1963),#1967);
#1963 = LINE('',#1964,#1965);
#1964 = CARTESIAN_POINT('',(0.,0.));
#1965 = VECTOR('',#1966,1.);
#1966 = DIRECTION('',(0.,-1.));
#1967 = ( GEOMETRIC_REPRESENTATION_CONTEXT(2) 
PARAMETRIC_REPRESENTATION_CONTEXT() REPRESENTATION_CONTEXT('2D SPACE',''
  ) );
#1968 = ORIENTED_EDGE('',*,*,#487,.F.);
#1969 = ADVANCED_FACE('',(#1970),#531,.T.);
#1970 = FACE_BOUND('',#1971,.T.);
#1971 = EDGE_LOOP('',(#1972,#1973,#1996,#2017));
#1972 = ORIENTED_EDGE('',*,*,#1948,.T.);
#1973 = ORIENTED_EDGE('',*,*,#1974,.T.);
#1974 = EDGE_CURVE('',#1926,#1975,#1977,.T.);
#1975 = VERTEX_POINT('',#1976);
#1976 = CARTESIAN_POINT('',(-330.012,-50.106,134.238));
#1977 = SURFACE_CURVE('',#1978,(#1982,#1989),.PCURVE_S1.);
#1978 = LINE('',#1979,#1980);
#1979 = CARTESIAN_POINT('',(-230.012,-50.106,134.238));
#1980 = VECTOR('',#1981,1.);
#1981 = DIRECTION('',(-1.,0.,0.));
#1982 = PCURVE('',#531,#1983);
#1983 = DEFINITIONAL_REPRESENTATION('',(#1984),#1988);
#1984 = LINE('',#1985,#1986);
#1985 = CARTESIAN_POINT('',(0.,-30.));
#1986 = VECTOR('',#1987,1.);
#1987 = DIRECTION('',(1.,0.));
#1988 = ( GEOMETRIC_REPRESENTATION_CONTEXT(2) 
PARAMETRIC_REPRESENTATION_CONTEXT() REPRESENTATION_CONTEXT('2D SPACE',''
  ) );
#1989 = PCURVE('',#1740,#1990);
#1990 = DEFINITIONAL_REPRESENTATION('',(#1991),#1995);
#1991 = LINE('',#1992,#1993);
#1992 = CARTESIAN_POINT('',(230.012,-40.106));
#1993 = VECTOR('',#1994,1.);
#1994 = DIRECTION('',(1.,0.));
#1995 = ( GEOMETRIC_REPRESENTATION_CONTEXT(2) 
PARAMETRIC_REPRESENTATION_CONTEXT() REPRESENTATION_CONTEXT('2D SPACE',''
  ) );
#1996 = ORIENTED_EDGE('',*,*,#1997,.F.);
#1997 = EDGE_CURVE('',#516,#1975,#1998,.T.);
#1998 = SURFACE_CURVE('',#1999,(#2003,#2010),.PCURVE_S1.);
#1999 = LINE('',#2000,#2001);
#2000 = CARTESIAN_POINT('',(-330.012,-50.106,164.238));
#2001 = VECTOR('',#2002,1.);
#2002 = DIRECTION('',(0.,0.,-1.));
#2003 = PCURVE('',#531,#2004);
#2004 = DEFINITIONAL_REPRESENTATION('',(#2005),#2009);
#2005 = LINE('',#2006,#2007);
#2006 = CARTESIAN_POINT('',(100.,0.));
#2007 = VECTOR('',#2008,1.);
#2008 = DIRECTION('',(0.,-1.));
#2009 = ( GEOMETRIC_REPRESENTATION_CONTEXT(2) 
PARAMETRIC_REPRESENTATION_CONTEXT() REPRESENTATION_CONTEXT('2D SPACE',''
  ) );
#2010 = PCURVE('',#559,#2011);
#2011 = DEFINITIONAL_REPRESENTATION('',(#2012),#2016);
#2012 = LINE('',#2013,#2014);
#2013 = CARTESIAN_POINT('',(0.,0.));
#2014 = VECTOR('',#2015,1.);
#2015 = DIRECTION('',(0.,-1.));
#2016 = ( GEOMETRIC_REPRESENTATION_CONTEXT(2) 
PARAMETRIC_REPRESENTATION_CONTEXT() REPRESENTATION_CONTEXT('2D SPACE',''
  ) );
#2017 = ORIENTED_EDGE('',*,*,#515,.F.);
#2018 = ADVANCED_FACE('',(#2019),#559,.T.);
#2019 = FACE_BOUND('',#2020,.T.);
#2020 = EDGE_LOOP('',(#2021,#2022,#2045,#2066));
#2021 = ORIENTED_EDGE('',*,*,#1997,.T.);
#2022 = ORIENTED_EDGE('',*,*,#2023,.T.);
#2023 = EDGE_CURVE('',#1975,#2024,#2026,.T.);
#2024 = VERTEX_POINT('',#2025);
#2025 = CARTESIAN_POINT('',(-330.012,-135.,134.238));
#2026 = SURFACE_CURVE('',#2027,(#2031,#2038),.PCURVE_S1.);
#2027 = LINE('',#2028,#2029);
#2028 = CARTESIAN_POINT('',(-330.012,-50.106,134.238));
#2029 = VECTOR('',#2030,1.);
#2030 = DIRECTION('',(0.,-1.,0.));
#2031 = PCURVE('',#559,#2032);
#2032 = DEFINITIONAL_REPRESENTATION('',(#2033),#2037);
#2033 = LINE('',#2034,#2035);
#2034 = CARTESIAN_POINT('',(0.,-30.));
#2035 = VECTOR('',#2036,1.);
#2036 = DIRECTION('',(1.,0.));
#2037 = ( GEOMETRIC_REPRESENTATION_CONTEXT(2) 
PARAMETRIC_REPRESENTATION_CONTEXT() REPRESENTATION_CONTEXT('2D SPACE',''
  ) );
#2038 = PCURVE('',#1740,#2039);
#2039 = DEFINITIONAL_REPRESENTATION('',(#2040),#2044);
#2040 = LINE('',#2041,#2042);
#2041 = CARTESIAN_POINT('',(330.012,-40.106));
#2042 = VECTOR('',#2043,1.);
#2043 = DIRECTION('',(0.,-1.));
#2044 = ( GEOMETRIC_REPRESENTATION_CONTEXT(2) 
PARAMETRIC_REPRESENTATION_CONTEXT() REPRESENTATION_CONTEXT('2D SPACE',''
  ) );
#2045 = ORIENTED_EDGE('',*,*,#2046,.F.);
#2046 = EDGE_CURVE('',#544,#2024,#2047,.T.);
#2047 = SURFACE_CURVE('',#2048,(#2052,#2059),.PCURVE_S1.);
#2048 = LINE('',#2049,#2050);
#2049 = CARTESIAN_POINT('',(-330.012,-135.,164.238));
#2050 = VECTOR('',#2051,1.);
#2051 = DIRECTION('',(0.,0.,-1.));
#2052 = PCURVE('',#559,#2053);
#2053 = DEFINITIONAL_REPRESENTATION('',(#2054),#2058);
#2054 = LINE('',#2055,#2056);
#2055 = CARTESIAN_POINT('',(84.894,0.));
#2056 = VECTOR('',#2057,1.);
#2057 = DIRECTION('',(0.,-1.));
#2058 = ( GEOMETRIC_REPRESENTATION_CONTEXT(2) 
PARAMETRIC_REPRESENTATION_CONTEXT() REPRESENTATION_CONTEXT('2D SPACE',''
  ) );
#2059 = PCURVE('',#587,#2060);
#2060 = DEFINITIONAL_REPRESENTATION('',(#2061),#2065);
#2061 = LINE('',#2062,#2063);
#2062 = CARTESIAN_POINT('',(0.,0.));
#2063 = VECTOR('',#2064,1.);
#2064 = DIRECTION('',(0.,-1.));
#2065 = ( GEOMETRIC_REPRESENTATION_CONTEXT(2) 
PARAMETRIC_REPRESENTATION_CONTEXT() REPRESENTATION_CONTEXT('2D SPACE',''
  ) );
#2066 = ORIENTED_EDGE('',*,*,#543,.F.);
#2067 = ADVANCED_FACE('',(#2068),#587,.T.);
#2068 = FACE_BOUND('',#2069,.T.);
#2069 = EDGE_LOOP('',(#2070,#2071,#2094,#2115));
#2070 = ORIENTED_EDGE('',*,*,#2046,.T.);
#2071 = ORIENTED_EDGE('',*,*,#2072,.T.);
#2072 = EDGE_CURVE('',#2024,#2073,#2075,.T.);
#2073 = VERTEX_POINT('',#2074);
#2074 = CARTESIAN_POINT('',(-430.,-135.,134.238));
#2075 = SURFACE_CURVE('',#2076,(#2080,#2087),.PCURVE_S1.);
#2076 = LINE('',#2077,#2078);
#2077 = CARTESIAN_POINT('',(-330.012,-135.,134.238));
#2078 = VECTOR('',#2079,1.);
#2079 = DIRECTION('',(-1.,0.,0.));
#2080 = PCURVE('',#587,#2081);
#2081 = DEFINITIONAL_REPRESENTATION('',(#2082),#2086);
#2082 = LINE('',#2083,#2084);
#2083 = CARTESIAN_POINT('',(0.,-30.));
#2084 = VECTOR('',#2085,1.);
#2085 = DIRECTION('',(1.,0.));
#2086 = ( GEOMETRIC_REPRESENTATION_CONTEXT(2) 
PARAMETRIC_REPRESENTATION_CONTEXT() REPRESENTATION_CONTEXT('2D SPACE',''
  ) );
#2087 = PCURVE('',#1740,#2088);
#2088 = DEFINITIONAL_REPRESENTATION('',(#2089),#2093);
#2089 = LINE('',#2090,#2091);
#2090 = CARTESIAN_POINT('',(330.012,-125.));
#2091 = VECTOR('',#2092,1.);
#2092 = DIRECTION('',(1.,0.));
#2093 = ( GEOMETRIC_REPRESENTATION_CONTEXT(2) 
PARAMETRIC_REPRESENTATION_CONTEXT() REPRESENTATION_CONTEXT('2D SPACE',''
  ) );
#2094 = ORIENTED_EDGE('',*,*,#2095,.F.);
#2095 = EDGE_CURVE('',#572,#2073,#2096,.T.);
#2096 = SURFACE_CURVE('',#2097,(#2101,#2108),.PCURVE_S1.);
#2097 = LINE('',#2098,#2099);
#2098 = CARTESIAN_POINT('',(-430.,-135.,164.238));
#2099 = VECTOR('',#2100,1.);
#2100 = DIRECTION('',(0.,0.,-1.));
#2101 = PCURVE('',#587,#2102);
#2102 = DEFINITIONAL_REPRESENTATION('',(#2103),#2107);
#2103 = LINE('',#2104,#2105);
#2104 = CARTESIAN_POINT('',(99.988,0.));
#2105 = VECTOR('',#2106,1.);
#2106 = DIRECTION('',(0.,-1.));
#2107 = ( GEOMETRIC_REPRESENTATION_CONTEXT(2) 
PARAMETRIC_REPRESENTATION_CONTEXT() REPRESENTATION_CONTEXT('2D SPACE',''
  ) );
#2108 = PCURVE('',#615,#2109);
#2109 = DEFINITIONAL_REPRESENTATION('',(#2110),#2114);
#2110 = LINE('',#2111,#2112);
#2111 = CARTESIAN_POINT('',(0.,0.));
#2112 = VECTOR('',#2113,1.);
#2113 = DIRECTION('',(0.,-1.));
#2114 = ( GEOMETRIC_REPRESENTATION_CONTEXT(2) 
PARAMETRIC_REPRESENTATION_CONTEXT() REPRESENTATION_CONTEXT('2D SPACE',''
  ) );
#2115 = ORIENTED_EDGE('',*,*,#571,.F.);
#2116 = ADVANCED_FACE('',(#2117),#615,.T.);
#2117 = FACE_BOUND('',#2118,.T.);
#2118 = EDGE_LOOP('',(#2119,#2120,#2143,#2164));
#2119 = ORIENTED_EDGE('',*,*,#2095,.T.);
#2120 = ORIENTED_EDGE('',*,*,#2121,.T.);
#2121 = EDGE_CURVE('',#2073,#2122,#2124,.T.);
#2122 = VERTEX_POINT('',#2123);
#2123 = CARTESIAN_POINT('',(-430.,-50.106,134.238));
#2124 = SURFACE_CURVE('',#2125,(#2129,#2136),.PCURVE_S1.);
#2125 = LINE('',#2126,#2127);
#2126 = CARTESIAN_POINT('',(-430.,-135.,134.238));
#2127 = VECTOR('',#2128,1.);
#2128 = DIRECTION('',(0.,1.,0.));
#2129 = PCURVE('',#615,#2130);
#2130 = DEFINITIONAL_REPRESENTATION('',(#2131),#2135);
#2131 = LINE('',#2132,#2133);
#2132 = CARTESIAN_POINT('',(0.,-30.));
#2133 = VECTOR('',#2134,1.);
#2134 = DIRECTION('',(1.,0.));
#2135 = ( GEOMETRIC_REPRESENTATION_CONTEXT(2) 
PARAMETRIC_REPRESENTATION_CONTEXT() REPRESENTATION_CONTEXT('2D SPACE',''
  ) );
#2136 = PCURVE('',#1740,#2137);
#2137 = DEFINITIONAL_REPRESENTATION('',(#2138),#2142);
#2138 = LINE('',#2139,#2140);
#2139 = CARTESIAN_POINT('',(430.,-125.));
#2140 = VECTOR('',#2141,1.);
#2141 = DIRECTION('',(0.,1.));
#2142 = ( GEOMETRIC_REPRESENTATION_CONTEXT(2) 
PARAMETRIC_REPRESENTATION_CONTEXT() REPRESENTATION_CONTEXT('2D SPACE',''
  ) );
#2143 = ORIENTED_EDGE('',*,*,#2144,.F.);
#2144 = EDGE_CURVE('',#600,#2122,#2145,.T.);
#2145 = SURFACE_CURVE('',#2146,(#2150,#2157),.PCURVE_S1.);
#2146 = LINE('',#2147,#2148);
#2147 = CARTESIAN_POINT('',(-430.,-50.106,164.238));
#2148 = VECTOR('',#2149,1.);
#2149 = DIRECTION('',(0.,0.,-1.));
#2150 = PCURVE('',#615,#2151);
#2151 = DEFINITIONAL_REPRESENTATION('',(#2152),#2156);
#2152 = LINE('',#2153,#2154);
#2153 = CARTESIAN_POINT('',(84.894,0.));
#2154 = VECTOR('',#2155,1.);
#2155 = DIRECTION('',(0.,-1.));
#2156 = ( GEOMETRIC_REPRESENTATION_CONTEXT(2) 
PARAMETRIC_REPRESENTATION_CONTEXT() REPRESENTATION_CONTEXT('2D SPACE',''
  ) );
#2157 = PCURVE('',#643,#2158);
#2158 = DEFINITIONAL_REPRESENTATION('',(#2159),#2163);
#2159 = LINE('',#2160,#2161);
#2160 = CARTESIAN_POINT('',(0.,0.));
#2161 = VECTOR('',#2162,1.);
#2162 = DIRECTION('',(0.,-1.));
#2163 = ( GEOMETRIC_REPRESENTATION_CONTEXT(2) 
PARAMETRIC_REPRESENTATION_CONTEXT() REPRESENTATION_CONTEXT('2D SPACE',''
  ) );
#2164 = ORIENTED_EDGE('',*,*,#599,.F.);
#2165 = ADVANCED_FACE('',(#2166),#643,.T.);
#2166 = FACE_BOUND('',#2167,.T.);
#2167 = EDGE_LOOP('',(#2168,#2169,#2192,#2213));
#2168 = ORIENTED_EDGE('',*,*,#2144,.T.);
#2169 = ORIENTED_EDGE('',*,*,#2170,.T.);
#2170 = EDGE_CURVE('',#2122,#2171,#2173,.T.);
#2171 = VERTEX_POINT('',#2172);
#2172 = CARTESIAN_POINT('',(-530.,-50.106,134.238));
#2173 = SURFACE_CURVE('',#2174,(#2178,#2185),.PCURVE_S1.);
#2174 = LINE('',#2175,#2176);
#2175 = CARTESIAN_POINT('',(-430.,-50.106,134.238));
#2176 = VECTOR('',#2177,1.);
#2177 = DIRECTION('',(-1.,0.,0.));
#2178 = PCURVE('',#643,#2179);
#2179 = DEFINITIONAL_REPRESENTATION('',(#2180),#2184);
#2180 = LINE('',#2181,#2182);
#2181 = CARTESIAN_POINT('',(0.,-30.));
#2182 = VECTOR('',#2183,1.);
#2183 = DIRECTION('',(1.,0.));
#2184 = ( GEOMETRIC_REPRESENTATION_CONTEXT(2) 
PARAMETRIC_REPRESENTATION_CONTEXT() REPRESENTATION_CONTEXT('2D SPACE',''
  ) );
#2185 = PCURVE('',#1740,#2186);
#2186 = DEFINITIONAL_REPRESENTATION('',(#2187),#2191);
#2187 = LINE('',#2188,#2189);
#2188 = CARTESIAN_POINT('',(430.,-40.106));
#2189 = VECTOR('',#2190,1.);
#2190 = DIRECTION('',(1.,0.));
#2191 = ( GEOMETRIC_REPRESENTATION_CONTEXT(2) 
PARAMETRIC_REPRESENTATION_CONTEXT() REPRESENTATION_CONTEXT('2D SPACE',''
  ) );
#2192 = ORIENTED_EDGE('',*,*,#2193,.F.);
#2193 = EDGE_CURVE('',#628,#2171,#2194,.T.);
#2194 = SURFACE_CURVE('',#2195,(#2199,#2206),.PCURVE_S1.);
#2195 = LINE('',#2196,#2197);
#2196 = CARTESIAN_POINT('',(-530.,-50.106,164.238));
#2197 = VECTOR('',#2198,1.);
#2198 = DIRECTION('',(0.,0.,-1.));
#2199 = PCURVE('',#643,#2200);
#2200 = DEFINITIONAL_REPRESENTATION('',(#2201),#2205);
#2201 = LINE('',#2202,#2203);
#2202 = CARTESIAN_POINT('',(100.,0.));
#2203 = VECTOR('',#2204,1.);
#2204 = DIRECTION('',(0.,-1.));
#2205 = ( GEOMETRIC_REPRESENTATION_CONTEXT(2) 
PARAMETRIC_REPRESENTATION_CONTEXT() REPRESENTATION_CONTEXT('2D SPACE',''
  ) );
#2206 = PCURVE('',#671,#2207);
#2207 = DEFINITIONAL_REPRESENTATION('',(#2208),#2212);
#2208 = LINE('',#2209,#2210);
#2209 = CARTESIAN_POINT('',(0.,0.));
#2210 = VECTOR('',#2211,1.);
#2211 = DIRECTION('',(0.,-1.));
#2212 = ( GEOMETRIC_REPRESENTATION_CONTEXT(2) 
PARAMETRIC_REPRESENTATION_CONTEXT() REPRESENTATION_CONTEXT('2D SPACE',''
  ) );
#2213 = ORIENTED_EDGE('',*,*,#627,.F.);
#2214 = ADVANCED_FACE('',(#2215),#671,.T.);
#2215 = FACE_BOUND('',#2216,.T.);
#2216 = EDGE_LOOP('',(#2217,#2218,#2241,#2262));
#2217 = ORIENTED_EDGE('',*,*,#2193,.T.);
#2218 = ORIENTED_EDGE('',*,*,#2219,.T.);
#2219 = EDGE_CURVE('',#2171,#2220,#2222,.T.);
#2220 = VERTEX_POINT('',#2221);
#2221 = CARTESIAN_POINT('',(-530.,50.106,134.238));
#2222 = SURFACE_CURVE('',#2223,(#2227,#2234),.PCURVE_S1.);
#2223 = LINE('',#2224,#2225);
#2224 = CARTESIAN_POINT('',(-530.,-50.106,134.238));
#2225 = VECTOR('',#2226,1.);
#2226 = DIRECTION('',(0.,1.,0.));
#2227 = PCURVE('',#671,#2228);
#2228 = DEFINITIONAL_REPRESENTATION('',(#2229),#2233);
#2229 = LINE('',#2230,#2231);
#2230 = CARTESIAN_POINT('',(0.,-30.));
#2231 = VECTOR('',#2232,1.);
#2232 = DIRECTION('',(1.,0.));
#2233 = ( GEOMETRIC_REPRESENTATION_CONTEXT(2) 
PARAMETRIC_REPRESENTATION_CONTEXT() REPRESENTATION_CONTEXT('2D SPACE',''
  ) );
#2234 = PCURVE('',#1740,#2235);
#2235 = DEFINITIONAL_REPRESENTATION('',(#2236),#2240);
#2236 = LINE('',#2237,#2238);
#2237 = CARTESIAN_POINT('',(530.,-40.106));
#2238 = VECTOR('',#2239,1.);
#2239 = DIRECTION('',(0.,1.));
#2240 = ( GEOMETRIC_REPRESENTATION_CONTEXT(2) 
PARAMETRIC_REPRESENTATION_CONTEXT() REPRESENTATION_CONTEXT('2D SPACE',''
  ) );
#2241 = ORIENTED_EDGE('',*,*,#2242,.F.);
#2242 = EDGE_CURVE('',#656,#2220,#2243,.T.);
#2243 = SURFACE_CURVE('',#2244,(#2248,#2255),.PCURVE_S1.);
#2244 = LINE('',#2245,#2246);
#2245 = CARTESIAN_POINT('',(-530.,50.106,164.238));
#2246 = VECTOR('',#2247,1.);
#2247 = DIRECTION('',(0.,0.,-1.));
#2248 = PCURVE('',#671,#2249);
#2249 = DEFINITIONAL_REPRESENTATION('',(#2250),#2254);
#2250 = LINE('',#2251,#2252);
#2251 = CARTESIAN_POINT('',(100.212,0.));
#2252 = VECTOR('',#2253,1.);
#2253 = DIRECTION('',(0.,-1.));
#2254 = ( GEOMETRIC_REPRESENTATION_CONTEXT(2) 
PARAMETRIC_REPRESENTATION_CONTEXT() REPRESENTATION_CONTEXT('2D SPACE',''
  ) );
#2255 = PCURVE('',#697,#2256);
#2256 = DEFINITIONAL_REPRESENTATION('',(#2257),#2261);
#2257 = LINE('',#2258,#2259);
#2258 = CARTESIAN_POINT('',(0.,0.));
#2259 = VECTOR('',#2260,1.);
#2260 = DIRECTION('',(0.,-1.));
#2261 = ( GEOMETRIC_REPRESENTATION_CONTEXT(2) 
PARAMETRIC_REPRESENTATION_CONTEXT() REPRESENTATION_CONTEXT('2D SPACE',''
  ) );
#2262 = ORIENTED_EDGE('',*,*,#655,.F.);
#2263 = ADVANCED_FACE('',(#2264),#697,.T.);
#2264 = FACE_BOUND('',#2265,.T.);
#2265 = EDGE_LOOP('',(#2266,#2267,#2288,#2289));
#2266 = ORIENTED_EDGE('',*,*,#2242,.T.);
#2267 = ORIENTED_EDGE('',*,*,#2268,.T.);
#2268 = EDGE_CURVE('',#2220,#1702,#2269,.T.);
#2269 = SURFACE_CURVE('',#2270,(#2274,#2281),.PCURVE_S1.);
#2270 = LINE('',#2271,#2272);
#2271 = CARTESIAN_POINT('',(-530.,50.106,134.238));
#2272 = VECTOR('',#2273,1.);
#2273 = DIRECTION('',(1.,0.,0.));
#2274 = PCURVE('',#697,#2275);
#2275 = DEFINITIONAL_REPRESENTATION('',(#2276),#2280);
#2276 = LINE('',#2277,#2278);
#2277 = CARTESIAN_POINT('',(0.,-30.));
#2278 = VECTOR('',#2279,1.);
#2279 = DIRECTION('',(1.,0.));
#2280 = ( GEOMETRIC_REPRESENTATION_CONTEXT(2) 
PARAMETRIC_REPRESENTATION_CONTEXT() REPRESENTATION_CONTEXT('2D SPACE',''
  ) );
#2281 = PCURVE('',#1740,#2282);
#2282 = DEFINITIONAL_REPRESENTATION('',(#2283),#2287);
#2283 = LINE('',#2284,#2285);
#2284 = CARTESIAN_POINT('',(530.,60.106));
#2285 = VECTOR('',#2286,1.);
#2286 = DIRECTION('',(-1.,0.));
#2287 = ( GEOMETRIC_REPRESENTATION_CONTEXT(2) 
PARAMETRIC_REPRESENTATION_CONTEXT() REPRESENTATION_CONTEXT('2D SPACE',''
  ) );
#2288 = ORIENTED_EDGE('',*,*,#1701,.F.);
#2289 = ORIENTED_EDGE('',*,*,#683,.F.);
#2290 = ADVANCED_FACE('',(#2291),#728,.F.);
#2291 = FACE_BOUND('',#2292,.F.);
#2292 = EDGE_LOOP('',(#2293,#2316,#2317,#2318,#2347,#2373,#2402,#2428,
    #2457,#2483,#2512,#2538,#2567,#2593,#2622,#2648,#2677,#2703,#2732,
    #2758));
#2293 = ORIENTED_EDGE('',*,*,#2294,.T.);
#2294 = EDGE_CURVE('',#2295,#712,#2297,.T.);
#2295 = VERTEX_POINT('',#2296);
#2296 = CARTESIAN_POINT('',(429.988,-84.894,134.237992287));
#2297 = SEAM_CURVE('',#2298,(#2302,#2309),.PCURVE_S1.);
#2298 = LINE('',#2299,#2300);
#2299 = CARTESIAN_POINT('',(429.988,-84.894,59.500007713));
#2300 = VECTOR('',#2301,1.);
#2301 = DIRECTION('',(0.,0.,1.));
#2302 = PCURVE('',#728,#2303);
#2303 = DEFINITIONAL_REPRESENTATION('',(#2304),#2308);
#2304 = LINE('',#2305,#2306);
#2305 = CARTESIAN_POINT('',(6.28318530718,-104.737992287));
#2306 = VECTOR('',#2307,1.);
#2307 = DIRECTION('',(-0.,1.));
#2308 = ( GEOMETRIC_REPRESENTATION_CONTEXT(2) 
PARAMETRIC_REPRESENTATION_CONTEXT() REPRESENTATION_CONTEXT('2D SPACE',''
  ) );
#2309 = PCURVE('',#728,#2310);
#2310 = DEFINITIONAL_REPRESENTATION('',(#2311),#2315);
#2311 = LINE('',#2312,#2313);
#2312 = CARTESIAN_POINT('',(0.,-104.737992287));
#2313 = VECTOR('',#2314,1.);
#2314 = DIRECTION('',(-0.,1.));
#2315 = ( GEOMETRIC_REPRESENTATION_CONTEXT(2) 
PARAMETRIC_REPRESENTATION_CONTEXT() REPRESENTATION_CONTEXT('2D SPACE',''
  ) );
#2316 = ORIENTED_EDGE('',*,*,#711,.F.);
#2317 = ORIENTED_EDGE('',*,*,#2294,.F.);
#2318 = ORIENTED_EDGE('',*,*,#2319,.T.);
#2319 = EDGE_CURVE('',#2295,#2320,#2322,.T.);
#2320 = VERTEX_POINT('',#2321);
#2321 = CARTESIAN_POINT('',(428.97779485566,-74.894,134.237992287));
#2322 = SURFACE_CURVE('',#2323,(#2328,#2335),.PCURVE_S1.);
#2323 = CIRCLE('',#2324,50.);
#2324 = AXIS2_PLACEMENT_3D('',#2325,#2326,#2327);
#2325 = CARTESIAN_POINT('',(379.988,-84.894,134.237992287));
#2326 = DIRECTION('',(0.,0.,1.));
#2327 = DIRECTION('',(1.,0.,-0.));
#2328 = PCURVE('',#728,#2329);
#2329 = DEFINITIONAL_REPRESENTATION('',(#2330),#2334);
#2330 = LINE('',#2331,#2332);
#2331 = CARTESIAN_POINT('',(0.,-30.000007713));
#2332 = VECTOR('',#2333,1.);
#2333 = DIRECTION('',(1.,0.));
#2334 = ( GEOMETRIC_REPRESENTATION_CONTEXT(2) 
PARAMETRIC_REPRESENTATION_CONTEXT() REPRESENTATION_CONTEXT('2D SPACE',''
  ) );
#2335 = PCURVE('',#2336,#2341);
#2336 = PLANE('',#2337);
#2337 = AXIS2_PLACEMENT_3D('',#2338,#2339,#2340);
#2338 = CARTESIAN_POINT('',(379.988,0.106,134.237992287));
#2339 = DIRECTION('',(0.,0.,1.));
#2340 = DIRECTION('',(1.,0.,0.));
#2341 = DEFINITIONAL_REPRESENTATION('',(#2342),#2346);
#2342 = CIRCLE('',#2343,50.);
#2343 = AXIS2_PLACEMENT_2D('',#2344,#2345);
#2344 = CARTESIAN_POINT('',(0.,-85.));
#2345 = DIRECTION('',(1.,0.));
#2346 = ( GEOMETRIC_REPRESENTATION_CONTEXT(2) 
PARAMETRIC_REPRESENTATION_CONTEXT() REPRESENTATION_CONTEXT('2D SPACE',''
  ) );
#2347 = ORIENTED_EDGE('',*,*,#2348,.F.);
#2348 = EDGE_CURVE('',#2349,#2320,#2351,.T.);
#2349 = VERTEX_POINT('',#2350);
#2350 = CARTESIAN_POINT('',(428.97779485566,-74.894,59.500007713));
#2351 = SURFACE_CURVE('',#2352,(#2356,#2362),.PCURVE_S1.);
#2352 = LINE('',#2353,#2354);
#2353 = CARTESIAN_POINT('',(428.97779485566,-74.894,164.238));
#2354 = VECTOR('',#2355,1.);
#2355 = DIRECTION('',(0.,0.,1.));
#2356 = PCURVE('',#728,#2357);
#2357 = DEFINITIONAL_REPRESENTATION('',(#2358),#2361);
#2358 = B_SPLINE_CURVE_WITH_KNOTS('',1,(#2359,#2360),.UNSPECIFIED.,.F.,
  .F.,(2,2),(-104.737992887,-22.5262084843),.PIECEWISE_BEZIER_KNOTS.);
#2359 = CARTESIAN_POINT('',(0.20135792079,-104.737992887));
#2360 = CARTESIAN_POINT('',(0.20135792079,-22.5262084843));
#2361 = ( GEOMETRIC_REPRESENTATION_CONTEXT(2) 
PARAMETRIC_REPRESENTATION_CONTEXT() REPRESENTATION_CONTEXT('2D SPACE',''
  ) );
#2362 = PCURVE('',#2363,#2368);
#2363 = PLANE('',#2364);
#2364 = AXIS2_PLACEMENT_3D('',#2365,#2366,#2367);
#2365 = CARTESIAN_POINT('',(389.988,-74.894,59.5));
#2366 = DIRECTION('',(0.,1.,0.));
#2367 = DIRECTION('',(1.,0.,0.));
#2368 = DEFINITIONAL_REPRESENTATION('',(#2369),#2372);
#2369 = B_SPLINE_CURVE_WITH_KNOTS('',1,(#2370,#2371),.UNSPECIFIED.,.F.,
  .F.,(2,2),(-104.737992887,-22.5262084843),.PIECEWISE_BEZIER_KNOTS.);
#2370 = CARTESIAN_POINT('',(38.989794855664,-7.112999995229E-06));
#2371 = CARTESIAN_POINT('',(38.989794855664,-82.2117915157));
#2372 = ( GEOMETRIC_REPRESENTATION_CONTEXT(2) 
PARAMETRIC_REPRESENTATION_CONTEXT() REPRESENTATION_CONTEXT('2D SPACE',''
  ) );
#2373 = ORIENTED_EDGE('',*,*,#2374,.T.);
#2374 = EDGE_CURVE('',#2349,#2375,#2377,.T.);
#2375 = VERTEX_POINT('',#2376);
#2376 = CARTESIAN_POINT('',(389.988,-35.90420514433,59.500007713));
#2377 = SURFACE_CURVE('',#2378,(#2383,#2390),.PCURVE_S1.);
#2378 = CIRCLE('',#2379,50.);
#2379 = AXIS2_PLACEMENT_3D('',#2380,#2381,#2382);
#2380 = CARTESIAN_POINT('',(379.988,-84.894,59.500007713));
#2381 = DIRECTION('',(0.,0.,1.));
#2382 = DIRECTION('',(1.,0.,0.));
#2383 = PCURVE('',#728,#2384);
#2384 = DEFINITIONAL_REPRESENTATION('',(#2385),#2389);
#2385 = LINE('',#2386,#2387);
#2386 = CARTESIAN_POINT('',(0.,-104.737992287));
#2387 = VECTOR('',#2388,1.);
#2388 = DIRECTION('',(1.,0.));
#2389 = ( GEOMETRIC_REPRESENTATION_CONTEXT(2) 
PARAMETRIC_REPRESENTATION_CONTEXT() REPRESENTATION_CONTEXT('2D SPACE',''
  ) );
#2390 = PCURVE('',#2391,#2396);
#2391 = PLANE('',#2392);
#2392 = AXIS2_PLACEMENT_3D('',#2393,#2394,#2395);
#2393 = CARTESIAN_POINT('',(379.988,-84.894,59.500007713));
#2394 = DIRECTION('',(0.,0.,1.));
#2395 = DIRECTION('',(1.,0.,0.));
#2396 = DEFINITIONAL_REPRESENTATION('',(#2397),#2401);
#2397 = CIRCLE('',#2398,50.);
#2398 = AXIS2_PLACEMENT_2D('',#2399,#2400);
#2399 = CARTESIAN_POINT('',(4.375808424126E-15,-4.679120177894E-16));
#2400 = DIRECTION('',(1.,0.));
#2401 = ( GEOMETRIC_REPRESENTATION_CONTEXT(2) 
PARAMETRIC_REPRESENTATION_CONTEXT() REPRESENTATION_CONTEXT('2D SPACE',''
  ) );
#2402 = ORIENTED_EDGE('',*,*,#2403,.T.);
#2403 = EDGE_CURVE('',#2375,#2404,#2406,.T.);
#2404 = VERTEX_POINT('',#2405);
#2405 = CARTESIAN_POINT('',(389.988,-35.90420514433,134.237992287));
#2406 = SURFACE_CURVE('',#2407,(#2411,#2417),.PCURVE_S1.);
#2407 = LINE('',#2408,#2409);
#2408 = CARTESIAN_POINT('',(389.988,-35.90420514433,164.238));
#2409 = VECTOR('',#2410,1.);
#2410 = DIRECTION('',(0.,0.,1.));
#2411 = PCURVE('',#728,#2412);
#2412 = DEFINITIONAL_REPRESENTATION('',(#2413),#2416);
#2413 = B_SPLINE_CURVE_WITH_KNOTS('',1,(#2414,#2415),.UNSPECIFIED.,.F.,
  .F.,(2,2),(-104.737992887,-22.5262084843),.PIECEWISE_BEZIER_KNOTS.);
#2414 = CARTESIAN_POINT('',(1.369438406005,-104.737992887));
#2415 = CARTESIAN_POINT('',(1.369438406005,-22.5262084843));
#2416 = ( GEOMETRIC_REPRESENTATION_CONTEXT(2) 
PARAMETRIC_REPRESENTATION_CONTEXT() REPRESENTATION_CONTEXT('2D SPACE',''
  ) );
#2417 = PCURVE('',#2418,#2423);
#2418 = PLANE('',#2419);
#2419 = AXIS2_PLACEMENT_3D('',#2420,#2421,#2422);
#2420 = CARTESIAN_POINT('',(389.988,-74.894,59.5));
#2421 = DIRECTION('',(-1.,0.,0.));
#2422 = DIRECTION('',(0.,1.,0.));
#2423 = DEFINITIONAL_REPRESENTATION('',(#2424),#2427);
#2424 = B_SPLINE_CURVE_WITH_KNOTS('',1,(#2425,#2426),.UNSPECIFIED.,.F.,
  .F.,(2,2),(-104.737992887,-22.5262084843),.PIECEWISE_BEZIER_KNOTS.);
#2425 = CARTESIAN_POINT('',(38.989794855664,-7.112999995229E-06));
#2426 = CARTESIAN_POINT('',(38.989794855664,-82.2117915157));
#2427 = ( GEOMETRIC_REPRESENTATION_CONTEXT(2) 
PARAMETRIC_REPRESENTATION_CONTEXT() REPRESENTATION_CONTEXT('2D SPACE',''
  ) );
#2428 = ORIENTED_EDGE('',*,*,#2429,.T.);
#2429 = EDGE_CURVE('',#2404,#2430,#2432,.T.);
#2430 = VERTEX_POINT('',#2431);
#2431 = CARTESIAN_POINT('',(369.988,-35.90420514433,134.237992287));
#2432 = SURFACE_CURVE('',#2433,(#2438,#2445),.PCURVE_S1.);
#2433 = CIRCLE('',#2434,50.);
#2434 = AXIS2_PLACEMENT_3D('',#2435,#2436,#2437);
#2435 = CARTESIAN_POINT('',(379.988,-84.894,134.237992287));
#2436 = DIRECTION('',(0.,0.,1.));
#2437 = DIRECTION('',(1.,0.,-0.));
#2438 = PCURVE('',#728,#2439);
#2439 = DEFINITIONAL_REPRESENTATION('',(#2440),#2444);
#2440 = LINE('',#2441,#2442);
#2441 = CARTESIAN_POINT('',(0.,-30.000007713));
#2442 = VECTOR('',#2443,1.);
#2443 = DIRECTION('',(1.,0.));
#2444 = ( GEOMETRIC_REPRESENTATION_CONTEXT(2) 
PARAMETRIC_REPRESENTATION_CONTEXT() REPRESENTATION_CONTEXT('2D SPACE',''
  ) );
#2445 = PCURVE('',#2446,#2451);
#2446 = PLANE('',#2447);
#2447 = AXIS2_PLACEMENT_3D('',#2448,#2449,#2450);
#2448 = CARTESIAN_POINT('',(379.988,0.106,134.237992287));
#2449 = DIRECTION('',(0.,0.,1.));
#2450 = DIRECTION('',(1.,0.,0.));
#2451 = DEFINITIONAL_REPRESENTATION('',(#2452),#2456);
#2452 = CIRCLE('',#2453,50.);
#2453 = AXIS2_PLACEMENT_2D('',#2454,#2455);
#2454 = CARTESIAN_POINT('',(0.,-85.));
#2455 = DIRECTION('',(1.,0.));
#2456 = ( GEOMETRIC_REPRESENTATION_CONTEXT(2) 
PARAMETRIC_REPRESENTATION_CONTEXT() REPRESENTATION_CONTEXT('2D SPACE',''
  ) );
#2457 = ORIENTED_EDGE('',*,*,#2458,.F.);
#2458 = EDGE_CURVE('',#2459,#2430,#2461,.T.);
#2459 = VERTEX_POINT('',#2460);
#2460 = CARTESIAN_POINT('',(369.988,-35.90420514433,59.500007713));
#2461 = SURFACE_CURVE('',#2462,(#2466,#2472),.PCURVE_S1.);
#2462 = LINE('',#2463,#2464);
#2463 = CARTESIAN_POINT('',(369.988,-35.90420514433,164.238));
#2464 = VECTOR('',#2465,1.);
#2465 = DIRECTION('',(0.,0.,1.));
#2466 = PCURVE('',#728,#2467);
#2467 = DEFINITIONAL_REPRESENTATION('',(#2468),#2471);
#2468 = B_SPLINE_CURVE_WITH_KNOTS('',1,(#2469,#2470),.UNSPECIFIED.,.F.,
  .F.,(2,2),(-104.737992887,-22.5262084843),.PIECEWISE_BEZIER_KNOTS.);
#2469 = CARTESIAN_POINT('',(1.772154247585,-104.737992887));
#2470 = CARTESIAN_POINT('',(1.772154247585,-22.5262084843));
#2471 = ( GEOMETRIC_REPRESENTATION_CONTEXT(2) 
PARAMETRIC_REPRESENTATION_CONTEXT() REPRESENTATION_CONTEXT('2D SPACE',''
  ) );
#2472 = PCURVE('',#2473,#2478);
#2473 = PLANE('',#2474);
#2474 = AXIS2_PLACEMENT_3D('',#2475,#2476,#2477);
#2475 = CARTESIAN_POINT('',(369.988,-9.894,59.5));
#2476 = DIRECTION('',(1.,0.,-0.));
#2477 = DIRECTION('',(0.,-1.,0.));
#2478 = DEFINITIONAL_REPRESENTATION('',(#2479),#2482);
#2479 = B_SPLINE_CURVE_WITH_KNOTS('',1,(#2480,#2481),.UNSPECIFIED.,.F.,
  .F.,(2,2),(-104.737992887,-22.5262084843),.PIECEWISE_BEZIER_KNOTS.);
#2480 = CARTESIAN_POINT('',(26.010205144336,-7.112999995229E-06));
#2481 = CARTESIAN_POINT('',(26.010205144336,-82.2117915157));
#2482 = ( GEOMETRIC_REPRESENTATION_CONTEXT(2) 
PARAMETRIC_REPRESENTATION_CONTEXT() REPRESENTATION_CONTEXT('2D SPACE',''
  ) );
#2483 = ORIENTED_EDGE('',*,*,#2484,.T.);
#2484 = EDGE_CURVE('',#2459,#2485,#2487,.T.);
#2485 = VERTEX_POINT('',#2486);
#2486 = CARTESIAN_POINT('',(330.99820514433,-74.894,59.500007713));
#2487 = SURFACE_CURVE('',#2488,(#2493,#2500),.PCURVE_S1.);
#2488 = CIRCLE('',#2489,50.);
#2489 = AXIS2_PLACEMENT_3D('',#2490,#2491,#2492);
#2490 = CARTESIAN_POINT('',(379.988,-84.894,59.500007713));
#2491 = DIRECTION('',(0.,0.,1.));
#2492 = DIRECTION('',(1.,0.,0.));
#2493 = PCURVE('',#728,#2494);
#2494 = DEFINITIONAL_REPRESENTATION('',(#2495),#2499);
#2495 = LINE('',#2496,#2497);
#2496 = CARTESIAN_POINT('',(0.,-104.737992287));
#2497 = VECTOR('',#2498,1.);
#2498 = DIRECTION('',(1.,0.));
#2499 = ( GEOMETRIC_REPRESENTATION_CONTEXT(2) 
PARAMETRIC_REPRESENTATION_CONTEXT() REPRESENTATION_CONTEXT('2D SPACE',''
  ) );
#2500 = PCURVE('',#2501,#2506);
#2501 = PLANE('',#2502);
#2502 = AXIS2_PLACEMENT_3D('',#2503,#2504,#2505);
#2503 = CARTESIAN_POINT('',(379.988,-84.894,59.500007713));
#2504 = DIRECTION('',(0.,0.,1.));
#2505 = DIRECTION('',(1.,0.,0.));
#2506 = DEFINITIONAL_REPRESENTATION('',(#2507),#2511);
#2507 = CIRCLE('',#2508,50.);
#2508 = AXIS2_PLACEMENT_2D('',#2509,#2510);
#2509 = CARTESIAN_POINT('',(4.375808424126E-15,-4.679120177894E-16));
#2510 = DIRECTION('',(1.,0.));
#2511 = ( GEOMETRIC_REPRESENTATION_CONTEXT(2) 
PARAMETRIC_REPRESENTATION_CONTEXT() REPRESENTATION_CONTEXT('2D SPACE',''
  ) );
#2512 = ORIENTED_EDGE('',*,*,#2513,.T.);
#2513 = EDGE_CURVE('',#2485,#2514,#2516,.T.);
#2514 = VERTEX_POINT('',#2515);
#2515 = CARTESIAN_POINT('',(330.99820514433,-74.894,134.237992287));
#2516 = SURFACE_CURVE('',#2517,(#2521,#2527),.PCURVE_S1.);
#2517 = LINE('',#2518,#2519);
#2518 = CARTESIAN_POINT('',(330.99820514433,-74.894,164.238));
#2519 = VECTOR('',#2520,1.);
#2520 = DIRECTION('',(0.,0.,1.));
#2521 = PCURVE('',#728,#2522);
#2522 = DEFINITIONAL_REPRESENTATION('',(#2523),#2526);
#2523 = B_SPLINE_CURVE_WITH_KNOTS('',1,(#2524,#2525),.UNSPECIFIED.,.F.,
  .F.,(2,2),(-104.737992887,-22.5262084843),.PIECEWISE_BEZIER_KNOTS.);
#2524 = CARTESIAN_POINT('',(2.940234732799,-104.737992887));
#2525 = CARTESIAN_POINT('',(2.940234732799,-22.5262084843));
#2526 = ( GEOMETRIC_REPRESENTATION_CONTEXT(2) 
PARAMETRIC_REPRESENTATION_CONTEXT() REPRESENTATION_CONTEXT('2D SPACE',''
  ) );
#2527 = PCURVE('',#2528,#2533);
#2528 = PLANE('',#2529);
#2529 = AXIS2_PLACEMENT_3D('',#2530,#2531,#2532);
#2530 = CARTESIAN_POINT('',(319.8272,-74.894,59.5));
#2531 = DIRECTION('',(0.,1.,0.));
#2532 = DIRECTION('',(1.,0.,0.));
#2533 = DEFINITIONAL_REPRESENTATION('',(#2534),#2537);
#2534 = B_SPLINE_CURVE_WITH_KNOTS('',1,(#2535,#2536),.UNSPECIFIED.,.F.,
  .F.,(2,2),(-104.737992887,-22.5262084843),.PIECEWISE_BEZIER_KNOTS.);
#2535 = CARTESIAN_POINT('',(11.171005144336,-7.112999995229E-06));
#2536 = CARTESIAN_POINT('',(11.171005144336,-82.2117915157));
#2537 = ( GEOMETRIC_REPRESENTATION_CONTEXT(2) 
PARAMETRIC_REPRESENTATION_CONTEXT() REPRESENTATION_CONTEXT('2D SPACE',''
  ) );
#2538 = ORIENTED_EDGE('',*,*,#2539,.T.);
#2539 = EDGE_CURVE('',#2514,#2540,#2542,.T.);
#2540 = VERTEX_POINT('',#2541);
#2541 = CARTESIAN_POINT('',(330.99820514433,-94.894,134.237992287));
#2542 = SURFACE_CURVE('',#2543,(#2548,#2555),.PCURVE_S1.);
#2543 = CIRCLE('',#2544,50.);
#2544 = AXIS2_PLACEMENT_3D('',#2545,#2546,#2547);
#2545 = CARTESIAN_POINT('',(379.988,-84.894,134.237992287));
#2546 = DIRECTION('',(0.,0.,1.));
#2547 = DIRECTION('',(1.,0.,-0.));
#2548 = PCURVE('',#728,#2549);
#2549 = DEFINITIONAL_REPRESENTATION('',(#2550),#2554);
#2550 = LINE('',#2551,#2552);
#2551 = CARTESIAN_POINT('',(0.,-30.000007713));
#2552 = VECTOR('',#2553,1.);
#2553 = DIRECTION('',(1.,0.));
#2554 = ( GEOMETRIC_REPRESENTATION_CONTEXT(2) 
PARAMETRIC_REPRESENTATION_CONTEXT() REPRESENTATION_CONTEXT('2D SPACE',''
  ) );
#2555 = PCURVE('',#2556,#2561);
#2556 = PLANE('',#2557);
#2557 = AXIS2_PLACEMENT_3D('',#2558,#2559,#2560);
#2558 = CARTESIAN_POINT('',(379.988,0.106,134.237992287));
#2559 = DIRECTION('',(0.,0.,1.));
#2560 = DIRECTION('',(1.,0.,0.));
#2561 = DEFINITIONAL_REPRESENTATION('',(#2562),#2566);
#2562 = CIRCLE('',#2563,50.);
#2563 = AXIS2_PLACEMENT_2D('',#2564,#2565);
#2564 = CARTESIAN_POINT('',(0.,-85.));
#2565 = DIRECTION('',(1.,0.));
#2566 = ( GEOMETRIC_REPRESENTATION_CONTEXT(2) 
PARAMETRIC_REPRESENTATION_CONTEXT() REPRESENTATION_CONTEXT('2D SPACE',''
  ) );
#2567 = ORIENTED_EDGE('',*,*,#2568,.F.);
#2568 = EDGE_CURVE('',#2569,#2540,#2571,.T.);
#2569 = VERTEX_POINT('',#2570);
#2570 = CARTESIAN_POINT('',(330.99820514433,-94.894,59.500007713));
#2571 = SURFACE_CURVE('',#2572,(#2576,#2582),.PCURVE_S1.);
#2572 = LINE('',#2573,#2574);
#2573 = CARTESIAN_POINT('',(330.99820514433,-94.894,164.238));
#2574 = VECTOR('',#2575,1.);
#2575 = DIRECTION('',(0.,0.,1.));
#2576 = PCURVE('',#728,#2577);
#2577 = DEFINITIONAL_REPRESENTATION('',(#2578),#2581);
#2578 = B_SPLINE_CURVE_WITH_KNOTS('',1,(#2579,#2580),.UNSPECIFIED.,.F.,
  .F.,(2,2),(-104.737992887,-22.5262084843),.PIECEWISE_BEZIER_KNOTS.);
#2579 = CARTESIAN_POINT('',(3.34295057438,-104.737992887));
#2580 = CARTESIAN_POINT('',(3.34295057438,-22.5262084843));
#2581 = ( GEOMETRIC_REPRESENTATION_CONTEXT(2) 
PARAMETRIC_REPRESENTATION_CONTEXT() REPRESENTATION_CONTEXT('2D SPACE',''
  ) );
#2582 = PCURVE('',#2583,#2588);
#2583 = PLANE('',#2584);
#2584 = AXIS2_PLACEMENT_3D('',#2585,#2586,#2587);
#2585 = CARTESIAN_POINT('',(369.988,-94.894,59.5));
#2586 = DIRECTION('',(0.,-1.,0.));
#2587 = DIRECTION('',(-1.,0.,0.));
#2588 = DEFINITIONAL_REPRESENTATION('',(#2589),#2592);
#2589 = B_SPLINE_CURVE_WITH_KNOTS('',1,(#2590,#2591),.UNSPECIFIED.,.F.,
  .F.,(2,2),(-104.737992887,-22.5262084843),.PIECEWISE_BEZIER_KNOTS.);
#2590 = CARTESIAN_POINT('',(38.989794855664,-7.112999995229E-06));
#2591 = CARTESIAN_POINT('',(38.989794855664,-82.2117915157));
#2592 = ( GEOMETRIC_REPRESENTATION_CONTEXT(2) 
PARAMETRIC_REPRESENTATION_CONTEXT() REPRESENTATION_CONTEXT('2D SPACE',''
  ) );
#2593 = ORIENTED_EDGE('',*,*,#2594,.T.);
#2594 = EDGE_CURVE('',#2569,#2595,#2597,.T.);
#2595 = VERTEX_POINT('',#2596);
#2596 = CARTESIAN_POINT('',(369.988,-133.8837948556,59.500007713));
#2597 = SURFACE_CURVE('',#2598,(#2603,#2610),.PCURVE_S1.);
#2598 = CIRCLE('',#2599,50.);
#2599 = AXIS2_PLACEMENT_3D('',#2600,#2601,#2602);
#2600 = CARTESIAN_POINT('',(379.988,-84.894,59.500007713));
#2601 = DIRECTION('',(0.,0.,1.));
#2602 = DIRECTION('',(1.,0.,0.));
#2603 = PCURVE('',#728,#2604);
#2604 = DEFINITIONAL_REPRESENTATION('',(#2605),#2609);
#2605 = LINE('',#2606,#2607);
#2606 = CARTESIAN_POINT('',(0.,-104.737992287));
#2607 = VECTOR('',#2608,1.);
#2608 = DIRECTION('',(1.,0.));
#2609 = ( GEOMETRIC_REPRESENTATION_CONTEXT(2) 
PARAMETRIC_REPRESENTATION_CONTEXT() REPRESENTATION_CONTEXT('2D SPACE',''
  ) );
#2610 = PCURVE('',#2611,#2616);
#2611 = PLANE('',#2612);
#2612 = AXIS2_PLACEMENT_3D('',#2613,#2614,#2615);
#2613 = CARTESIAN_POINT('',(379.988,-84.894,59.500007713));
#2614 = DIRECTION('',(0.,0.,1.));
#2615 = DIRECTION('',(1.,0.,0.));
#2616 = DEFINITIONAL_REPRESENTATION('',(#2617),#2621);
#2617 = CIRCLE('',#2618,50.);
#2618 = AXIS2_PLACEMENT_2D('',#2619,#2620);
#2619 = CARTESIAN_POINT('',(4.375808424126E-15,-4.679120177894E-16));
#2620 = DIRECTION('',(1.,0.));
#2621 = ( GEOMETRIC_REPRESENTATION_CONTEXT(2) 
PARAMETRIC_REPRESENTATION_CONTEXT() REPRESENTATION_CONTEXT('2D SPACE',''
  ) );
#2622 = ORIENTED_EDGE('',*,*,#2623,.T.);
#2623 = EDGE_CURVE('',#2595,#2624,#2626,.T.);
#2624 = VERTEX_POINT('',#2625);
#2625 = CARTESIAN_POINT('',(369.988,-133.8837948556,134.237992287));
#2626 = SURFACE_CURVE('',#2627,(#2631,#2637),.PCURVE_S1.);
#2627 = LINE('',#2628,#2629);
#2628 = CARTESIAN_POINT('',(369.988,-133.8837948556,164.238));
#2629 = VECTOR('',#2630,1.);
#2630 = DIRECTION('',(0.,0.,1.));
#2631 = PCURVE('',#728,#2632);
#2632 = DEFINITIONAL_REPRESENTATION('',(#2633),#2636);
#2633 = B_SPLINE_CURVE_WITH_KNOTS('',1,(#2634,#2635),.UNSPECIFIED.,.F.,
  .F.,(2,2),(-104.737992887,-22.5262084843),.PIECEWISE_BEZIER_KNOTS.);
#2634 = CARTESIAN_POINT('',(4.511031059594,-104.737992887));
#2635 = CARTESIAN_POINT('',(4.511031059594,-22.5262084843));
#2636 = ( GEOMETRIC_REPRESENTATION_CONTEXT(2) 
PARAMETRIC_REPRESENTATION_CONTEXT() REPRESENTATION_CONTEXT('2D SPACE',''
  ) );
#2637 = PCURVE('',#2638,#2643);
#2638 = PLANE('',#2639);
#2639 = AXIS2_PLACEMENT_3D('',#2640,#2641,#2642);
#2640 = CARTESIAN_POINT('',(369.988,-94.894,59.5));
#2641 = DIRECTION('',(1.,0.,-0.));
#2642 = DIRECTION('',(0.,-1.,0.));
#2643 = DEFINITIONAL_REPRESENTATION('',(#2644),#2647);
#2644 = B_SPLINE_CURVE_WITH_KNOTS('',1,(#2645,#2646),.UNSPECIFIED.,.F.,
  .F.,(2,2),(-104.737992887,-22.5262084843),.PIECEWISE_BEZIER_KNOTS.);
#2645 = CARTESIAN_POINT('',(38.989794855664,-7.112999995229E-06));
#2646 = CARTESIAN_POINT('',(38.989794855664,-82.2117915157));
#2647 = ( GEOMETRIC_REPRESENTATION_CONTEXT(2) 
PARAMETRIC_REPRESENTATION_CONTEXT() REPRESENTATION_CONTEXT('2D SPACE',''
  ) );
#2648 = ORIENTED_EDGE('',*,*,#2649,.T.);
#2649 = EDGE_CURVE('',#2624,#2650,#2652,.T.);
#2650 = VERTEX_POINT('',#2651);
#2651 = CARTESIAN_POINT('',(389.988,-133.8837948556,134.237992287));
#2652 = SURFACE_CURVE('',#2653,(#2658,#2665),.PCURVE_S1.);
#2653 = CIRCLE('',#2654,50.);
#2654 = AXIS2_PLACEMENT_3D('',#2655,#2656,#2657);
#2655 = CARTESIAN_POINT('',(379.988,-84.894,134.237992287));
#2656 = DIRECTION('',(0.,0.,1.));
#2657 = DIRECTION('',(1.,0.,-0.));
#2658 = PCURVE('',#728,#2659);
#2659 = DEFINITIONAL_REPRESENTATION('',(#2660),#2664);
#2660 = LINE('',#2661,#2662);
#2661 = CARTESIAN_POINT('',(0.,-30.000007713));
#2662 = VECTOR('',#2663,1.);
#2663 = DIRECTION('',(1.,0.));
#2664 = ( GEOMETRIC_REPRESENTATION_CONTEXT(2) 
PARAMETRIC_REPRESENTATION_CONTEXT() REPRESENTATION_CONTEXT('2D SPACE',''
  ) );
#2665 = PCURVE('',#2666,#2671);
#2666 = PLANE('',#2667);
#2667 = AXIS2_PLACEMENT_3D('',#2668,#2669,#2670);
#2668 = CARTESIAN_POINT('',(379.988,0.106,134.237992287));
#2669 = DIRECTION('',(0.,0.,1.));
#2670 = DIRECTION('',(1.,0.,0.));
#2671 = DEFINITIONAL_REPRESENTATION('',(#2672),#2676);
#2672 = CIRCLE('',#2673,50.);
#2673 = AXIS2_PLACEMENT_2D('',#2674,#2675);
#2674 = CARTESIAN_POINT('',(0.,-85.));
#2675 = DIRECTION('',(1.,0.));
#2676 = ( GEOMETRIC_REPRESENTATION_CONTEXT(2) 
PARAMETRIC_REPRESENTATION_CONTEXT() REPRESENTATION_CONTEXT('2D SPACE',''
  ) );
#2677 = ORIENTED_EDGE('',*,*,#2678,.F.);
#2678 = EDGE_CURVE('',#2679,#2650,#2681,.T.);
#2679 = VERTEX_POINT('',#2680);
#2680 = CARTESIAN_POINT('',(389.988,-133.8837948556,59.500007713));
#2681 = SURFACE_CURVE('',#2682,(#2686,#2692),.PCURVE_S1.);
#2682 = LINE('',#2683,#2684);
#2683 = CARTESIAN_POINT('',(389.988,-133.8837948556,164.238));
#2684 = VECTOR('',#2685,1.);
#2685 = DIRECTION('',(0.,0.,1.));
#2686 = PCURVE('',#728,#2687);
#2687 = DEFINITIONAL_REPRESENTATION('',(#2688),#2691);
#2688 = B_SPLINE_CURVE_WITH_KNOTS('',1,(#2689,#2690),.UNSPECIFIED.,.F.,
  .F.,(2,2),(-104.737992887,-22.5262084843),.PIECEWISE_BEZIER_KNOTS.);
#2689 = CARTESIAN_POINT('',(4.913746901175,-104.737992887));
#2690 = CARTESIAN_POINT('',(4.913746901175,-22.5262084843));
#2691 = ( GEOMETRIC_REPRESENTATION_CONTEXT(2) 
PARAMETRIC_REPRESENTATION_CONTEXT() REPRESENTATION_CONTEXT('2D SPACE',''
  ) );
#2692 = PCURVE('',#2693,#2698);
#2693 = PLANE('',#2694);
#2694 = AXIS2_PLACEMENT_3D('',#2695,#2696,#2697);
#2695 = CARTESIAN_POINT('',(389.988,-145.0548,59.5));
#2696 = DIRECTION('',(-1.,0.,0.));
#2697 = DIRECTION('',(0.,1.,0.));
#2698 = DEFINITIONAL_REPRESENTATION('',(#2699),#2702);
#2699 = B_SPLINE_CURVE_WITH_KNOTS('',1,(#2700,#2701),.UNSPECIFIED.,.F.,
  .F.,(2,2),(-104.737992887,-22.5262084843),.PIECEWISE_BEZIER_KNOTS.);
#2700 = CARTESIAN_POINT('',(11.171005144336,-7.112999995229E-06));
#2701 = CARTESIAN_POINT('',(11.171005144336,-82.2117915157));
#2702 = ( GEOMETRIC_REPRESENTATION_CONTEXT(2) 
PARAMETRIC_REPRESENTATION_CONTEXT() REPRESENTATION_CONTEXT('2D SPACE',''
  ) );
#2703 = ORIENTED_EDGE('',*,*,#2704,.T.);
#2704 = EDGE_CURVE('',#2679,#2705,#2707,.T.);
#2705 = VERTEX_POINT('',#2706);
#2706 = CARTESIAN_POINT('',(428.97779485566,-94.894,59.500007713));
#2707 = SURFACE_CURVE('',#2708,(#2713,#2720),.PCURVE_S1.);
#2708 = CIRCLE('',#2709,50.);
#2709 = AXIS2_PLACEMENT_3D('',#2710,#2711,#2712);
#2710 = CARTESIAN_POINT('',(379.988,-84.894,59.500007713));
#2711 = DIRECTION('',(0.,0.,1.));
#2712 = DIRECTION('',(1.,0.,0.));
#2713 = PCURVE('',#728,#2714);
#2714 = DEFINITIONAL_REPRESENTATION('',(#2715),#2719);
#2715 = LINE('',#2716,#2717);
#2716 = CARTESIAN_POINT('',(0.,-104.737992287));
#2717 = VECTOR('',#2718,1.);
#2718 = DIRECTION('',(1.,0.));
#2719 = ( GEOMETRIC_REPRESENTATION_CONTEXT(2) 
PARAMETRIC_REPRESENTATION_CONTEXT() REPRESENTATION_CONTEXT('2D SPACE',''
  ) );
#2720 = PCURVE('',#2721,#2726);
#2721 = PLANE('',#2722);
#2722 = AXIS2_PLACEMENT_3D('',#2723,#2724,#2725);
#2723 = CARTESIAN_POINT('',(379.988,-84.894,59.500007713));
#2724 = DIRECTION('',(0.,0.,1.));
#2725 = DIRECTION('',(1.,0.,0.));
#2726 = DEFINITIONAL_REPRESENTATION('',(#2727),#2731);
#2727 = CIRCLE('',#2728,50.);
#2728 = AXIS2_PLACEMENT_2D('',#2729,#2730);
#2729 = CARTESIAN_POINT('',(4.375808424126E-15,-4.679120177894E-16));
#2730 = DIRECTION('',(1.,0.));
#2731 = ( GEOMETRIC_REPRESENTATION_CONTEXT(2) 
PARAMETRIC_REPRESENTATION_CONTEXT() REPRESENTATION_CONTEXT('2D SPACE',''
  ) );
#2732 = ORIENTED_EDGE('',*,*,#2733,.T.);
#2733 = EDGE_CURVE('',#2705,#2734,#2736,.T.);
#2734 = VERTEX_POINT('',#2735);
#2735 = CARTESIAN_POINT('',(428.97779485566,-94.894,134.237992287));
#2736 = SURFACE_CURVE('',#2737,(#2741,#2747),.PCURVE_S1.);
#2737 = LINE('',#2738,#2739);
#2738 = CARTESIAN_POINT('',(428.97779485566,-94.894,164.238));
#2739 = VECTOR('',#2740,1.);
#2740 = DIRECTION('',(0.,0.,1.));
#2741 = PCURVE('',#728,#2742);
#2742 = DEFINITIONAL_REPRESENTATION('',(#2743),#2746);
#2743 = B_SPLINE_CURVE_WITH_KNOTS('',1,(#2744,#2745),.UNSPECIFIED.,.F.,
  .F.,(2,2),(-104.737992887,-22.5262084843),.PIECEWISE_BEZIER_KNOTS.);
#2744 = CARTESIAN_POINT('',(6.081827386389,-104.737992887));
#2745 = CARTESIAN_POINT('',(6.081827386389,-22.5262084843));
#2746 = ( GEOMETRIC_REPRESENTATION_CONTEXT(2) 
PARAMETRIC_REPRESENTATION_CONTEXT() REPRESENTATION_CONTEXT('2D SPACE',''
  ) );
#2747 = PCURVE('',#2748,#2753);
#2748 = PLANE('',#2749);
#2749 = AXIS2_PLACEMENT_3D('',#2750,#2751,#2752);
#2750 = CARTESIAN_POINT('',(440.1488,-94.894,59.5));
#2751 = DIRECTION('',(0.,-1.,0.));
#2752 = DIRECTION('',(-1.,0.,0.));
#2753 = DEFINITIONAL_REPRESENTATION('',(#2754),#2757);
#2754 = B_SPLINE_CURVE_WITH_KNOTS('',1,(#2755,#2756),.UNSPECIFIED.,.F.,
  .F.,(2,2),(-104.737992887,-22.5262084843),.PIECEWISE_BEZIER_KNOTS.);
#2755 = CARTESIAN_POINT('',(11.171005144336,-7.112999995229E-06));
#2756 = CARTESIAN_POINT('',(11.171005144336,-82.2117915157));
#2757 = ( GEOMETRIC_REPRESENTATION_CONTEXT(2) 
PARAMETRIC_REPRESENTATION_CONTEXT() REPRESENTATION_CONTEXT('2D SPACE',''
  ) );
#2758 = ORIENTED_EDGE('',*,*,#2759,.T.);
#2759 = EDGE_CURVE('',#2734,#2295,#2760,.T.);
#2760 = SURFACE_CURVE('',#2761,(#2766,#2773),.PCURVE_S1.);
#2761 = CIRCLE('',#2762,50.);
#2762 = AXIS2_PLACEMENT_3D('',#2763,#2764,#2765);
#2763 = CARTESIAN_POINT('',(379.988,-84.894,134.237992287));
#2764 = DIRECTION('',(0.,0.,1.));
#2765 = DIRECTION('',(1.,0.,-0.));
#2766 = PCURVE('',#728,#2767);
#2767 = DEFINITIONAL_REPRESENTATION('',(#2768),#2772);
#2768 = LINE('',#2769,#2770);
#2769 = CARTESIAN_POINT('',(0.,-30.000007713));
#2770 = VECTOR('',#2771,1.);
#2771 = DIRECTION('',(1.,0.));
#2772 = ( GEOMETRIC_REPRESENTATION_CONTEXT(2) 
PARAMETRIC_REPRESENTATION_CONTEXT() REPRESENTATION_CONTEXT('2D SPACE',''
  ) );
#2773 = PCURVE('',#2336,#2774);
#2774 = DEFINITIONAL_REPRESENTATION('',(#2775),#2779);
#2775 = CIRCLE('',#2776,50.);
#2776 = AXIS2_PLACEMENT_2D('',#2777,#2778);
#2777 = CARTESIAN_POINT('',(0.,-85.));
#2778 = DIRECTION('',(1.,0.));
#2779 = ( GEOMETRIC_REPRESENTATION_CONTEXT(2) 
PARAMETRIC_REPRESENTATION_CONTEXT() REPRESENTATION_CONTEXT('2D SPACE',''
  ) );
#2780 = ADVANCED_FACE('',(#2781),#759,.F.);
#2781 = FACE_BOUND('',#2782,.F.);
#2782 = EDGE_LOOP('',(#2783,#2806,#2807,#2808,#2837,#2863,#2892,#2918,
    #2947,#2973,#3002,#3028,#3057,#3083,#3112,#3138,#3167,#3193,#3222,
    #3248));
#2783 = ORIENTED_EDGE('',*,*,#2784,.T.);
#2784 = EDGE_CURVE('',#2785,#743,#2787,.T.);
#2785 = VERTEX_POINT('',#2786);
#2786 = CARTESIAN_POINT('',(329.988,0.106,134.237992287));
#2787 = SEAM_CURVE('',#2788,(#2792,#2799),.PCURVE_S1.);
#2788 = LINE('',#2789,#2790);
#2789 = CARTESIAN_POINT('',(329.988,0.106,59.500007713));
#2790 = VECTOR('',#2791,1.);
#2791 = DIRECTION('',(0.,0.,1.));
#2792 = PCURVE('',#759,#2793);
#2793 = DEFINITIONAL_REPRESENTATION('',(#2794),#2798);
#2794 = LINE('',#2795,#2796);
#2795 = CARTESIAN_POINT('',(6.28318530718,-104.737992287));
#2796 = VECTOR('',#2797,1.);
#2797 = DIRECTION('',(-0.,1.));
#2798 = ( GEOMETRIC_REPRESENTATION_CONTEXT(2) 
PARAMETRIC_REPRESENTATION_CONTEXT() REPRESENTATION_CONTEXT('2D SPACE',''
  ) );
#2799 = PCURVE('',#759,#2800);
#2800 = DEFINITIONAL_REPRESENTATION('',(#2801),#2805);
#2801 = LINE('',#2802,#2803);
#2802 = CARTESIAN_POINT('',(0.,-104.737992287));
#2803 = VECTOR('',#2804,1.);
#2804 = DIRECTION('',(-0.,1.));
#2805 = ( GEOMETRIC_REPRESENTATION_CONTEXT(2) 
PARAMETRIC_REPRESENTATION_CONTEXT() REPRESENTATION_CONTEXT('2D SPACE',''
  ) );
#2806 = ORIENTED_EDGE('',*,*,#742,.F.);
#2807 = ORIENTED_EDGE('',*,*,#2784,.F.);
#2808 = ORIENTED_EDGE('',*,*,#2809,.T.);
#2809 = EDGE_CURVE('',#2785,#2810,#2812,.T.);
#2810 = VERTEX_POINT('',#2811);
#2811 = CARTESIAN_POINT('',(328.97779485566,10.106,134.237992287));
#2812 = SURFACE_CURVE('',#2813,(#2818,#2825),.PCURVE_S1.);
#2813 = CIRCLE('',#2814,50.);
#2814 = AXIS2_PLACEMENT_3D('',#2815,#2816,#2817);
#2815 = CARTESIAN_POINT('',(279.988,0.106,134.237992287));
#2816 = DIRECTION('',(0.,0.,1.));
#2817 = DIRECTION('',(1.,0.,-0.));
#2818 = PCURVE('',#759,#2819);
#2819 = DEFINITIONAL_REPRESENTATION('',(#2820),#2824);
#2820 = LINE('',#2821,#2822);
#2821 = CARTESIAN_POINT('',(0.,-30.000007713));
#2822 = VECTOR('',#2823,1.);
#2823 = DIRECTION('',(1.,0.));
#2824 = ( GEOMETRIC_REPRESENTATION_CONTEXT(2) 
PARAMETRIC_REPRESENTATION_CONTEXT() REPRESENTATION_CONTEXT('2D SPACE',''
  ) );
#2825 = PCURVE('',#2826,#2831);
#2826 = PLANE('',#2827);
#2827 = AXIS2_PLACEMENT_3D('',#2828,#2829,#2830);
#2828 = CARTESIAN_POINT('',(379.988,0.106,134.237992287));
#2829 = DIRECTION('',(0.,0.,1.));
#2830 = DIRECTION('',(1.,0.,0.));
#2831 = DEFINITIONAL_REPRESENTATION('',(#2832),#2836);
#2832 = CIRCLE('',#2833,50.);
#2833 = AXIS2_PLACEMENT_2D('',#2834,#2835);
#2834 = CARTESIAN_POINT('',(-100.,1.638966740103E-14));
#2835 = DIRECTION('',(1.,0.));
#2836 = ( GEOMETRIC_REPRESENTATION_CONTEXT(2) 
PARAMETRIC_REPRESENTATION_CONTEXT() REPRESENTATION_CONTEXT('2D SPACE',''
  ) );
#2837 = ORIENTED_EDGE('',*,*,#2838,.F.);
#2838 = EDGE_CURVE('',#2839,#2810,#2841,.T.);
#2839 = VERTEX_POINT('',#2840);
#2840 = CARTESIAN_POINT('',(328.97779485566,10.106,59.500007713));
#2841 = SURFACE_CURVE('',#2842,(#2846,#2852),.PCURVE_S1.);
#2842 = LINE('',#2843,#2844);
#2843 = CARTESIAN_POINT('',(328.97779485566,10.106,164.238));
#2844 = VECTOR('',#2845,1.);
#2845 = DIRECTION('',(0.,0.,1.));
#2846 = PCURVE('',#759,#2847);
#2847 = DEFINITIONAL_REPRESENTATION('',(#2848),#2851);
#2848 = B_SPLINE_CURVE_WITH_KNOTS('',1,(#2849,#2850),.UNSPECIFIED.,.F.,
  .F.,(2,2),(-104.737992887,-22.5262084843),.PIECEWISE_BEZIER_KNOTS.);
#2849 = CARTESIAN_POINT('',(0.20135792079,-104.737992887));
#2850 = CARTESIAN_POINT('',(0.20135792079,-22.5262084843));
#2851 = ( GEOMETRIC_REPRESENTATION_CONTEXT(2) 
PARAMETRIC_REPRESENTATION_CONTEXT() REPRESENTATION_CONTEXT('2D SPACE',''
  ) );
#2852 = PCURVE('',#2853,#2858);
#2853 = PLANE('',#2854);
#2854 = AXIS2_PLACEMENT_3D('',#2855,#2856,#2857);
#2855 = CARTESIAN_POINT('',(289.988,10.106,59.5));
#2856 = DIRECTION('',(0.,1.,0.));
#2857 = DIRECTION('',(1.,0.,0.));
#2858 = DEFINITIONAL_REPRESENTATION('',(#2859),#2862);
#2859 = B_SPLINE_CURVE_WITH_KNOTS('',1,(#2860,#2861),.UNSPECIFIED.,.F.,
  .F.,(2,2),(-104.737992887,-22.5262084843),.PIECEWISE_BEZIER_KNOTS.);
#2860 = CARTESIAN_POINT('',(38.989794855664,-7.112999995229E-06));
#2861 = CARTESIAN_POINT('',(38.989794855664,-82.2117915157));
#2862 = ( GEOMETRIC_REPRESENTATION_CONTEXT(2) 
PARAMETRIC_REPRESENTATION_CONTEXT() REPRESENTATION_CONTEXT('2D SPACE',''
  ) );
#2863 = ORIENTED_EDGE('',*,*,#2864,.T.);
#2864 = EDGE_CURVE('',#2839,#2865,#2867,.T.);
#2865 = VERTEX_POINT('',#2866);
#2866 = CARTESIAN_POINT('',(289.988,49.095794855664,59.500007713));
#2867 = SURFACE_CURVE('',#2868,(#2873,#2880),.PCURVE_S1.);
#2868 = CIRCLE('',#2869,50.);
#2869 = AXIS2_PLACEMENT_3D('',#2870,#2871,#2872);
#2870 = CARTESIAN_POINT('',(279.988,0.106,59.500007713));
#2871 = DIRECTION('',(0.,0.,1.));
#2872 = DIRECTION('',(1.,0.,0.));
#2873 = PCURVE('',#759,#2874);
#2874 = DEFINITIONAL_REPRESENTATION('',(#2875),#2879);
#2875 = LINE('',#2876,#2877);
#2876 = CARTESIAN_POINT('',(0.,-104.737992287));
#2877 = VECTOR('',#2878,1.);
#2878 = DIRECTION('',(1.,0.));
#2879 = ( GEOMETRIC_REPRESENTATION_CONTEXT(2) 
PARAMETRIC_REPRESENTATION_CONTEXT() REPRESENTATION_CONTEXT('2D SPACE',''
  ) );
#2880 = PCURVE('',#2881,#2886);
#2881 = PLANE('',#2882);
#2882 = AXIS2_PLACEMENT_3D('',#2883,#2884,#2885);
#2883 = CARTESIAN_POINT('',(279.988,0.106,59.500007713));
#2884 = DIRECTION('',(0.,0.,1.));
#2885 = DIRECTION('',(1.,0.,0.));
#2886 = DEFINITIONAL_REPRESENTATION('',(#2887),#2891);
#2887 = CIRCLE('',#2888,50.);
#2888 = AXIS2_PLACEMENT_2D('',#2889,#2890);
#2889 = CARTESIAN_POINT('',(4.375808424126E-15,-4.679120177894E-16));
#2890 = DIRECTION('',(1.,0.));
#2891 = ( GEOMETRIC_REPRESENTATION_CONTEXT(2) 
PARAMETRIC_REPRESENTATION_CONTEXT() REPRESENTATION_CONTEXT('2D SPACE',''
  ) );
#2892 = ORIENTED_EDGE('',*,*,#2893,.T.);
#2893 = EDGE_CURVE('',#2865,#2894,#2896,.T.);
#2894 = VERTEX_POINT('',#2895);
#2895 = CARTESIAN_POINT('',(289.988,49.095794855663,134.237992287));
#2896 = SURFACE_CURVE('',#2897,(#2901,#2907),.PCURVE_S1.);
#2897 = LINE('',#2898,#2899);
#2898 = CARTESIAN_POINT('',(289.988,49.095794855664,164.238));
#2899 = VECTOR('',#2900,1.);
#2900 = DIRECTION('',(0.,0.,1.));
#2901 = PCURVE('',#759,#2902);
#2902 = DEFINITIONAL_REPRESENTATION('',(#2903),#2906);
#2903 = B_SPLINE_CURVE_WITH_KNOTS('',1,(#2904,#2905),.UNSPECIFIED.,.F.,
  .F.,(2,2),(-104.737992887,-22.5262084843),.PIECEWISE_BEZIER_KNOTS.);
#2904 = CARTESIAN_POINT('',(1.369438406005,-104.737992887));
#2905 = CARTESIAN_POINT('',(1.369438406005,-22.5262084843));
#2906 = ( GEOMETRIC_REPRESENTATION_CONTEXT(2) 
PARAMETRIC_REPRESENTATION_CONTEXT() REPRESENTATION_CONTEXT('2D SPACE',''
  ) );
#2907 = PCURVE('',#2908,#2913);
#2908 = PLANE('',#2909);
#2909 = AXIS2_PLACEMENT_3D('',#2910,#2911,#2912);
#2910 = CARTESIAN_POINT('',(289.988,10.106,59.5));
#2911 = DIRECTION('',(-1.,0.,0.));
#2912 = DIRECTION('',(0.,1.,0.));
#2913 = DEFINITIONAL_REPRESENTATION('',(#2914),#2917);
#2914 = B_SPLINE_CURVE_WITH_KNOTS('',1,(#2915,#2916),.UNSPECIFIED.,.F.,
  .F.,(2,2),(-104.737992887,-22.5262084843),.PIECEWISE_BEZIER_KNOTS.);
#2915 = CARTESIAN_POINT('',(38.989794855664,-7.112999995229E-06));
#2916 = CARTESIAN_POINT('',(38.989794855664,-82.2117915157));
#2917 = ( GEOMETRIC_REPRESENTATION_CONTEXT(2) 
PARAMETRIC_REPRESENTATION_CONTEXT() REPRESENTATION_CONTEXT('2D SPACE',''
  ) );
#2918 = ORIENTED_EDGE('',*,*,#2919,.T.);
#2919 = EDGE_CURVE('',#2894,#2920,#2922,.T.);
#2920 = VERTEX_POINT('',#2921);
#2921 = CARTESIAN_POINT('',(269.988,49.095794855664,134.237992287));
#2922 = SURFACE_CURVE('',#2923,(#2928,#2935),.PCURVE_S1.);
#2923 = CIRCLE('',#2924,50.);
#2924 = AXIS2_PLACEMENT_3D('',#2925,#2926,#2927);
#2925 = CARTESIAN_POINT('',(279.988,0.106,134.237992287));
#2926 = DIRECTION('',(0.,0.,1.));
#2927 = DIRECTION('',(1.,0.,-0.));
#2928 = PCURVE('',#759,#2929);
#2929 = DEFINITIONAL_REPRESENTATION('',(#2930),#2934);
#2930 = LINE('',#2931,#2932);
#2931 = CARTESIAN_POINT('',(0.,-30.000007713));
#2932 = VECTOR('',#2933,1.);
#2933 = DIRECTION('',(1.,0.));
#2934 = ( GEOMETRIC_REPRESENTATION_CONTEXT(2) 
PARAMETRIC_REPRESENTATION_CONTEXT() REPRESENTATION_CONTEXT('2D SPACE',''
  ) );
#2935 = PCURVE('',#2936,#2941);
#2936 = PLANE('',#2937);
#2937 = AXIS2_PLACEMENT_3D('',#2938,#2939,#2940);
#2938 = CARTESIAN_POINT('',(379.988,0.106,134.237992287));
#2939 = DIRECTION('',(0.,0.,1.));
#2940 = DIRECTION('',(1.,0.,0.));
#2941 = DEFINITIONAL_REPRESENTATION('',(#2942),#2946);
#2942 = CIRCLE('',#2943,50.);
#2943 = AXIS2_PLACEMENT_2D('',#2944,#2945);
#2944 = CARTESIAN_POINT('',(-100.,1.638966740103E-14));
#2945 = DIRECTION('',(1.,0.));
#2946 = ( GEOMETRIC_REPRESENTATION_CONTEXT(2) 
PARAMETRIC_REPRESENTATION_CONTEXT() REPRESENTATION_CONTEXT('2D SPACE',''
  ) );
#2947 = ORIENTED_EDGE('',*,*,#2948,.F.);
#2948 = EDGE_CURVE('',#2949,#2920,#2951,.T.);
#2949 = VERTEX_POINT('',#2950);
#2950 = CARTESIAN_POINT('',(269.988,49.095794855664,59.500007713));
#2951 = SURFACE_CURVE('',#2952,(#2956,#2962),.PCURVE_S1.);
#2952 = LINE('',#2953,#2954);
#2953 = CARTESIAN_POINT('',(269.988,49.095794855664,164.238));
#2954 = VECTOR('',#2955,1.);
#2955 = DIRECTION('',(0.,0.,1.));
#2956 = PCURVE('',#759,#2957);
#2957 = DEFINITIONAL_REPRESENTATION('',(#2958),#2961);
#2958 = B_SPLINE_CURVE_WITH_KNOTS('',1,(#2959,#2960),.UNSPECIFIED.,.F.,
  .F.,(2,2),(-104.737992887,-22.5262084843),.PIECEWISE_BEZIER_KNOTS.);
#2959 = CARTESIAN_POINT('',(1.772154247585,-104.737992887));
#2960 = CARTESIAN_POINT('',(1.772154247585,-22.5262084843));
#2961 = ( GEOMETRIC_REPRESENTATION_CONTEXT(2) 
PARAMETRIC_REPRESENTATION_CONTEXT() REPRESENTATION_CONTEXT('2D SPACE',''
  ) );
#2962 = PCURVE('',#2963,#2968);
#2963 = PLANE('',#2964);
#2964 = AXIS2_PLACEMENT_3D('',#2965,#2966,#2967);
#2965 = CARTESIAN_POINT('',(269.988,60.2668,59.5));
#2966 = DIRECTION('',(1.,0.,-0.));
#2967 = DIRECTION('',(0.,-1.,0.));
#2968 = DEFINITIONAL_REPRESENTATION('',(#2969),#2972);
#2969 = B_SPLINE_CURVE_WITH_KNOTS('',1,(#2970,#2971),.UNSPECIFIED.,.F.,
  .F.,(2,2),(-104.737992887,-22.5262084843),.PIECEWISE_BEZIER_KNOTS.);
#2970 = CARTESIAN_POINT('',(11.171005144336,-7.112999995229E-06));
#2971 = CARTESIAN_POINT('',(11.171005144336,-82.2117915157));
#2972 = ( GEOMETRIC_REPRESENTATION_CONTEXT(2) 
PARAMETRIC_REPRESENTATION_CONTEXT() REPRESENTATION_CONTEXT('2D SPACE',''
  ) );
#2973 = ORIENTED_EDGE('',*,*,#2974,.T.);
#2974 = EDGE_CURVE('',#2949,#2975,#2977,.T.);
#2975 = VERTEX_POINT('',#2976);
#2976 = CARTESIAN_POINT('',(230.99820514433,10.106,59.500007713));
#2977 = SURFACE_CURVE('',#2978,(#2983,#2990),.PCURVE_S1.);
#2978 = CIRCLE('',#2979,50.);
#2979 = AXIS2_PLACEMENT_3D('',#2980,#2981,#2982);
#2980 = CARTESIAN_POINT('',(279.988,0.106,59.500007713));
#2981 = DIRECTION('',(0.,0.,1.));
#2982 = DIRECTION('',(1.,0.,0.));
#2983 = PCURVE('',#759,#2984);
#2984 = DEFINITIONAL_REPRESENTATION('',(#2985),#2989);
#2985 = LINE('',#2986,#2987);
#2986 = CARTESIAN_POINT('',(0.,-104.737992287));
#2987 = VECTOR('',#2988,1.);
#2988 = DIRECTION('',(1.,0.));
#2989 = ( GEOMETRIC_REPRESENTATION_CONTEXT(2) 
PARAMETRIC_REPRESENTATION_CONTEXT() REPRESENTATION_CONTEXT('2D SPACE',''
  ) );
#2990 = PCURVE('',#2991,#2996);
#2991 = PLANE('',#2992);
#2992 = AXIS2_PLACEMENT_3D('',#2993,#2994,#2995);
#2993 = CARTESIAN_POINT('',(279.988,0.106,59.500007713));
#2994 = DIRECTION('',(0.,0.,1.));
#2995 = DIRECTION('',(1.,0.,0.));
#2996 = DEFINITIONAL_REPRESENTATION('',(#2997),#3001);
#2997 = CIRCLE('',#2998,50.);
#2998 = AXIS2_PLACEMENT_2D('',#2999,#3000);
#2999 = CARTESIAN_POINT('',(4.375808424126E-15,-4.679120177894E-16));
#3000 = DIRECTION('',(1.,0.));
#3001 = ( GEOMETRIC_REPRESENTATION_CONTEXT(2) 
PARAMETRIC_REPRESENTATION_CONTEXT() REPRESENTATION_CONTEXT('2D SPACE',''
  ) );
#3002 = ORIENTED_EDGE('',*,*,#3003,.T.);
#3003 = EDGE_CURVE('',#2975,#3004,#3006,.T.);
#3004 = VERTEX_POINT('',#3005);
#3005 = CARTESIAN_POINT('',(230.99820514433,10.106,134.237992287));
#3006 = SURFACE_CURVE('',#3007,(#3011,#3017),.PCURVE_S1.);
#3007 = LINE('',#3008,#3009);
#3008 = CARTESIAN_POINT('',(230.99820514433,10.106,164.238));
#3009 = VECTOR('',#3010,1.);
#3010 = DIRECTION('',(0.,0.,1.));
#3011 = PCURVE('',#759,#3012);
#3012 = DEFINITIONAL_REPRESENTATION('',(#3013),#3016);
#3013 = B_SPLINE_CURVE_WITH_KNOTS('',1,(#3014,#3015),.UNSPECIFIED.,.F.,
  .F.,(2,2),(-104.737992887,-22.5262084843),.PIECEWISE_BEZIER_KNOTS.);
#3014 = CARTESIAN_POINT('',(2.940234732799,-104.737992887));
#3015 = CARTESIAN_POINT('',(2.940234732799,-22.5262084843));
#3016 = ( GEOMETRIC_REPRESENTATION_CONTEXT(2) 
PARAMETRIC_REPRESENTATION_CONTEXT() REPRESENTATION_CONTEXT('2D SPACE',''
  ) );
#3017 = PCURVE('',#3018,#3023);
#3018 = PLANE('',#3019);
#3019 = AXIS2_PLACEMENT_3D('',#3020,#3021,#3022);
#3020 = CARTESIAN_POINT('',(219.8272,10.106,59.5));
#3021 = DIRECTION('',(0.,1.,0.));
#3022 = DIRECTION('',(1.,0.,0.));
#3023 = DEFINITIONAL_REPRESENTATION('',(#3024),#3027);
#3024 = B_SPLINE_CURVE_WITH_KNOTS('',1,(#3025,#3026),.UNSPECIFIED.,.F.,
  .F.,(2,2),(-104.737992887,-22.5262084843),.PIECEWISE_BEZIER_KNOTS.);
#3025 = CARTESIAN_POINT('',(11.171005144336,-7.112999995229E-06));
#3026 = CARTESIAN_POINT('',(11.171005144336,-82.2117915157));
#3027 = ( GEOMETRIC_REPRESENTATION_CONTEXT(2) 
PARAMETRIC_REPRESENTATION_CONTEXT() REPRESENTATION_CONTEXT('2D SPACE',''
  ) );
#3028 = ORIENTED_EDGE('',*,*,#3029,.T.);
#3029 = EDGE_CURVE('',#3004,#3030,#3032,.T.);
#3030 = VERTEX_POINT('',#3031);
#3031 = CARTESIAN_POINT('',(230.99820514433,-9.894,134.237992287));
#3032 = SURFACE_CURVE('',#3033,(#3038,#3045),.PCURVE_S1.);
#3033 = CIRCLE('',#3034,50.);
#3034 = AXIS2_PLACEMENT_3D('',#3035,#3036,#3037);
#3035 = CARTESIAN_POINT('',(279.988,0.106,134.237992287));
#3036 = DIRECTION('',(0.,0.,1.));
#3037 = DIRECTION('',(1.,0.,-0.));
#3038 = PCURVE('',#759,#3039);
#3039 = DEFINITIONAL_REPRESENTATION('',(#3040),#3044);
#3040 = LINE('',#3041,#3042);
#3041 = CARTESIAN_POINT('',(0.,-30.000007713));
#3042 = VECTOR('',#3043,1.);
#3043 = DIRECTION('',(1.,0.));
#3044 = ( GEOMETRIC_REPRESENTATION_CONTEXT(2) 
PARAMETRIC_REPRESENTATION_CONTEXT() REPRESENTATION_CONTEXT('2D SPACE',''
  ) );
#3045 = PCURVE('',#3046,#3051);
#3046 = PLANE('',#3047);
#3047 = AXIS2_PLACEMENT_3D('',#3048,#3049,#3050);
#3048 = CARTESIAN_POINT('',(379.988,0.106,134.237992287));
#3049 = DIRECTION('',(0.,0.,1.));
#3050 = DIRECTION('',(1.,0.,0.));
#3051 = DEFINITIONAL_REPRESENTATION('',(#3052),#3056);
#3052 = CIRCLE('',#3053,50.);
#3053 = AXIS2_PLACEMENT_2D('',#3054,#3055);
#3054 = CARTESIAN_POINT('',(-100.,1.638966740103E-14));
#3055 = DIRECTION('',(1.,0.));
#3056 = ( GEOMETRIC_REPRESENTATION_CONTEXT(2) 
PARAMETRIC_REPRESENTATION_CONTEXT() REPRESENTATION_CONTEXT('2D SPACE',''
  ) );
#3057 = ORIENTED_EDGE('',*,*,#3058,.F.);
#3058 = EDGE_CURVE('',#3059,#3030,#3061,.T.);
#3059 = VERTEX_POINT('',#3060);
#3060 = CARTESIAN_POINT('',(230.99820514433,-9.894,59.500007713));
#3061 = SURFACE_CURVE('',#3062,(#3066,#3072),.PCURVE_S1.);
#3062 = LINE('',#3063,#3064);
#3063 = CARTESIAN_POINT('',(230.99820514433,-9.894,164.238));
#3064 = VECTOR('',#3065,1.);
#3065 = DIRECTION('',(0.,0.,1.));
#3066 = PCURVE('',#759,#3067);
#3067 = DEFINITIONAL_REPRESENTATION('',(#3068),#3071);
#3068 = B_SPLINE_CURVE_WITH_KNOTS('',1,(#3069,#3070),.UNSPECIFIED.,.F.,
  .F.,(2,2),(-104.737992887,-22.5262084843),.PIECEWISE_BEZIER_KNOTS.);
#3069 = CARTESIAN_POINT('',(3.34295057438,-104.737992887));
#3070 = CARTESIAN_POINT('',(3.34295057438,-22.5262084843));
#3071 = ( GEOMETRIC_REPRESENTATION_CONTEXT(2) 
PARAMETRIC_REPRESENTATION_CONTEXT() REPRESENTATION_CONTEXT('2D SPACE',''
  ) );
#3072 = PCURVE('',#3073,#3078);
#3073 = PLANE('',#3074);
#3074 = AXIS2_PLACEMENT_3D('',#3075,#3076,#3077);
#3075 = CARTESIAN_POINT('',(269.988,-9.894,59.5));
#3076 = DIRECTION('',(0.,-1.,0.));
#3077 = DIRECTION('',(-1.,0.,0.));
#3078 = DEFINITIONAL_REPRESENTATION('',(#3079),#3082);
#3079 = B_SPLINE_CURVE_WITH_KNOTS('',1,(#3080,#3081),.UNSPECIFIED.,.F.,
  .F.,(2,2),(-104.737992887,-22.5262084843),.PIECEWISE_BEZIER_KNOTS.);
#3080 = CARTESIAN_POINT('',(38.989794855664,-7.112999995229E-06));
#3081 = CARTESIAN_POINT('',(38.989794855664,-82.2117915157));
#3082 = ( GEOMETRIC_REPRESENTATION_CONTEXT(2) 
PARAMETRIC_REPRESENTATION_CONTEXT() REPRESENTATION_CONTEXT('2D SPACE',''
  ) );
#3083 = ORIENTED_EDGE('',*,*,#3084,.T.);
#3084 = EDGE_CURVE('',#3059,#3085,#3087,.T.);
#3085 = VERTEX_POINT('',#3086);
#3086 = CARTESIAN_POINT('',(269.988,-48.88379485566,59.500007713));
#3087 = SURFACE_CURVE('',#3088,(#3093,#3100),.PCURVE_S1.);
#3088 = CIRCLE('',#3089,50.);
#3089 = AXIS2_PLACEMENT_3D('',#3090,#3091,#3092);
#3090 = CARTESIAN_POINT('',(279.988,0.106,59.500007713));
#3091 = DIRECTION('',(0.,0.,1.));
#3092 = DIRECTION('',(1.,0.,0.));
#3093 = PCURVE('',#759,#3094);
#3094 = DEFINITIONAL_REPRESENTATION('',(#3095),#3099);
#3095 = LINE('',#3096,#3097);
#3096 = CARTESIAN_POINT('',(0.,-104.737992287));
#3097 = VECTOR('',#3098,1.);
#3098 = DIRECTION('',(1.,0.));
#3099 = ( GEOMETRIC_REPRESENTATION_CONTEXT(2) 
PARAMETRIC_REPRESENTATION_CONTEXT() REPRESENTATION_CONTEXT('2D SPACE',''
  ) );
#3100 = PCURVE('',#3101,#3106);
#3101 = PLANE('',#3102);
#3102 = AXIS2_PLACEMENT_3D('',#3103,#3104,#3105);
#3103 = CARTESIAN_POINT('',(279.988,0.106,59.500007713));
#3104 = DIRECTION('',(0.,0.,1.));
#3105 = DIRECTION('',(1.,0.,0.));
#3106 = DEFINITIONAL_REPRESENTATION('',(#3107),#3111);
#3107 = CIRCLE('',#3108,50.);
#3108 = AXIS2_PLACEMENT_2D('',#3109,#3110);
#3109 = CARTESIAN_POINT('',(4.375808424126E-15,-4.679120177894E-16));
#3110 = DIRECTION('',(1.,0.));
#3111 = ( GEOMETRIC_REPRESENTATION_CONTEXT(2) 
PARAMETRIC_REPRESENTATION_CONTEXT() REPRESENTATION_CONTEXT('2D SPACE',''
  ) );
#3112 = ORIENTED_EDGE('',*,*,#3113,.T.);
#3113 = EDGE_CURVE('',#3085,#3114,#3116,.T.);
#3114 = VERTEX_POINT('',#3115);
#3115 = CARTESIAN_POINT('',(269.988,-48.88379485566,134.237992287));
#3116 = SURFACE_CURVE('',#3117,(#3121,#3127),.PCURVE_S1.);
#3117 = LINE('',#3118,#3119);
#3118 = CARTESIAN_POINT('',(269.988,-48.88379485566,164.238));
#3119 = VECTOR('',#3120,1.);
#3120 = DIRECTION('',(0.,0.,1.));
#3121 = PCURVE('',#759,#3122);
#3122 = DEFINITIONAL_REPRESENTATION('',(#3123),#3126);
#3123 = B_SPLINE_CURVE_WITH_KNOTS('',1,(#3124,#3125),.UNSPECIFIED.,.F.,
  .F.,(2,2),(-104.737992887,-22.5262084843),.PIECEWISE_BEZIER_KNOTS.);
#3124 = CARTESIAN_POINT('',(4.511031059594,-104.737992887));
#3125 = CARTESIAN_POINT('',(4.511031059594,-22.5262084843));
#3126 = ( GEOMETRIC_REPRESENTATION_CONTEXT(2) 
PARAMETRIC_REPRESENTATION_CONTEXT() REPRESENTATION_CONTEXT('2D SPACE',''
  ) );
#3127 = PCURVE('',#3128,#3133);
#3128 = PLANE('',#3129);
#3129 = AXIS2_PLACEMENT_3D('',#3130,#3131,#3132);
#3130 = CARTESIAN_POINT('',(269.988,-9.894,59.5));
#3131 = DIRECTION('',(1.,0.,-0.));
#3132 = DIRECTION('',(0.,-1.,0.));
#3133 = DEFINITIONAL_REPRESENTATION('',(#3134),#3137);
#3134 = B_SPLINE_CURVE_WITH_KNOTS('',1,(#3135,#3136),.UNSPECIFIED.,.F.,
  .F.,(2,2),(-104.737992887,-22.5262084843),.PIECEWISE_BEZIER_KNOTS.);
#3135 = CARTESIAN_POINT('',(38.989794855664,-7.112999995229E-06));
#3136 = CARTESIAN_POINT('',(38.989794855664,-82.2117915157));
#3137 = ( GEOMETRIC_REPRESENTATION_CONTEXT(2) 
PARAMETRIC_REPRESENTATION_CONTEXT() REPRESENTATION_CONTEXT('2D SPACE',''
  ) );
#3138 = ORIENTED_EDGE('',*,*,#3139,.T.);
#3139 = EDGE_CURVE('',#3114,#3140,#3142,.T.);
#3140 = VERTEX_POINT('',#3141);
#3141 = CARTESIAN_POINT('',(289.988,-48.88379485566,134.237992287));
#3142 = SURFACE_CURVE('',#3143,(#3148,#3155),.PCURVE_S1.);
#3143 = CIRCLE('',#3144,50.);
#3144 = AXIS2_PLACEMENT_3D('',#3145,#3146,#3147);
#3145 = CARTESIAN_POINT('',(279.988,0.106,134.237992287));
#3146 = DIRECTION('',(0.,0.,1.));
#3147 = DIRECTION('',(1.,0.,-0.));
#3148 = PCURVE('',#759,#3149);
#3149 = DEFINITIONAL_REPRESENTATION('',(#3150),#3154);
#3150 = LINE('',#3151,#3152);
#3151 = CARTESIAN_POINT('',(0.,-30.000007713));
#3152 = VECTOR('',#3153,1.);
#3153 = DIRECTION('',(1.,0.));
#3154 = ( GEOMETRIC_REPRESENTATION_CONTEXT(2) 
PARAMETRIC_REPRESENTATION_CONTEXT() REPRESENTATION_CONTEXT('2D SPACE',''
  ) );
#3155 = PCURVE('',#3156,#3161);
#3156 = PLANE('',#3157);
#3157 = AXIS2_PLACEMENT_3D('',#3158,#3159,#3160);
#3158 = CARTESIAN_POINT('',(379.988,0.106,134.237992287));
#3159 = DIRECTION('',(0.,0.,1.));
#3160 = DIRECTION('',(1.,0.,0.));
#3161 = DEFINITIONAL_REPRESENTATION('',(#3162),#3166);
#3162 = CIRCLE('',#3163,50.);
#3163 = AXIS2_PLACEMENT_2D('',#3164,#3165);
#3164 = CARTESIAN_POINT('',(-100.,1.638966740103E-14));
#3165 = DIRECTION('',(1.,0.));
#3166 = ( GEOMETRIC_REPRESENTATION_CONTEXT(2) 
PARAMETRIC_REPRESENTATION_CONTEXT() REPRESENTATION_CONTEXT('2D SPACE',''
  ) );
#3167 = ORIENTED_EDGE('',*,*,#3168,.F.);
#3168 = EDGE_CURVE('',#3169,#3140,#3171,.T.);
#3169 = VERTEX_POINT('',#3170);
#3170 = CARTESIAN_POINT('',(289.988,-48.88379485566,59.500007713));
#3171 = SURFACE_CURVE('',#3172,(#3176,#3182),.PCURVE_S1.);
#3172 = LINE('',#3173,#3174);
#3173 = CARTESIAN_POINT('',(289.988,-48.88379485566,164.238));
#3174 = VECTOR('',#3175,1.);
#3175 = DIRECTION('',(0.,0.,1.));
#3176 = PCURVE('',#759,#3177);
#3177 = DEFINITIONAL_REPRESENTATION('',(#3178),#3181);
#3178 = B_SPLINE_CURVE_WITH_KNOTS('',1,(#3179,#3180),.UNSPECIFIED.,.F.,
  .F.,(2,2),(-104.737992887,-22.5262084843),.PIECEWISE_BEZIER_KNOTS.);
#3179 = CARTESIAN_POINT('',(4.913746901175,-104.737992887));
#3180 = CARTESIAN_POINT('',(4.913746901175,-22.5262084843));
#3181 = ( GEOMETRIC_REPRESENTATION_CONTEXT(2) 
PARAMETRIC_REPRESENTATION_CONTEXT() REPRESENTATION_CONTEXT('2D SPACE',''
  ) );
#3182 = PCURVE('',#3183,#3188);
#3183 = PLANE('',#3184);
#3184 = AXIS2_PLACEMENT_3D('',#3185,#3186,#3187);
#3185 = CARTESIAN_POINT('',(289.988,-60.0548,59.5));
#3186 = DIRECTION('',(-1.,0.,0.));
#3187 = DIRECTION('',(0.,1.,0.));
#3188 = DEFINITIONAL_REPRESENTATION('',(#3189),#3192);
#3189 = B_SPLINE_CURVE_WITH_KNOTS('',1,(#3190,#3191),.UNSPECIFIED.,.F.,
  .F.,(2,2),(-104.737992887,-22.5262084843),.PIECEWISE_BEZIER_KNOTS.);
#3190 = CARTESIAN_POINT('',(11.171005144336,-7.112999995229E-06));
#3191 = CARTESIAN_POINT('',(11.171005144336,-82.2117915157));
#3192 = ( GEOMETRIC_REPRESENTATION_CONTEXT(2) 
PARAMETRIC_REPRESENTATION_CONTEXT() REPRESENTATION_CONTEXT('2D SPACE',''
  ) );
#3193 = ORIENTED_EDGE('',*,*,#3194,.T.);
#3194 = EDGE_CURVE('',#3169,#3195,#3197,.T.);
#3195 = VERTEX_POINT('',#3196);
#3196 = CARTESIAN_POINT('',(328.97779485566,-9.894,59.500007713));
#3197 = SURFACE_CURVE('',#3198,(#3203,#3210),.PCURVE_S1.);
#3198 = CIRCLE('',#3199,50.);
#3199 = AXIS2_PLACEMENT_3D('',#3200,#3201,#3202);
#3200 = CARTESIAN_POINT('',(279.988,0.106,59.500007713));
#3201 = DIRECTION('',(0.,0.,1.));
#3202 = DIRECTION('',(1.,0.,0.));
#3203 = PCURVE('',#759,#3204);
#3204 = DEFINITIONAL_REPRESENTATION('',(#3205),#3209);
#3205 = LINE('',#3206,#3207);
#3206 = CARTESIAN_POINT('',(0.,-104.737992287));
#3207 = VECTOR('',#3208,1.);
#3208 = DIRECTION('',(1.,0.));
#3209 = ( GEOMETRIC_REPRESENTATION_CONTEXT(2) 
PARAMETRIC_REPRESENTATION_CONTEXT() REPRESENTATION_CONTEXT('2D SPACE',''
  ) );
#3210 = PCURVE('',#3211,#3216);
#3211 = PLANE('',#3212);
#3212 = AXIS2_PLACEMENT_3D('',#3213,#3214,#3215);
#3213 = CARTESIAN_POINT('',(279.988,0.106,59.500007713));
#3214 = DIRECTION('',(0.,0.,1.));
#3215 = DIRECTION('',(1.,0.,0.));
#3216 = DEFINITIONAL_REPRESENTATION('',(#3217),#3221);
#3217 = CIRCLE('',#3218,50.);
#3218 = AXIS2_PLACEMENT_2D('',#3219,#3220);
#3219 = CARTESIAN_POINT('',(4.375808424126E-15,-4.679120177894E-16));
#3220 = DIRECTION('',(1.,0.));
#3221 = ( GEOMETRIC_REPRESENTATION_CONTEXT(2) 
PARAMETRIC_REPRESENTATION_CONTEXT() REPRESENTATION_CONTEXT('2D SPACE',''
  ) );
#3222 = ORIENTED_EDGE('',*,*,#3223,.T.);
#3223 = EDGE_CURVE('',#3195,#3224,#3226,.T.);
#3224 = VERTEX_POINT('',#3225);
#3225 = CARTESIAN_POINT('',(328.97779485566,-9.894,134.237992287));
#3226 = SURFACE_CURVE('',#3227,(#3231,#3237),.PCURVE_S1.);
#3227 = LINE('',#3228,#3229);
#3228 = CARTESIAN_POINT('',(328.97779485566,-9.894,164.238));
#3229 = VECTOR('',#3230,1.);
#3230 = DIRECTION('',(0.,0.,1.));
#3231 = PCURVE('',#759,#3232);
#3232 = DEFINITIONAL_REPRESENTATION('',(#3233),#3236);
#3233 = B_SPLINE_CURVE_WITH_KNOTS('',1,(#3234,#3235),.UNSPECIFIED.,.F.,
  .F.,(2,2),(-104.737992887,-22.5262084843),.PIECEWISE_BEZIER_KNOTS.);
#3234 = CARTESIAN_POINT('',(6.081827386389,-104.737992887));
#3235 = CARTESIAN_POINT('',(6.081827386389,-22.5262084843));
#3236 = ( GEOMETRIC_REPRESENTATION_CONTEXT(2) 
PARAMETRIC_REPRESENTATION_CONTEXT() REPRESENTATION_CONTEXT('2D SPACE',''
  ) );
#3237 = PCURVE('',#3238,#3243);
#3238 = PLANE('',#3239);
#3239 = AXIS2_PLACEMENT_3D('',#3240,#3241,#3242);
#3240 = CARTESIAN_POINT('',(369.988,-9.894,59.5));
#3241 = DIRECTION('',(0.,-1.,0.));
#3242 = DIRECTION('',(-1.,0.,0.));
#3243 = DEFINITIONAL_REPRESENTATION('',(#3244),#3247);
#3244 = B_SPLINE_CURVE_WITH_KNOTS('',1,(#3245,#3246),.UNSPECIFIED.,.F.,
  .F.,(2,2),(-104.737992887,-22.5262084843),.PIECEWISE_BEZIER_KNOTS.);
#3245 = CARTESIAN_POINT('',(41.010205144336,-7.112999995229E-06));
#3246 = CARTESIAN_POINT('',(41.010205144336,-82.2117915157));
#3247 = ( GEOMETRIC_REPRESENTATION_CONTEXT(2) 
PARAMETRIC_REPRESENTATION_CONTEXT() REPRESENTATION_CONTEXT('2D SPACE',''
  ) );
#3248 = ORIENTED_EDGE('',*,*,#3249,.T.);
#3249 = EDGE_CURVE('',#3224,#2785,#3250,.T.);
#3250 = SURFACE_CURVE('',#3251,(#3256,#3263),.PCURVE_S1.);
#3251 = CIRCLE('',#3252,50.);
#3252 = AXIS2_PLACEMENT_3D('',#3253,#3254,#3255);
#3253 = CARTESIAN_POINT('',(279.988,0.106,134.237992287));
#3254 = DIRECTION('',(0.,0.,1.));
#3255 = DIRECTION('',(1.,0.,-0.));
#3256 = PCURVE('',#759,#3257);
#3257 = DEFINITIONAL_REPRESENTATION('',(#3258),#3262);
#3258 = LINE('',#3259,#3260);
#3259 = CARTESIAN_POINT('',(0.,-30.000007713));
#3260 = VECTOR('',#3261,1.);
#3261 = DIRECTION('',(1.,0.));
#3262 = ( GEOMETRIC_REPRESENTATION_CONTEXT(2) 
PARAMETRIC_REPRESENTATION_CONTEXT() REPRESENTATION_CONTEXT('2D SPACE',''
  ) );
#3263 = PCURVE('',#2826,#3264);
#3264 = DEFINITIONAL_REPRESENTATION('',(#3265),#3269);
#3265 = CIRCLE('',#3266,50.);
#3266 = AXIS2_PLACEMENT_2D('',#3267,#3268);
#3267 = CARTESIAN_POINT('',(-100.,1.638966740103E-14));
#3268 = DIRECTION('',(1.,0.));
#3269 = ( GEOMETRIC_REPRESENTATION_CONTEXT(2) 
PARAMETRIC_REPRESENTATION_CONTEXT() REPRESENTATION_CONTEXT('2D SPACE',''
  ) );
#3270 = ADVANCED_FACE('',(#3271),#790,.F.);
#3271 = FACE_BOUND('',#3272,.F.);
#3272 = EDGE_LOOP('',(#3273,#3296,#3297,#3298,#3327,#3353,#3382,#3408,
    #3437,#3463,#3492,#3518,#3547,#3573,#3602,#3628,#3657,#3683,#3712,
    #3738));
#3273 = ORIENTED_EDGE('',*,*,#3274,.T.);
#3274 = EDGE_CURVE('',#3275,#774,#3277,.T.);
#3275 = VERTEX_POINT('',#3276);
#3276 = CARTESIAN_POINT('',(529.988,0.106,134.237992287));
#3277 = SEAM_CURVE('',#3278,(#3282,#3289),.PCURVE_S1.);
#3278 = LINE('',#3279,#3280);
#3279 = CARTESIAN_POINT('',(529.988,0.106,59.500007713));
#3280 = VECTOR('',#3281,1.);
#3281 = DIRECTION('',(0.,0.,1.));
#3282 = PCURVE('',#790,#3283);
#3283 = DEFINITIONAL_REPRESENTATION('',(#3284),#3288);
#3284 = LINE('',#3285,#3286);
#3285 = CARTESIAN_POINT('',(6.28318530718,-104.737992287));
#3286 = VECTOR('',#3287,1.);
#3287 = DIRECTION('',(-0.,1.));
#3288 = ( GEOMETRIC_REPRESENTATION_CONTEXT(2) 
PARAMETRIC_REPRESENTATION_CONTEXT() REPRESENTATION_CONTEXT('2D SPACE',''
  ) );
#3289 = PCURVE('',#790,#3290);
#3290 = DEFINITIONAL_REPRESENTATION('',(#3291),#3295);
#3291 = LINE('',#3292,#3293);
#3292 = CARTESIAN_POINT('',(0.,-104.737992287));
#3293 = VECTOR('',#3294,1.);
#3294 = DIRECTION('',(-0.,1.));
#3295 = ( GEOMETRIC_REPRESENTATION_CONTEXT(2) 
PARAMETRIC_REPRESENTATION_CONTEXT() REPRESENTATION_CONTEXT('2D SPACE',''
  ) );
#3296 = ORIENTED_EDGE('',*,*,#773,.F.);
#3297 = ORIENTED_EDGE('',*,*,#3274,.F.);
#3298 = ORIENTED_EDGE('',*,*,#3299,.T.);
#3299 = EDGE_CURVE('',#3275,#3300,#3302,.T.);
#3300 = VERTEX_POINT('',#3301);
#3301 = CARTESIAN_POINT('',(528.97779485566,10.106,134.237992287));
#3302 = SURFACE_CURVE('',#3303,(#3308,#3315),.PCURVE_S1.);
#3303 = CIRCLE('',#3304,50.);
#3304 = AXIS2_PLACEMENT_3D('',#3305,#3306,#3307);
#3305 = CARTESIAN_POINT('',(479.988,0.106,134.237992287));
#3306 = DIRECTION('',(0.,0.,1.));
#3307 = DIRECTION('',(1.,0.,-0.));
#3308 = PCURVE('',#790,#3309);
#3309 = DEFINITIONAL_REPRESENTATION('',(#3310),#3314);
#3310 = LINE('',#3311,#3312);
#3311 = CARTESIAN_POINT('',(0.,-30.000007713));
#3312 = VECTOR('',#3313,1.);
#3313 = DIRECTION('',(1.,0.));
#3314 = ( GEOMETRIC_REPRESENTATION_CONTEXT(2) 
PARAMETRIC_REPRESENTATION_CONTEXT() REPRESENTATION_CONTEXT('2D SPACE',''
  ) );
#3315 = PCURVE('',#3316,#3321);
#3316 = PLANE('',#3317);
#3317 = AXIS2_PLACEMENT_3D('',#3318,#3319,#3320);
#3318 = CARTESIAN_POINT('',(379.988,0.106,134.237992287));
#3319 = DIRECTION('',(0.,0.,1.));
#3320 = DIRECTION('',(1.,0.,0.));
#3321 = DEFINITIONAL_REPRESENTATION('',(#3322),#3326);
#3322 = CIRCLE('',#3323,50.);
#3323 = AXIS2_PLACEMENT_2D('',#3324,#3325);
#3324 = CARTESIAN_POINT('',(100.,1.638966740103E-14));
#3325 = DIRECTION('',(1.,0.));
#3326 = ( GEOMETRIC_REPRESENTATION_CONTEXT(2) 
PARAMETRIC_REPRESENTATION_CONTEXT() REPRESENTATION_CONTEXT('2D SPACE',''
  ) );
#3327 = ORIENTED_EDGE('',*,*,#3328,.F.);
#3328 = EDGE_CURVE('',#3329,#3300,#3331,.T.);
#3329 = VERTEX_POINT('',#3330);
#3330 = CARTESIAN_POINT('',(528.97779485566,10.106,59.500007713));
#3331 = SURFACE_CURVE('',#3332,(#3336,#3342),.PCURVE_S1.);
#3332 = LINE('',#3333,#3334);
#3333 = CARTESIAN_POINT('',(528.97779485566,10.106,164.238));
#3334 = VECTOR('',#3335,1.);
#3335 = DIRECTION('',(0.,0.,1.));
#3336 = PCURVE('',#790,#3337);
#3337 = DEFINITIONAL_REPRESENTATION('',(#3338),#3341);
#3338 = B_SPLINE_CURVE_WITH_KNOTS('',1,(#3339,#3340),.UNSPECIFIED.,.F.,
  .F.,(2,2),(-104.737992887,-22.5262084843),.PIECEWISE_BEZIER_KNOTS.);
#3339 = CARTESIAN_POINT('',(0.20135792079,-104.737992887));
#3340 = CARTESIAN_POINT('',(0.20135792079,-22.5262084843));
#3341 = ( GEOMETRIC_REPRESENTATION_CONTEXT(2) 
PARAMETRIC_REPRESENTATION_CONTEXT() REPRESENTATION_CONTEXT('2D SPACE',''
  ) );
#3342 = PCURVE('',#3343,#3348);
#3343 = PLANE('',#3344);
#3344 = AXIS2_PLACEMENT_3D('',#3345,#3346,#3347);
#3345 = CARTESIAN_POINT('',(489.988,10.106,59.5));
#3346 = DIRECTION('',(0.,1.,0.));
#3347 = DIRECTION('',(1.,0.,0.));
#3348 = DEFINITIONAL_REPRESENTATION('',(#3349),#3352);
#3349 = B_SPLINE_CURVE_WITH_KNOTS('',1,(#3350,#3351),.UNSPECIFIED.,.F.,
  .F.,(2,2),(-104.737992887,-22.5262084843),.PIECEWISE_BEZIER_KNOTS.);
#3350 = CARTESIAN_POINT('',(38.989794855664,-7.112999995229E-06));
#3351 = CARTESIAN_POINT('',(38.989794855664,-82.2117915157));
#3352 = ( GEOMETRIC_REPRESENTATION_CONTEXT(2) 
PARAMETRIC_REPRESENTATION_CONTEXT() REPRESENTATION_CONTEXT('2D SPACE',''
  ) );
#3353 = ORIENTED_EDGE('',*,*,#3354,.T.);
#3354 = EDGE_CURVE('',#3329,#3355,#3357,.T.);
#3355 = VERTEX_POINT('',#3356);
#3356 = CARTESIAN_POINT('',(489.988,49.095794855664,59.500007713));
#3357 = SURFACE_CURVE('',#3358,(#3363,#3370),.PCURVE_S1.);
#3358 = CIRCLE('',#3359,50.);
#3359 = AXIS2_PLACEMENT_3D('',#3360,#3361,#3362);
#3360 = CARTESIAN_POINT('',(479.988,0.106,59.500007713));
#3361 = DIRECTION('',(0.,0.,1.));
#3362 = DIRECTION('',(1.,0.,0.));
#3363 = PCURVE('',#790,#3364);
#3364 = DEFINITIONAL_REPRESENTATION('',(#3365),#3369);
#3365 = LINE('',#3366,#3367);
#3366 = CARTESIAN_POINT('',(0.,-104.737992287));
#3367 = VECTOR('',#3368,1.);
#3368 = DIRECTION('',(1.,0.));
#3369 = ( GEOMETRIC_REPRESENTATION_CONTEXT(2) 
PARAMETRIC_REPRESENTATION_CONTEXT() REPRESENTATION_CONTEXT('2D SPACE',''
  ) );
#3370 = PCURVE('',#3371,#3376);
#3371 = PLANE('',#3372);
#3372 = AXIS2_PLACEMENT_3D('',#3373,#3374,#3375);
#3373 = CARTESIAN_POINT('',(479.988,0.106,59.500007713));
#3374 = DIRECTION('',(0.,0.,1.));
#3375 = DIRECTION('',(1.,0.,0.));
#3376 = DEFINITIONAL_REPRESENTATION('',(#3377),#3381);
#3377 = CIRCLE('',#3378,50.);
#3378 = AXIS2_PLACEMENT_2D('',#3379,#3380);
#3379 = CARTESIAN_POINT('',(4.375808424126E-15,-4.679120177894E-16));
#3380 = DIRECTION('',(1.,0.));
#3381 = ( GEOMETRIC_REPRESENTATION_CONTEXT(2) 
PARAMETRIC_REPRESENTATION_CONTEXT() REPRESENTATION_CONTEXT('2D SPACE',''
  ) );
#3382 = ORIENTED_EDGE('',*,*,#3383,.T.);
#3383 = EDGE_CURVE('',#3355,#3384,#3386,.T.);
#3384 = VERTEX_POINT('',#3385);
#3385 = CARTESIAN_POINT('',(489.988,49.095794855664,134.237992287));
#3386 = SURFACE_CURVE('',#3387,(#3391,#3397),.PCURVE_S1.);
#3387 = LINE('',#3388,#3389);
#3388 = CARTESIAN_POINT('',(489.988,49.095794855664,164.238));
#3389 = VECTOR('',#3390,1.);
#3390 = DIRECTION('',(0.,0.,1.));
#3391 = PCURVE('',#790,#3392);
#3392 = DEFINITIONAL_REPRESENTATION('',(#3393),#3396);
#3393 = B_SPLINE_CURVE_WITH_KNOTS('',1,(#3394,#3395),.UNSPECIFIED.,.F.,
  .F.,(2,2),(-104.737992887,-22.5262084843),.PIECEWISE_BEZIER_KNOTS.);
#3394 = CARTESIAN_POINT('',(1.369438406005,-104.737992887));
#3395 = CARTESIAN_POINT('',(1.369438406005,-22.5262084843));
#3396 = ( GEOMETRIC_REPRESENTATION_CONTEXT(2) 
PARAMETRIC_REPRESENTATION_CONTEXT() REPRESENTATION_CONTEXT('2D SPACE',''
  ) );
#3397 = PCURVE('',#3398,#3403);
#3398 = PLANE('',#3399);
#3399 = AXIS2_PLACEMENT_3D('',#3400,#3401,#3402);
#3400 = CARTESIAN_POINT('',(489.988,10.106,59.5));
#3401 = DIRECTION('',(-1.,0.,0.));
#3402 = DIRECTION('',(0.,1.,0.));
#3403 = DEFINITIONAL_REPRESENTATION('',(#3404),#3407);
#3404 = B_SPLINE_CURVE_WITH_KNOTS('',1,(#3405,#3406),.UNSPECIFIED.,.F.,
  .F.,(2,2),(-104.737992887,-22.5262084843),.PIECEWISE_BEZIER_KNOTS.);
#3405 = CARTESIAN_POINT('',(38.989794855664,-7.112999995229E-06));
#3406 = CARTESIAN_POINT('',(38.989794855664,-82.2117915157));
#3407 = ( GEOMETRIC_REPRESENTATION_CONTEXT(2) 
PARAMETRIC_REPRESENTATION_CONTEXT() REPRESENTATION_CONTEXT('2D SPACE',''
  ) );
#3408 = ORIENTED_EDGE('',*,*,#3409,.T.);
#3409 = EDGE_CURVE('',#3384,#3410,#3412,.T.);
#3410 = VERTEX_POINT('',#3411);
#3411 = CARTESIAN_POINT('',(469.988,49.095794855664,134.237992287));
#3412 = SURFACE_CURVE('',#3413,(#3418,#3425),.PCURVE_S1.);
#3413 = CIRCLE('',#3414,50.);
#3414 = AXIS2_PLACEMENT_3D('',#3415,#3416,#3417);
#3415 = CARTESIAN_POINT('',(479.988,0.106,134.237992287));
#3416 = DIRECTION('',(0.,0.,1.));
#3417 = DIRECTION('',(1.,0.,-0.));
#3418 = PCURVE('',#790,#3419);
#3419 = DEFINITIONAL_REPRESENTATION('',(#3420),#3424);
#3420 = LINE('',#3421,#3422);
#3421 = CARTESIAN_POINT('',(0.,-30.000007713));
#3422 = VECTOR('',#3423,1.);
#3423 = DIRECTION('',(1.,0.));
#3424 = ( GEOMETRIC_REPRESENTATION_CONTEXT(2) 
PARAMETRIC_REPRESENTATION_CONTEXT() REPRESENTATION_CONTEXT('2D SPACE',''
  ) );
#3425 = PCURVE('',#3426,#3431);
#3426 = PLANE('',#3427);
#3427 = AXIS2_PLACEMENT_3D('',#3428,#3429,#3430);
#3428 = CARTESIAN_POINT('',(379.988,0.106,134.237992287));
#3429 = DIRECTION('',(0.,0.,1.));
#3430 = DIRECTION('',(1.,0.,0.));
#3431 = DEFINITIONAL_REPRESENTATION('',(#3432),#3436);
#3432 = CIRCLE('',#3433,50.);
#3433 = AXIS2_PLACEMENT_2D('',#3434,#3435);
#3434 = CARTESIAN_POINT('',(100.,1.638966740103E-14));
#3435 = DIRECTION('',(1.,0.));
#3436 = ( GEOMETRIC_REPRESENTATION_CONTEXT(2) 
PARAMETRIC_REPRESENTATION_CONTEXT() REPRESENTATION_CONTEXT('2D SPACE',''
  ) );
#3437 = ORIENTED_EDGE('',*,*,#3438,.F.);
#3438 = EDGE_CURVE('',#3439,#3410,#3441,.T.);
#3439 = VERTEX_POINT('',#3440);
#3440 = CARTESIAN_POINT('',(469.988,49.095794855664,59.500007713));
#3441 = SURFACE_CURVE('',#3442,(#3446,#3452),.PCURVE_S1.);
#3442 = LINE('',#3443,#3444);
#3443 = CARTESIAN_POINT('',(469.988,49.095794855664,164.238));
#3444 = VECTOR('',#3445,1.);
#3445 = DIRECTION('',(0.,0.,1.));
#3446 = PCURVE('',#790,#3447);
#3447 = DEFINITIONAL_REPRESENTATION('',(#3448),#3451);
#3448 = B_SPLINE_CURVE_WITH_KNOTS('',1,(#3449,#3450),.UNSPECIFIED.,.F.,
  .F.,(2,2),(-104.737992887,-22.5262084843),.PIECEWISE_BEZIER_KNOTS.);
#3449 = CARTESIAN_POINT('',(1.772154247585,-104.737992887));
#3450 = CARTESIAN_POINT('',(1.772154247585,-22.5262084843));
#3451 = ( GEOMETRIC_REPRESENTATION_CONTEXT(2) 
PARAMETRIC_REPRESENTATION_CONTEXT() REPRESENTATION_CONTEXT('2D SPACE',''
  ) );
#3452 = PCURVE('',#3453,#3458);
#3453 = PLANE('',#3454);
#3454 = AXIS2_PLACEMENT_3D('',#3455,#3456,#3457);
#3455 = CARTESIAN_POINT('',(469.988,60.2668,59.5));
#3456 = DIRECTION('',(1.,0.,-0.));
#3457 = DIRECTION('',(0.,-1.,0.));
#3458 = DEFINITIONAL_REPRESENTATION('',(#3459),#3462);
#3459 = B_SPLINE_CURVE_WITH_KNOTS('',1,(#3460,#3461),.UNSPECIFIED.,.F.,
  .F.,(2,2),(-104.737992887,-22.5262084843),.PIECEWISE_BEZIER_KNOTS.);
#3460 = CARTESIAN_POINT('',(11.171005144336,-7.112999995229E-06));
#3461 = CARTESIAN_POINT('',(11.171005144336,-82.2117915157));
#3462 = ( GEOMETRIC_REPRESENTATION_CONTEXT(2) 
PARAMETRIC_REPRESENTATION_CONTEXT() REPRESENTATION_CONTEXT('2D SPACE',''
  ) );
#3463 = ORIENTED_EDGE('',*,*,#3464,.T.);
#3464 = EDGE_CURVE('',#3439,#3465,#3467,.T.);
#3465 = VERTEX_POINT('',#3466);
#3466 = CARTESIAN_POINT('',(430.99820514433,10.106,59.500007713));
#3467 = SURFACE_CURVE('',#3468,(#3473,#3480),.PCURVE_S1.);
#3468 = CIRCLE('',#3469,50.);
#3469 = AXIS2_PLACEMENT_3D('',#3470,#3471,#3472);
#3470 = CARTESIAN_POINT('',(479.988,0.106,59.500007713));
#3471 = DIRECTION('',(0.,0.,1.));
#3472 = DIRECTION('',(1.,0.,0.));
#3473 = PCURVE('',#790,#3474);
#3474 = DEFINITIONAL_REPRESENTATION('',(#3475),#3479);
#3475 = LINE('',#3476,#3477);
#3476 = CARTESIAN_POINT('',(0.,-104.737992287));
#3477 = VECTOR('',#3478,1.);
#3478 = DIRECTION('',(1.,0.));
#3479 = ( GEOMETRIC_REPRESENTATION_CONTEXT(2) 
PARAMETRIC_REPRESENTATION_CONTEXT() REPRESENTATION_CONTEXT('2D SPACE',''
  ) );
#3480 = PCURVE('',#3481,#3486);
#3481 = PLANE('',#3482);
#3482 = AXIS2_PLACEMENT_3D('',#3483,#3484,#3485);
#3483 = CARTESIAN_POINT('',(479.988,0.106,59.500007713));
#3484 = DIRECTION('',(0.,0.,1.));
#3485 = DIRECTION('',(1.,0.,0.));
#3486 = DEFINITIONAL_REPRESENTATION('',(#3487),#3491);
#3487 = CIRCLE('',#3488,50.);
#3488 = AXIS2_PLACEMENT_2D('',#3489,#3490);
#3489 = CARTESIAN_POINT('',(4.375808424126E-15,-4.679120177894E-16));
#3490 = DIRECTION('',(1.,0.));
#3491 = ( GEOMETRIC_REPRESENTATION_CONTEXT(2) 
PARAMETRIC_REPRESENTATION_CONTEXT() REPRESENTATION_CONTEXT('2D SPACE',''
  ) );
#3492 = ORIENTED_EDGE('',*,*,#3493,.T.);
#3493 = EDGE_CURVE('',#3465,#3494,#3496,.T.);
#3494 = VERTEX_POINT('',#3495);
#3495 = CARTESIAN_POINT('',(430.99820514433,10.106,134.237992287));
#3496 = SURFACE_CURVE('',#3497,(#3501,#3507),.PCURVE_S1.);
#3497 = LINE('',#3498,#3499);
#3498 = CARTESIAN_POINT('',(430.99820514433,10.106,164.238));
#3499 = VECTOR('',#3500,1.);
#3500 = DIRECTION('',(0.,0.,1.));
#3501 = PCURVE('',#790,#3502);
#3502 = DEFINITIONAL_REPRESENTATION('',(#3503),#3506);
#3503 = B_SPLINE_CURVE_WITH_KNOTS('',1,(#3504,#3505),.UNSPECIFIED.,.F.,
  .F.,(2,2),(-104.737992887,-22.5262084843),.PIECEWISE_BEZIER_KNOTS.);
#3504 = CARTESIAN_POINT('',(2.940234732799,-104.737992887));
#3505 = CARTESIAN_POINT('',(2.940234732799,-22.5262084843));
#3506 = ( GEOMETRIC_REPRESENTATION_CONTEXT(2) 
PARAMETRIC_REPRESENTATION_CONTEXT() REPRESENTATION_CONTEXT('2D SPACE',''
  ) );
#3507 = PCURVE('',#3508,#3513);
#3508 = PLANE('',#3509);
#3509 = AXIS2_PLACEMENT_3D('',#3510,#3511,#3512);
#3510 = CARTESIAN_POINT('',(389.988,10.106,59.5));
#3511 = DIRECTION('',(0.,1.,0.));
#3512 = DIRECTION('',(1.,0.,0.));
#3513 = DEFINITIONAL_REPRESENTATION('',(#3514),#3517);
#3514 = B_SPLINE_CURVE_WITH_KNOTS('',1,(#3515,#3516),.UNSPECIFIED.,.F.,
  .F.,(2,2),(-104.737992887,-22.5262084843),.PIECEWISE_BEZIER_KNOTS.);
#3515 = CARTESIAN_POINT('',(41.010205144336,-7.112999995229E-06));
#3516 = CARTESIAN_POINT('',(41.010205144336,-82.2117915157));
#3517 = ( GEOMETRIC_REPRESENTATION_CONTEXT(2) 
PARAMETRIC_REPRESENTATION_CONTEXT() REPRESENTATION_CONTEXT('2D SPACE',''
  ) );
#3518 = ORIENTED_EDGE('',*,*,#3519,.T.);
#3519 = EDGE_CURVE('',#3494,#3520,#3522,.T.);
#3520 = VERTEX_POINT('',#3521);
#3521 = CARTESIAN_POINT('',(430.99820514433,-9.894,134.237992287));
#3522 = SURFACE_CURVE('',#3523,(#3528,#3535),.PCURVE_S1.);
#3523 = CIRCLE('',#3524,50.);
#3524 = AXIS2_PLACEMENT_3D('',#3525,#3526,#3527);
#3525 = CARTESIAN_POINT('',(479.988,0.106,134.237992287));
#3526 = DIRECTION('',(0.,0.,1.));
#3527 = DIRECTION('',(1.,0.,-0.));
#3528 = PCURVE('',#790,#3529);
#3529 = DEFINITIONAL_REPRESENTATION('',(#3530),#3534);
#3530 = LINE('',#3531,#3532);
#3531 = CARTESIAN_POINT('',(0.,-30.000007713));
#3532 = VECTOR('',#3533,1.);
#3533 = DIRECTION('',(1.,0.));
#3534 = ( GEOMETRIC_REPRESENTATION_CONTEXT(2) 
PARAMETRIC_REPRESENTATION_CONTEXT() REPRESENTATION_CONTEXT('2D SPACE',''
  ) );
#3535 = PCURVE('',#3536,#3541);
#3536 = PLANE('',#3537);
#3537 = AXIS2_PLACEMENT_3D('',#3538,#3539,#3540);
#3538 = CARTESIAN_POINT('',(379.988,0.106,134.237992287));
#3539 = DIRECTION('',(0.,0.,1.));
#3540 = DIRECTION('',(1.,0.,0.));
#3541 = DEFINITIONAL_REPRESENTATION('',(#3542),#3546);
#3542 = CIRCLE('',#3543,50.);
#3543 = AXIS2_PLACEMENT_2D('',#3544,#3545);
#3544 = CARTESIAN_POINT('',(100.,1.638966740103E-14));
#3545 = DIRECTION('',(1.,0.));
#3546 = ( GEOMETRIC_REPRESENTATION_CONTEXT(2) 
PARAMETRIC_REPRESENTATION_CONTEXT() REPRESENTATION_CONTEXT('2D SPACE',''
  ) );
#3547 = ORIENTED_EDGE('',*,*,#3548,.F.);
#3548 = EDGE_CURVE('',#3549,#3520,#3551,.T.);
#3549 = VERTEX_POINT('',#3550);
#3550 = CARTESIAN_POINT('',(430.99820514433,-9.894,59.500007713));
#3551 = SURFACE_CURVE('',#3552,(#3556,#3562),.PCURVE_S1.);
#3552 = LINE('',#3553,#3554);
#3553 = CARTESIAN_POINT('',(430.99820514433,-9.894,164.238));
#3554 = VECTOR('',#3555,1.);
#3555 = DIRECTION('',(0.,0.,1.));
#3556 = PCURVE('',#790,#3557);
#3557 = DEFINITIONAL_REPRESENTATION('',(#3558),#3561);
#3558 = B_SPLINE_CURVE_WITH_KNOTS('',1,(#3559,#3560),.UNSPECIFIED.,.F.,
  .F.,(2,2),(-104.737992887,-22.5262084843),.PIECEWISE_BEZIER_KNOTS.);
#3559 = CARTESIAN_POINT('',(3.34295057438,-104.737992887));
#3560 = CARTESIAN_POINT('',(3.34295057438,-22.5262084843));
#3561 = ( GEOMETRIC_REPRESENTATION_CONTEXT(2) 
PARAMETRIC_REPRESENTATION_CONTEXT() REPRESENTATION_CONTEXT('2D SPACE',''
  ) );
#3562 = PCURVE('',#3563,#3568);
#3563 = PLANE('',#3564);
#3564 = AXIS2_PLACEMENT_3D('',#3565,#3566,#3567);
#3565 = CARTESIAN_POINT('',(469.988,-9.894,59.5));
#3566 = DIRECTION('',(0.,-1.,0.));
#3567 = DIRECTION('',(-1.,0.,0.));
#3568 = DEFINITIONAL_REPRESENTATION('',(#3569),#3572);
#3569 = B_SPLINE_CURVE_WITH_KNOTS('',1,(#3570,#3571),.UNSPECIFIED.,.F.,
  .F.,(2,2),(-104.737992887,-22.5262084843),.PIECEWISE_BEZIER_KNOTS.);
#3570 = CARTESIAN_POINT('',(38.989794855664,-7.112999995229E-06));
#3571 = CARTESIAN_POINT('',(38.989794855664,-82.2117915157));
#3572 = ( GEOMETRIC_REPRESENTATION_CONTEXT(2) 
PARAMETRIC_REPRESENTATION_CONTEXT() REPRESENTATION_CONTEXT('2D SPACE',''
  ) );
#3573 = ORIENTED_EDGE('',*,*,#3574,.T.);
#3574 = EDGE_CURVE('',#3549,#3575,#3577,.T.);
#3575 = VERTEX_POINT('',#3576);
#3576 = CARTESIAN_POINT('',(469.988,-48.88379485566,59.500007713));
#3577 = SURFACE_CURVE('',#3578,(#3583,#3590),.PCURVE_S1.);
#3578 = CIRCLE('',#3579,50.);
#3579 = AXIS2_PLACEMENT_3D('',#3580,#3581,#3582);
#3580 = CARTESIAN_POINT('',(479.988,0.106,59.500007713));
#3581 = DIRECTION('',(0.,0.,1.));
#3582 = DIRECTION('',(1.,0.,0.));
#3583 = PCURVE('',#790,#3584);
#3584 = DEFINITIONAL_REPRESENTATION('',(#3585),#3589);
#3585 = LINE('',#3586,#3587);
#3586 = CARTESIAN_POINT('',(0.,-104.737992287));
#3587 = VECTOR('',#3588,1.);
#3588 = DIRECTION('',(1.,0.));
#3589 = ( GEOMETRIC_REPRESENTATION_CONTEXT(2) 
PARAMETRIC_REPRESENTATION_CONTEXT() REPRESENTATION_CONTEXT('2D SPACE',''
  ) );
#3590 = PCURVE('',#3591,#3596);
#3591 = PLANE('',#3592);
#3592 = AXIS2_PLACEMENT_3D('',#3593,#3594,#3595);
#3593 = CARTESIAN_POINT('',(479.988,0.106,59.500007713));
#3594 = DIRECTION('',(0.,0.,1.));
#3595 = DIRECTION('',(1.,0.,0.));
#3596 = DEFINITIONAL_REPRESENTATION('',(#3597),#3601);
#3597 = CIRCLE('',#3598,50.);
#3598 = AXIS2_PLACEMENT_2D('',#3599,#3600);
#3599 = CARTESIAN_POINT('',(4.375808424126E-15,-4.679120177894E-16));
#3600 = DIRECTION('',(1.,0.));
#3601 = ( GEOMETRIC_REPRESENTATION_CONTEXT(2) 
PARAMETRIC_REPRESENTATION_CONTEXT() REPRESENTATION_CONTEXT('2D SPACE',''
  ) );
#3602 = ORIENTED_EDGE('',*,*,#3603,.T.);
#3603 = EDGE_CURVE('',#3575,#3604,#3606,.T.);
#3604 = VERTEX_POINT('',#3605);
#3605 = CARTESIAN_POINT('',(469.988,-48.88379485566,134.237992287));
#3606 = SURFACE_CURVE('',#3607,(#3611,#3617),.PCURVE_S1.);
#3607 = LINE('',#3608,#3609);
#3608 = CARTESIAN_POINT('',(469.988,-48.88379485566,164.238));
#3609 = VECTOR('',#3610,1.);
#3610 = DIRECTION('',(0.,0.,1.));
#3611 = PCURVE('',#790,#3612);
#3612 = DEFINITIONAL_REPRESENTATION('',(#3613),#3616);
#3613 = B_SPLINE_CURVE_WITH_KNOTS('',1,(#3614,#3615),.UNSPECIFIED.,.F.,
  .F.,(2,2),(-104.737992887,-22.5262084843),.PIECEWISE_BEZIER_KNOTS.);
#3614 = CARTESIAN_POINT('',(4.511031059594,-104.737992887));
#3615 = CARTESIAN_POINT('',(4.511031059594,-22.5262084843));
#3616 = ( GEOMETRIC_REPRESENTATION_CONTEXT(2) 
PARAMETRIC_REPRESENTATION_CONTEXT() REPRESENTATION_CONTEXT('2D SPACE',''
  ) );
#3617 = PCURVE('',#3618,#3623);
#3618 = PLANE('',#3619);
#3619 = AXIS2_PLACEMENT_3D('',#3620,#3621,#3622);
#3620 = CARTESIAN_POINT('',(469.988,-9.894,59.5));
#3621 = DIRECTION('',(1.,0.,-0.));
#3622 = DIRECTION('',(0.,-1.,0.));
#3623 = DEFINITIONAL_REPRESENTATION('',(#3624),#3627);
#3624 = B_SPLINE_CURVE_WITH_KNOTS('',1,(#3625,#3626),.UNSPECIFIED.,.F.,
  .F.,(2,2),(-104.737992887,-22.5262084843),.PIECEWISE_BEZIER_KNOTS.);
#3625 = CARTESIAN_POINT('',(38.989794855664,-7.112999995229E-06));
#3626 = CARTESIAN_POINT('',(38.989794855664,-82.2117915157));
#3627 = ( GEOMETRIC_REPRESENTATION_CONTEXT(2) 
PARAMETRIC_REPRESENTATION_CONTEXT() REPRESENTATION_CONTEXT('2D SPACE',''
  ) );
#3628 = ORIENTED_EDGE('',*,*,#3629,.T.);
#3629 = EDGE_CURVE('',#3604,#3630,#3632,.T.);
#3630 = VERTEX_POINT('',#3631);
#3631 = CARTESIAN_POINT('',(489.988,-48.88379485566,134.237992287));
#3632 = SURFACE_CURVE('',#3633,(#3638,#3645),.PCURVE_S1.);
#3633 = CIRCLE('',#3634,50.);
#3634 = AXIS2_PLACEMENT_3D('',#3635,#3636,#3637);
#3635 = CARTESIAN_POINT('',(479.988,0.106,134.237992287));
#3636 = DIRECTION('',(0.,0.,1.));
#3637 = DIRECTION('',(1.,0.,-0.));
#3638 = PCURVE('',#790,#3639);
#3639 = DEFINITIONAL_REPRESENTATION('',(#3640),#3644);
#3640 = LINE('',#3641,#3642);
#3641 = CARTESIAN_POINT('',(0.,-30.000007713));
#3642 = VECTOR('',#3643,1.);
#3643 = DIRECTION('',(1.,0.));
#3644 = ( GEOMETRIC_REPRESENTATION_CONTEXT(2) 
PARAMETRIC_REPRESENTATION_CONTEXT() REPRESENTATION_CONTEXT('2D SPACE',''
  ) );
#3645 = PCURVE('',#3646,#3651);
#3646 = PLANE('',#3647);
#3647 = AXIS2_PLACEMENT_3D('',#3648,#3649,#3650);
#3648 = CARTESIAN_POINT('',(379.988,0.106,134.237992287));
#3649 = DIRECTION('',(0.,0.,1.));
#3650 = DIRECTION('',(1.,0.,0.));
#3651 = DEFINITIONAL_REPRESENTATION('',(#3652),#3656);
#3652 = CIRCLE('',#3653,50.);
#3653 = AXIS2_PLACEMENT_2D('',#3654,#3655);
#3654 = CARTESIAN_POINT('',(100.,1.638966740103E-14));
#3655 = DIRECTION('',(1.,0.));
#3656 = ( GEOMETRIC_REPRESENTATION_CONTEXT(2) 
PARAMETRIC_REPRESENTATION_CONTEXT() REPRESENTATION_CONTEXT('2D SPACE',''
  ) );
#3657 = ORIENTED_EDGE('',*,*,#3658,.F.);
#3658 = EDGE_CURVE('',#3659,#3630,#3661,.T.);
#3659 = VERTEX_POINT('',#3660);
#3660 = CARTESIAN_POINT('',(489.988,-48.88379485566,59.500007713));
#3661 = SURFACE_CURVE('',#3662,(#3666,#3672),.PCURVE_S1.);
#3662 = LINE('',#3663,#3664);
#3663 = CARTESIAN_POINT('',(489.988,-48.88379485566,164.238));
#3664 = VECTOR('',#3665,1.);
#3665 = DIRECTION('',(0.,0.,1.));
#3666 = PCURVE('',#790,#3667);
#3667 = DEFINITIONAL_REPRESENTATION('',(#3668),#3671);
#3668 = B_SPLINE_CURVE_WITH_KNOTS('',1,(#3669,#3670),.UNSPECIFIED.,.F.,
  .F.,(2,2),(-104.737992887,-22.5262084843),.PIECEWISE_BEZIER_KNOTS.);
#3669 = CARTESIAN_POINT('',(4.913746901175,-104.737992887));
#3670 = CARTESIAN_POINT('',(4.913746901175,-22.5262084843));
#3671 = ( GEOMETRIC_REPRESENTATION_CONTEXT(2) 
PARAMETRIC_REPRESENTATION_CONTEXT() REPRESENTATION_CONTEXT('2D SPACE',''
  ) );
#3672 = PCURVE('',#3673,#3678);
#3673 = PLANE('',#3674);
#3674 = AXIS2_PLACEMENT_3D('',#3675,#3676,#3677);
#3675 = CARTESIAN_POINT('',(489.988,-60.0548,59.5));
#3676 = DIRECTION('',(-1.,0.,0.));
#3677 = DIRECTION('',(0.,1.,0.));
#3678 = DEFINITIONAL_REPRESENTATION('',(#3679),#3682);
#3679 = B_SPLINE_CURVE_WITH_KNOTS('',1,(#3680,#3681),.UNSPECIFIED.,.F.,
  .F.,(2,2),(-104.737992887,-22.5262084843),.PIECEWISE_BEZIER_KNOTS.);
#3680 = CARTESIAN_POINT('',(11.171005144336,-7.112999995229E-06));
#3681 = CARTESIAN_POINT('',(11.171005144336,-82.2117915157));
#3682 = ( GEOMETRIC_REPRESENTATION_CONTEXT(2) 
PARAMETRIC_REPRESENTATION_CONTEXT() REPRESENTATION_CONTEXT('2D SPACE',''
  ) );
#3683 = ORIENTED_EDGE('',*,*,#3684,.T.);
#3684 = EDGE_CURVE('',#3659,#3685,#3687,.T.);
#3685 = VERTEX_POINT('',#3686);
#3686 = CARTESIAN_POINT('',(528.97779485566,-9.894,59.500007713));
#3687 = SURFACE_CURVE('',#3688,(#3693,#3700),.PCURVE_S1.);
#3688 = CIRCLE('',#3689,50.);
#3689 = AXIS2_PLACEMENT_3D('',#3690,#3691,#3692);
#3690 = CARTESIAN_POINT('',(479.988,0.106,59.500007713));
#3691 = DIRECTION('',(0.,0.,1.));
#3692 = DIRECTION('',(1.,0.,0.));
#3693 = PCURVE('',#790,#3694);
#3694 = DEFINITIONAL_REPRESENTATION('',(#3695),#3699);
#3695 = LINE('',#3696,#3697);
#3696 = CARTESIAN_POINT('',(0.,-104.737992287));
#3697 = VECTOR('',#3698,1.);
#3698 = DIRECTION('',(1.,0.));
#3699 = ( GEOMETRIC_REPRESENTATION_CONTEXT(2) 
PARAMETRIC_REPRESENTATION_CONTEXT() REPRESENTATION_CONTEXT('2D SPACE',''
  ) );
#3700 = PCURVE('',#3701,#3706);
#3701 = PLANE('',#3702);
#3702 = AXIS2_PLACEMENT_3D('',#3703,#3704,#3705);
#3703 = CARTESIAN_POINT('',(479.988,0.106,59.500007713));
#3704 = DIRECTION('',(0.,0.,1.));
#3705 = DIRECTION('',(1.,0.,0.));
#3706 = DEFINITIONAL_REPRESENTATION('',(#3707),#3711);
#3707 = CIRCLE('',#3708,50.);
#3708 = AXIS2_PLACEMENT_2D('',#3709,#3710);
#3709 = CARTESIAN_POINT('',(4.375808424126E-15,-4.679120177894E-16));
#3710 = DIRECTION('',(1.,0.));
#3711 = ( GEOMETRIC_REPRESENTATION_CONTEXT(2) 
PARAMETRIC_REPRESENTATION_CONTEXT() REPRESENTATION_CONTEXT('2D SPACE',''
  ) );
#3712 = ORIENTED_EDGE('',*,*,#3713,.T.);
#3713 = EDGE_CURVE('',#3685,#3714,#3716,.T.);
#3714 = VERTEX_POINT('',#3715);
#3715 = CARTESIAN_POINT('',(528.97779485566,-9.894,134.237992287));
#3716 = SURFACE_CURVE('',#3717,(#3721,#3727),.PCURVE_S1.);
#3717 = LINE('',#3718,#3719);
#3718 = CARTESIAN_POINT('',(528.97779485566,-9.894,164.238));
#3719 = VECTOR('',#3720,1.);
#3720 = DIRECTION('',(0.,0.,1.));
#3721 = PCURVE('',#790,#3722);
#3722 = DEFINITIONAL_REPRESENTATION('',(#3723),#3726);
#3723 = B_SPLINE_CURVE_WITH_KNOTS('',1,(#3724,#3725),.UNSPECIFIED.,.F.,
  .F.,(2,2),(-104.737992887,-22.5262084843),.PIECEWISE_BEZIER_KNOTS.);
#3724 = CARTESIAN_POINT('',(6.081827386389,-104.737992887));
#3725 = CARTESIAN_POINT('',(6.081827386389,-22.5262084843));
#3726 = ( GEOMETRIC_REPRESENTATION_CONTEXT(2) 
PARAMETRIC_REPRESENTATION_CONTEXT() REPRESENTATION_CONTEXT('2D SPACE',''
  ) );
#3727 = PCURVE('',#3728,#3733);
#3728 = PLANE('',#3729);
#3729 = AXIS2_PLACEMENT_3D('',#3730,#3731,#3732);
#3730 = CARTESIAN_POINT('',(540.1488,-9.894,59.5));
#3731 = DIRECTION('',(0.,-1.,0.));
#3732 = DIRECTION('',(-1.,0.,0.));
#3733 = DEFINITIONAL_REPRESENTATION('',(#3734),#3737);
#3734 = B_SPLINE_CURVE_WITH_KNOTS('',1,(#3735,#3736),.UNSPECIFIED.,.F.,
  .F.,(2,2),(-104.737992887,-22.5262084843),.PIECEWISE_BEZIER_KNOTS.);
#3735 = CARTESIAN_POINT('',(11.171005144337,-7.112999995229E-06));
#3736 = CARTESIAN_POINT('',(11.171005144337,-82.2117915157));
#3737 = ( GEOMETRIC_REPRESENTATION_CONTEXT(2) 
PARAMETRIC_REPRESENTATION_CONTEXT() REPRESENTATION_CONTEXT('2D SPACE',''
  ) );
#3738 = ORIENTED_EDGE('',*,*,#3739,.T.);
#3739 = EDGE_CURVE('',#3714,#3275,#3740,.T.);
#3740 = SURFACE_CURVE('',#3741,(#3746,#3753),.PCURVE_S1.);
#3741 = CIRCLE('',#3742,50.);
#3742 = AXIS2_PLACEMENT_3D('',#3743,#3744,#3745);
#3743 = CARTESIAN_POINT('',(479.988,0.106,134.237992287));
#3744 = DIRECTION('',(0.,0.,1.));
#3745 = DIRECTION('',(1.,0.,-0.));
#3746 = PCURVE('',#790,#3747);
#3747 = DEFINITIONAL_REPRESENTATION('',(#3748),#3752);
#3748 = LINE('',#3749,#3750);
#3749 = CARTESIAN_POINT('',(0.,-30.000007713));
#3750 = VECTOR('',#3751,1.);
#3751 = DIRECTION('',(1.,0.));
#3752 = ( GEOMETRIC_REPRESENTATION_CONTEXT(2) 
PARAMETRIC_REPRESENTATION_CONTEXT() REPRESENTATION_CONTEXT('2D SPACE',''
  ) );
#3753 = PCURVE('',#3316,#3754);
#3754 = DEFINITIONAL_REPRESENTATION('',(#3755),#3759);
#3755 = CIRCLE('',#3756,50.);
#3756 = AXIS2_PLACEMENT_2D('',#3757,#3758);
#3757 = CARTESIAN_POINT('',(100.,1.638966740103E-14));
#3758 = DIRECTION('',(1.,0.));
#3759 = ( GEOMETRIC_REPRESENTATION_CONTEXT(2) 
PARAMETRIC_REPRESENTATION_CONTEXT() REPRESENTATION_CONTEXT('2D SPACE',''
  ) );
#3760 = ADVANCED_FACE('',(#3761),#821,.F.);
#3761 = FACE_BOUND('',#3762,.F.);
#3762 = EDGE_LOOP('',(#3763,#3786,#3787,#3788,#3817,#3843,#3872,#3898,
    #3927,#3953,#3982,#4008,#4037,#4063,#4092,#4118,#4147,#4173,#4202,
    #4228));
#3763 = ORIENTED_EDGE('',*,*,#3764,.T.);
#3764 = EDGE_CURVE('',#3765,#805,#3767,.T.);
#3765 = VERTEX_POINT('',#3766);
#3766 = CARTESIAN_POINT('',(429.988,85.106,134.237992287));
#3767 = SEAM_CURVE('',#3768,(#3772,#3779),.PCURVE_S1.);
#3768 = LINE('',#3769,#3770);
#3769 = CARTESIAN_POINT('',(429.988,85.106,59.500007713));
#3770 = VECTOR('',#3771,1.);
#3771 = DIRECTION('',(0.,0.,1.));
#3772 = PCURVE('',#821,#3773);
#3773 = DEFINITIONAL_REPRESENTATION('',(#3774),#3778);
#3774 = LINE('',#3775,#3776);
#3775 = CARTESIAN_POINT('',(6.28318530718,-104.737992287));
#3776 = VECTOR('',#3777,1.);
#3777 = DIRECTION('',(-0.,1.));
#3778 = ( GEOMETRIC_REPRESENTATION_CONTEXT(2) 
PARAMETRIC_REPRESENTATION_CONTEXT() REPRESENTATION_CONTEXT('2D SPACE',''
  ) );
#3779 = PCURVE('',#821,#3780);
#3780 = DEFINITIONAL_REPRESENTATION('',(#3781),#3785);
#3781 = LINE('',#3782,#3783);
#3782 = CARTESIAN_POINT('',(0.,-104.737992287));
#3783 = VECTOR('',#3784,1.);
#3784 = DIRECTION('',(-0.,1.));
#3785 = ( GEOMETRIC_REPRESENTATION_CONTEXT(2) 
PARAMETRIC_REPRESENTATION_CONTEXT() REPRESENTATION_CONTEXT('2D SPACE',''
  ) );
#3786 = ORIENTED_EDGE('',*,*,#804,.F.);
#3787 = ORIENTED_EDGE('',*,*,#3764,.F.);
#3788 = ORIENTED_EDGE('',*,*,#3789,.T.);
#3789 = EDGE_CURVE('',#3765,#3790,#3792,.T.);
#3790 = VERTEX_POINT('',#3791);
#3791 = CARTESIAN_POINT('',(428.97779485566,95.106,134.237992287));
#3792 = SURFACE_CURVE('',#3793,(#3798,#3805),.PCURVE_S1.);
#3793 = CIRCLE('',#3794,50.);
#3794 = AXIS2_PLACEMENT_3D('',#3795,#3796,#3797);
#3795 = CARTESIAN_POINT('',(379.988,85.106,134.237992287));
#3796 = DIRECTION('',(0.,0.,1.));
#3797 = DIRECTION('',(1.,0.,-0.));
#3798 = PCURVE('',#821,#3799);
#3799 = DEFINITIONAL_REPRESENTATION('',(#3800),#3804);
#3800 = LINE('',#3801,#3802);
#3801 = CARTESIAN_POINT('',(0.,-30.000007713));
#3802 = VECTOR('',#3803,1.);
#3803 = DIRECTION('',(1.,0.));
#3804 = ( GEOMETRIC_REPRESENTATION_CONTEXT(2) 
PARAMETRIC_REPRESENTATION_CONTEXT() REPRESENTATION_CONTEXT('2D SPACE',''
  ) );
#3805 = PCURVE('',#3806,#3811);
#3806 = PLANE('',#3807);
#3807 = AXIS2_PLACEMENT_3D('',#3808,#3809,#3810);
#3808 = CARTESIAN_POINT('',(379.988,0.106,134.237992287));
#3809 = DIRECTION('',(0.,0.,1.));
#3810 = DIRECTION('',(1.,0.,0.));
#3811 = DEFINITIONAL_REPRESENTATION('',(#3812),#3816);
#3812 = CIRCLE('',#3813,50.);
#3813 = AXIS2_PLACEMENT_2D('',#3814,#3815);
#3814 = CARTESIAN_POINT('',(0.,85.));
#3815 = DIRECTION('',(1.,0.));
#3816 = ( GEOMETRIC_REPRESENTATION_CONTEXT(2) 
PARAMETRIC_REPRESENTATION_CONTEXT() REPRESENTATION_CONTEXT('2D SPACE',''
  ) );
#3817 = ORIENTED_EDGE('',*,*,#3818,.F.);
#3818 = EDGE_CURVE('',#3819,#3790,#3821,.T.);
#3819 = VERTEX_POINT('',#3820);
#3820 = CARTESIAN_POINT('',(428.97779485566,95.106,59.500007713));
#3821 = SURFACE_CURVE('',#3822,(#3826,#3832),.PCURVE_S1.);
#3822 = LINE('',#3823,#3824);
#3823 = CARTESIAN_POINT('',(428.97779485566,95.106,164.238));
#3824 = VECTOR('',#3825,1.);
#3825 = DIRECTION('',(0.,0.,1.));
#3826 = PCURVE('',#821,#3827);
#3827 = DEFINITIONAL_REPRESENTATION('',(#3828),#3831);
#3828 = B_SPLINE_CURVE_WITH_KNOTS('',1,(#3829,#3830),.UNSPECIFIED.,.F.,
  .F.,(2,2),(-104.737992887,-22.5262084843),.PIECEWISE_BEZIER_KNOTS.);
#3829 = CARTESIAN_POINT('',(0.20135792079,-104.737992887));
#3830 = CARTESIAN_POINT('',(0.20135792079,-22.5262084843));
#3831 = ( GEOMETRIC_REPRESENTATION_CONTEXT(2) 
PARAMETRIC_REPRESENTATION_CONTEXT() REPRESENTATION_CONTEXT('2D SPACE',''
  ) );
#3832 = PCURVE('',#3833,#3838);
#3833 = PLANE('',#3834);
#3834 = AXIS2_PLACEMENT_3D('',#3835,#3836,#3837);
#3835 = CARTESIAN_POINT('',(389.988,95.106,59.5));
#3836 = DIRECTION('',(0.,1.,0.));
#3837 = DIRECTION('',(1.,0.,0.));
#3838 = DEFINITIONAL_REPRESENTATION('',(#3839),#3842);
#3839 = B_SPLINE_CURVE_WITH_KNOTS('',1,(#3840,#3841),.UNSPECIFIED.,.F.,
  .F.,(2,2),(-104.737992887,-22.5262084843),.PIECEWISE_BEZIER_KNOTS.);
#3840 = CARTESIAN_POINT('',(38.989794855664,-7.112999995229E-06));
#3841 = CARTESIAN_POINT('',(38.989794855664,-82.2117915157));
#3842 = ( GEOMETRIC_REPRESENTATION_CONTEXT(2) 
PARAMETRIC_REPRESENTATION_CONTEXT() REPRESENTATION_CONTEXT('2D SPACE',''
  ) );
#3843 = ORIENTED_EDGE('',*,*,#3844,.T.);
#3844 = EDGE_CURVE('',#3819,#3845,#3847,.T.);
#3845 = VERTEX_POINT('',#3846);
#3846 = CARTESIAN_POINT('',(389.988,134.09579485566,59.500007713));
#3847 = SURFACE_CURVE('',#3848,(#3853,#3860),.PCURVE_S1.);
#3848 = CIRCLE('',#3849,50.);
#3849 = AXIS2_PLACEMENT_3D('',#3850,#3851,#3852);
#3850 = CARTESIAN_POINT('',(379.988,85.106,59.500007713));
#3851 = DIRECTION('',(0.,0.,1.));
#3852 = DIRECTION('',(1.,0.,0.));
#3853 = PCURVE('',#821,#3854);
#3854 = DEFINITIONAL_REPRESENTATION('',(#3855),#3859);
#3855 = LINE('',#3856,#3857);
#3856 = CARTESIAN_POINT('',(0.,-104.737992287));
#3857 = VECTOR('',#3858,1.);
#3858 = DIRECTION('',(1.,0.));
#3859 = ( GEOMETRIC_REPRESENTATION_CONTEXT(2) 
PARAMETRIC_REPRESENTATION_CONTEXT() REPRESENTATION_CONTEXT('2D SPACE',''
  ) );
#3860 = PCURVE('',#3861,#3866);
#3861 = PLANE('',#3862);
#3862 = AXIS2_PLACEMENT_3D('',#3863,#3864,#3865);
#3863 = CARTESIAN_POINT('',(379.988,85.106,59.500007713));
#3864 = DIRECTION('',(0.,0.,1.));
#3865 = DIRECTION('',(1.,0.,0.));
#3866 = DEFINITIONAL_REPRESENTATION('',(#3867),#3871);
#3867 = CIRCLE('',#3868,50.);
#3868 = AXIS2_PLACEMENT_2D('',#3869,#3870);
#3869 = CARTESIAN_POINT('',(4.375808424126E-15,-4.679120177894E-16));
#3870 = DIRECTION('',(1.,0.));
#3871 = ( GEOMETRIC_REPRESENTATION_CONTEXT(2) 
PARAMETRIC_REPRESENTATION_CONTEXT() REPRESENTATION_CONTEXT('2D SPACE',''
  ) );
#3872 = ORIENTED_EDGE('',*,*,#3873,.T.);
#3873 = EDGE_CURVE('',#3845,#3874,#3876,.T.);
#3874 = VERTEX_POINT('',#3875);
#3875 = CARTESIAN_POINT('',(389.988,134.09579485566,134.237992287));
#3876 = SURFACE_CURVE('',#3877,(#3881,#3887),.PCURVE_S1.);
#3877 = LINE('',#3878,#3879);
#3878 = CARTESIAN_POINT('',(389.988,134.09579485566,164.238));
#3879 = VECTOR('',#3880,1.);
#3880 = DIRECTION('',(0.,0.,1.));
#3881 = PCURVE('',#821,#3882);
#3882 = DEFINITIONAL_REPRESENTATION('',(#3883),#3886);
#3883 = B_SPLINE_CURVE_WITH_KNOTS('',1,(#3884,#3885),.UNSPECIFIED.,.F.,
  .F.,(2,2),(-104.737992887,-22.5262084843),.PIECEWISE_BEZIER_KNOTS.);
#3884 = CARTESIAN_POINT('',(1.369438406005,-104.737992887));
#3885 = CARTESIAN_POINT('',(1.369438406005,-22.5262084843));
#3886 = ( GEOMETRIC_REPRESENTATION_CONTEXT(2) 
PARAMETRIC_REPRESENTATION_CONTEXT() REPRESENTATION_CONTEXT('2D SPACE',''
  ) );
#3887 = PCURVE('',#3888,#3893);
#3888 = PLANE('',#3889);
#3889 = AXIS2_PLACEMENT_3D('',#3890,#3891,#3892);
#3890 = CARTESIAN_POINT('',(389.988,95.106,59.5));
#3891 = DIRECTION('',(-1.,0.,0.));
#3892 = DIRECTION('',(0.,1.,0.));
#3893 = DEFINITIONAL_REPRESENTATION('',(#3894),#3897);
#3894 = B_SPLINE_CURVE_WITH_KNOTS('',1,(#3895,#3896),.UNSPECIFIED.,.F.,
  .F.,(2,2),(-104.737992887,-22.5262084843),.PIECEWISE_BEZIER_KNOTS.);
#3895 = CARTESIAN_POINT('',(38.989794855664,-7.112999995229E-06));
#3896 = CARTESIAN_POINT('',(38.989794855664,-82.2117915157));
#3897 = ( GEOMETRIC_REPRESENTATION_CONTEXT(2) 
PARAMETRIC_REPRESENTATION_CONTEXT() REPRESENTATION_CONTEXT('2D SPACE',''
  ) );
#3898 = ORIENTED_EDGE('',*,*,#3899,.T.);
#3899 = EDGE_CURVE('',#3874,#3900,#3902,.T.);
#3900 = VERTEX_POINT('',#3901);
#3901 = CARTESIAN_POINT('',(369.988,134.09579485566,134.237992287));
#3902 = SURFACE_CURVE('',#3903,(#3908,#3915),.PCURVE_S1.);
#3903 = CIRCLE('',#3904,50.);
#3904 = AXIS2_PLACEMENT_3D('',#3905,#3906,#3907);
#3905 = CARTESIAN_POINT('',(379.988,85.106,134.237992287));
#3906 = DIRECTION('',(0.,0.,1.));
#3907 = DIRECTION('',(1.,0.,-0.));
#3908 = PCURVE('',#821,#3909);
#3909 = DEFINITIONAL_REPRESENTATION('',(#3910),#3914);
#3910 = LINE('',#3911,#3912);
#3911 = CARTESIAN_POINT('',(0.,-30.000007713));
#3912 = VECTOR('',#3913,1.);
#3913 = DIRECTION('',(1.,0.));
#3914 = ( GEOMETRIC_REPRESENTATION_CONTEXT(2) 
PARAMETRIC_REPRESENTATION_CONTEXT() REPRESENTATION_CONTEXT('2D SPACE',''
  ) );
#3915 = PCURVE('',#3916,#3921);
#3916 = PLANE('',#3917);
#3917 = AXIS2_PLACEMENT_3D('',#3918,#3919,#3920);
#3918 = CARTESIAN_POINT('',(379.988,0.106,134.237992287));
#3919 = DIRECTION('',(0.,0.,1.));
#3920 = DIRECTION('',(1.,0.,0.));
#3921 = DEFINITIONAL_REPRESENTATION('',(#3922),#3926);
#3922 = CIRCLE('',#3923,50.);
#3923 = AXIS2_PLACEMENT_2D('',#3924,#3925);
#3924 = CARTESIAN_POINT('',(0.,85.));
#3925 = DIRECTION('',(1.,0.));
#3926 = ( GEOMETRIC_REPRESENTATION_CONTEXT(2) 
PARAMETRIC_REPRESENTATION_CONTEXT() REPRESENTATION_CONTEXT('2D SPACE',''
  ) );
#3927 = ORIENTED_EDGE('',*,*,#3928,.F.);
#3928 = EDGE_CURVE('',#3929,#3900,#3931,.T.);
#3929 = VERTEX_POINT('',#3930);
#3930 = CARTESIAN_POINT('',(369.988,134.09579485566,59.500007713));
#3931 = SURFACE_CURVE('',#3932,(#3936,#3942),.PCURVE_S1.);
#3932 = LINE('',#3933,#3934);
#3933 = CARTESIAN_POINT('',(369.988,134.09579485566,164.238));
#3934 = VECTOR('',#3935,1.);
#3935 = DIRECTION('',(0.,0.,1.));
#3936 = PCURVE('',#821,#3937);
#3937 = DEFINITIONAL_REPRESENTATION('',(#3938),#3941);
#3938 = B_SPLINE_CURVE_WITH_KNOTS('',1,(#3939,#3940),.UNSPECIFIED.,.F.,
  .F.,(2,2),(-104.737992887,-22.5262084843),.PIECEWISE_BEZIER_KNOTS.);
#3939 = CARTESIAN_POINT('',(1.772154247585,-104.737992887));
#3940 = CARTESIAN_POINT('',(1.772154247585,-22.5262084843));
#3941 = ( GEOMETRIC_REPRESENTATION_CONTEXT(2) 
PARAMETRIC_REPRESENTATION_CONTEXT() REPRESENTATION_CONTEXT('2D SPACE',''
  ) );
#3942 = PCURVE('',#3943,#3948);
#3943 = PLANE('',#3944);
#3944 = AXIS2_PLACEMENT_3D('',#3945,#3946,#3947);
#3945 = CARTESIAN_POINT('',(369.988,145.2668,59.5));
#3946 = DIRECTION('',(1.,0.,-0.));
#3947 = DIRECTION('',(0.,-1.,0.));
#3948 = DEFINITIONAL_REPRESENTATION('',(#3949),#3952);
#3949 = B_SPLINE_CURVE_WITH_KNOTS('',1,(#3950,#3951),.UNSPECIFIED.,.F.,
  .F.,(2,2),(-104.737992887,-22.5262084843),.PIECEWISE_BEZIER_KNOTS.);
#3950 = CARTESIAN_POINT('',(11.171005144336,-7.112999995229E-06));
#3951 = CARTESIAN_POINT('',(11.171005144336,-82.2117915157));
#3952 = ( GEOMETRIC_REPRESENTATION_CONTEXT(2) 
PARAMETRIC_REPRESENTATION_CONTEXT() REPRESENTATION_CONTEXT('2D SPACE',''
  ) );
#3953 = ORIENTED_EDGE('',*,*,#3954,.T.);
#3954 = EDGE_CURVE('',#3929,#3955,#3957,.T.);
#3955 = VERTEX_POINT('',#3956);
#3956 = CARTESIAN_POINT('',(330.99820514433,95.106,59.500007713));
#3957 = SURFACE_CURVE('',#3958,(#3963,#3970),.PCURVE_S1.);
#3958 = CIRCLE('',#3959,50.);
#3959 = AXIS2_PLACEMENT_3D('',#3960,#3961,#3962);
#3960 = CARTESIAN_POINT('',(379.988,85.106,59.500007713));
#3961 = DIRECTION('',(0.,0.,1.));
#3962 = DIRECTION('',(1.,0.,0.));
#3963 = PCURVE('',#821,#3964);
#3964 = DEFINITIONAL_REPRESENTATION('',(#3965),#3969);
#3965 = LINE('',#3966,#3967);
#3966 = CARTESIAN_POINT('',(0.,-104.737992287));
#3967 = VECTOR('',#3968,1.);
#3968 = DIRECTION('',(1.,0.));
#3969 = ( GEOMETRIC_REPRESENTATION_CONTEXT(2) 
PARAMETRIC_REPRESENTATION_CONTEXT() REPRESENTATION_CONTEXT('2D SPACE',''
  ) );
#3970 = PCURVE('',#3971,#3976);
#3971 = PLANE('',#3972);
#3972 = AXIS2_PLACEMENT_3D('',#3973,#3974,#3975);
#3973 = CARTESIAN_POINT('',(379.988,85.106,59.500007713));
#3974 = DIRECTION('',(0.,0.,1.));
#3975 = DIRECTION('',(1.,0.,0.));
#3976 = DEFINITIONAL_REPRESENTATION('',(#3977),#3981);
#3977 = CIRCLE('',#3978,50.);
#3978 = AXIS2_PLACEMENT_2D('',#3979,#3980);
#3979 = CARTESIAN_POINT('',(4.375808424126E-15,-4.679120177894E-16));
#3980 = DIRECTION('',(1.,0.));
#3981 = ( GEOMETRIC_REPRESENTATION_CONTEXT(2) 
PARAMETRIC_REPRESENTATION_CONTEXT() REPRESENTATION_CONTEXT('2D SPACE',''
  ) );
#3982 = ORIENTED_EDGE('',*,*,#3983,.T.);
#3983 = EDGE_CURVE('',#3955,#3984,#3986,.T.);
#3984 = VERTEX_POINT('',#3985);
#3985 = CARTESIAN_POINT('',(330.99820514433,95.106,134.237992287));
#3986 = SURFACE_CURVE('',#3987,(#3991,#3997),.PCURVE_S1.);
#3987 = LINE('',#3988,#3989);
#3988 = CARTESIAN_POINT('',(330.99820514433,95.106,164.238));
#3989 = VECTOR('',#3990,1.);
#3990 = DIRECTION('',(0.,0.,1.));
#3991 = PCURVE('',#821,#3992);
#3992 = DEFINITIONAL_REPRESENTATION('',(#3993),#3996);
#3993 = B_SPLINE_CURVE_WITH_KNOTS('',1,(#3994,#3995),.UNSPECIFIED.,.F.,
  .F.,(2,2),(-104.737992887,-22.5262084843),.PIECEWISE_BEZIER_KNOTS.);
#3994 = CARTESIAN_POINT('',(2.940234732799,-104.737992887));
#3995 = CARTESIAN_POINT('',(2.940234732799,-22.5262084843));
#3996 = ( GEOMETRIC_REPRESENTATION_CONTEXT(2) 
PARAMETRIC_REPRESENTATION_CONTEXT() REPRESENTATION_CONTEXT('2D SPACE',''
  ) );
#3997 = PCURVE('',#3998,#4003);
#3998 = PLANE('',#3999);
#3999 = AXIS2_PLACEMENT_3D('',#4000,#4001,#4002);
#4000 = CARTESIAN_POINT('',(319.8272,95.106,59.5));
#4001 = DIRECTION('',(0.,1.,0.));
#4002 = DIRECTION('',(1.,0.,0.));
#4003 = DEFINITIONAL_REPRESENTATION('',(#4004),#4007);
#4004 = B_SPLINE_CURVE_WITH_KNOTS('',1,(#4005,#4006),.UNSPECIFIED.,.F.,
  .F.,(2,2),(-104.737992887,-22.5262084843),.PIECEWISE_BEZIER_KNOTS.);
#4005 = CARTESIAN_POINT('',(11.171005144336,-7.112999995229E-06));
#4006 = CARTESIAN_POINT('',(11.171005144336,-82.2117915157));
#4007 = ( GEOMETRIC_REPRESENTATION_CONTEXT(2) 
PARAMETRIC_REPRESENTATION_CONTEXT() REPRESENTATION_CONTEXT('2D SPACE',''
  ) );
#4008 = ORIENTED_EDGE('',*,*,#4009,.T.);
#4009 = EDGE_CURVE('',#3984,#4010,#4012,.T.);
#4010 = VERTEX_POINT('',#4011);
#4011 = CARTESIAN_POINT('',(330.99820514433,75.106,134.237992287));
#4012 = SURFACE_CURVE('',#4013,(#4018,#4025),.PCURVE_S1.);
#4013 = CIRCLE('',#4014,50.);
#4014 = AXIS2_PLACEMENT_3D('',#4015,#4016,#4017);
#4015 = CARTESIAN_POINT('',(379.988,85.106,134.237992287));
#4016 = DIRECTION('',(0.,0.,1.));
#4017 = DIRECTION('',(1.,0.,-0.));
#4018 = PCURVE('',#821,#4019);
#4019 = DEFINITIONAL_REPRESENTATION('',(#4020),#4024);
#4020 = LINE('',#4021,#4022);
#4021 = CARTESIAN_POINT('',(0.,-30.000007713));
#4022 = VECTOR('',#4023,1.);
#4023 = DIRECTION('',(1.,0.));
#4024 = ( GEOMETRIC_REPRESENTATION_CONTEXT(2) 
PARAMETRIC_REPRESENTATION_CONTEXT() REPRESENTATION_CONTEXT('2D SPACE',''
  ) );
#4025 = PCURVE('',#4026,#4031);
#4026 = PLANE('',#4027);
#4027 = AXIS2_PLACEMENT_3D('',#4028,#4029,#4030);
#4028 = CARTESIAN_POINT('',(379.988,0.106,134.237992287));
#4029 = DIRECTION('',(0.,0.,1.));
#4030 = DIRECTION('',(1.,0.,0.));
#4031 = DEFINITIONAL_REPRESENTATION('',(#4032),#4036);
#4032 = CIRCLE('',#4033,50.);
#4033 = AXIS2_PLACEMENT_2D('',#4034,#4035);
#4034 = CARTESIAN_POINT('',(0.,85.));
#4035 = DIRECTION('',(1.,0.));
#4036 = ( GEOMETRIC_REPRESENTATION_CONTEXT(2) 
PARAMETRIC_REPRESENTATION_CONTEXT() REPRESENTATION_CONTEXT('2D SPACE',''
  ) );
#4037 = ORIENTED_EDGE('',*,*,#4038,.F.);
#4038 = EDGE_CURVE('',#4039,#4010,#4041,.T.);
#4039 = VERTEX_POINT('',#4040);
#4040 = CARTESIAN_POINT('',(330.99820514433,75.106,59.500007713));
#4041 = SURFACE_CURVE('',#4042,(#4046,#4052),.PCURVE_S1.);
#4042 = LINE('',#4043,#4044);
#4043 = CARTESIAN_POINT('',(330.99820514433,75.106,164.238));
#4044 = VECTOR('',#4045,1.);
#4045 = DIRECTION('',(0.,0.,1.));
#4046 = PCURVE('',#821,#4047);
#4047 = DEFINITIONAL_REPRESENTATION('',(#4048),#4051);
#4048 = B_SPLINE_CURVE_WITH_KNOTS('',1,(#4049,#4050),.UNSPECIFIED.,.F.,
  .F.,(2,2),(-104.737992887,-22.5262084843),.PIECEWISE_BEZIER_KNOTS.);
#4049 = CARTESIAN_POINT('',(3.34295057438,-104.737992887));
#4050 = CARTESIAN_POINT('',(3.34295057438,-22.5262084843));
#4051 = ( GEOMETRIC_REPRESENTATION_CONTEXT(2) 
PARAMETRIC_REPRESENTATION_CONTEXT() REPRESENTATION_CONTEXT('2D SPACE',''
  ) );
#4052 = PCURVE('',#4053,#4058);
#4053 = PLANE('',#4054);
#4054 = AXIS2_PLACEMENT_3D('',#4055,#4056,#4057);
#4055 = CARTESIAN_POINT('',(369.988,75.106,59.5));
#4056 = DIRECTION('',(0.,-1.,0.));
#4057 = DIRECTION('',(-1.,0.,0.));
#4058 = DEFINITIONAL_REPRESENTATION('',(#4059),#4062);
#4059 = B_SPLINE_CURVE_WITH_KNOTS('',1,(#4060,#4061),.UNSPECIFIED.,.F.,
  .F.,(2,2),(-104.737992887,-22.5262084843),.PIECEWISE_BEZIER_KNOTS.);
#4060 = CARTESIAN_POINT('',(38.989794855664,-7.112999995229E-06));
#4061 = CARTESIAN_POINT('',(38.989794855664,-82.2117915157));
#4062 = ( GEOMETRIC_REPRESENTATION_CONTEXT(2) 
PARAMETRIC_REPRESENTATION_CONTEXT() REPRESENTATION_CONTEXT('2D SPACE',''
  ) );
#4063 = ORIENTED_EDGE('',*,*,#4064,.T.);
#4064 = EDGE_CURVE('',#4039,#4065,#4067,.T.);
#4065 = VERTEX_POINT('',#4066);
#4066 = CARTESIAN_POINT('',(369.988,36.116205144336,59.500007713));
#4067 = SURFACE_CURVE('',#4068,(#4073,#4080),.PCURVE_S1.);
#4068 = CIRCLE('',#4069,50.);
#4069 = AXIS2_PLACEMENT_3D('',#4070,#4071,#4072);
#4070 = CARTESIAN_POINT('',(379.988,85.106,59.500007713));
#4071 = DIRECTION('',(0.,0.,1.));
#4072 = DIRECTION('',(1.,0.,0.));
#4073 = PCURVE('',#821,#4074);
#4074 = DEFINITIONAL_REPRESENTATION('',(#4075),#4079);
#4075 = LINE('',#4076,#4077);
#4076 = CARTESIAN_POINT('',(0.,-104.737992287));
#4077 = VECTOR('',#4078,1.);
#4078 = DIRECTION('',(1.,0.));
#4079 = ( GEOMETRIC_REPRESENTATION_CONTEXT(2) 
PARAMETRIC_REPRESENTATION_CONTEXT() REPRESENTATION_CONTEXT('2D SPACE',''
  ) );
#4080 = PCURVE('',#4081,#4086);
#4081 = PLANE('',#4082);
#4082 = AXIS2_PLACEMENT_3D('',#4083,#4084,#4085);
#4083 = CARTESIAN_POINT('',(379.988,85.106,59.500007713));
#4084 = DIRECTION('',(0.,0.,1.));
#4085 = DIRECTION('',(1.,0.,0.));
#4086 = DEFINITIONAL_REPRESENTATION('',(#4087),#4091);
#4087 = CIRCLE('',#4088,50.);
#4088 = AXIS2_PLACEMENT_2D('',#4089,#4090);
#4089 = CARTESIAN_POINT('',(4.375808424126E-15,-4.679120177894E-16));
#4090 = DIRECTION('',(1.,0.));
#4091 = ( GEOMETRIC_REPRESENTATION_CONTEXT(2) 
PARAMETRIC_REPRESENTATION_CONTEXT() REPRESENTATION_CONTEXT('2D SPACE',''
  ) );
#4092 = ORIENTED_EDGE('',*,*,#4093,.T.);
#4093 = EDGE_CURVE('',#4065,#4094,#4096,.T.);
#4094 = VERTEX_POINT('',#4095);
#4095 = CARTESIAN_POINT('',(369.988,36.116205144336,134.237992287));
#4096 = SURFACE_CURVE('',#4097,(#4101,#4107),.PCURVE_S1.);
#4097 = LINE('',#4098,#4099);
#4098 = CARTESIAN_POINT('',(369.988,36.116205144336,164.238));
#4099 = VECTOR('',#4100,1.);
#4100 = DIRECTION('',(0.,0.,1.));
#4101 = PCURVE('',#821,#4102);
#4102 = DEFINITIONAL_REPRESENTATION('',(#4103),#4106);
#4103 = B_SPLINE_CURVE_WITH_KNOTS('',1,(#4104,#4105),.UNSPECIFIED.,.F.,
  .F.,(2,2),(-104.737992887,-22.5262084843),.PIECEWISE_BEZIER_KNOTS.);
#4104 = CARTESIAN_POINT('',(4.511031059594,-104.737992887));
#4105 = CARTESIAN_POINT('',(4.511031059594,-22.5262084843));
#4106 = ( GEOMETRIC_REPRESENTATION_CONTEXT(2) 
PARAMETRIC_REPRESENTATION_CONTEXT() REPRESENTATION_CONTEXT('2D SPACE',''
  ) );
#4107 = PCURVE('',#4108,#4113);
#4108 = PLANE('',#4109);
#4109 = AXIS2_PLACEMENT_3D('',#4110,#4111,#4112);
#4110 = CARTESIAN_POINT('',(369.988,75.106,59.5));
#4111 = DIRECTION('',(1.,0.,-0.));
#4112 = DIRECTION('',(0.,-1.,0.));
#4113 = DEFINITIONAL_REPRESENTATION('',(#4114),#4117);
#4114 = B_SPLINE_CURVE_WITH_KNOTS('',1,(#4115,#4116),.UNSPECIFIED.,.F.,
  .F.,(2,2),(-104.737992887,-22.5262084843),.PIECEWISE_BEZIER_KNOTS.);
#4115 = CARTESIAN_POINT('',(38.989794855664,-7.112999995229E-06));
#4116 = CARTESIAN_POINT('',(38.989794855664,-82.2117915157));
#4117 = ( GEOMETRIC_REPRESENTATION_CONTEXT(2) 
PARAMETRIC_REPRESENTATION_CONTEXT() REPRESENTATION_CONTEXT('2D SPACE',''
  ) );
#4118 = ORIENTED_EDGE('',*,*,#4119,.T.);
#4119 = EDGE_CURVE('',#4094,#4120,#4122,.T.);
#4120 = VERTEX_POINT('',#4121);
#4121 = CARTESIAN_POINT('',(389.988,36.116205144337,134.237992287));
#4122 = SURFACE_CURVE('',#4123,(#4128,#4135),.PCURVE_S1.);
#4123 = CIRCLE('',#4124,50.);
#4124 = AXIS2_PLACEMENT_3D('',#4125,#4126,#4127);
#4125 = CARTESIAN_POINT('',(379.988,85.106,134.237992287));
#4126 = DIRECTION('',(0.,0.,1.));
#4127 = DIRECTION('',(1.,0.,-0.));
#4128 = PCURVE('',#821,#4129);
#4129 = DEFINITIONAL_REPRESENTATION('',(#4130),#4134);
#4130 = LINE('',#4131,#4132);
#4131 = CARTESIAN_POINT('',(0.,-30.000007713));
#4132 = VECTOR('',#4133,1.);
#4133 = DIRECTION('',(1.,0.));
#4134 = ( GEOMETRIC_REPRESENTATION_CONTEXT(2) 
PARAMETRIC_REPRESENTATION_CONTEXT() REPRESENTATION_CONTEXT('2D SPACE',''
  ) );
#4135 = PCURVE('',#4136,#4141);
#4136 = PLANE('',#4137);
#4137 = AXIS2_PLACEMENT_3D('',#4138,#4139,#4140);
#4138 = CARTESIAN_POINT('',(379.988,0.106,134.237992287));
#4139 = DIRECTION('',(0.,0.,1.));
#4140 = DIRECTION('',(1.,0.,0.));
#4141 = DEFINITIONAL_REPRESENTATION('',(#4142),#4146);
#4142 = CIRCLE('',#4143,50.);
#4143 = AXIS2_PLACEMENT_2D('',#4144,#4145);
#4144 = CARTESIAN_POINT('',(0.,85.));
#4145 = DIRECTION('',(1.,0.));
#4146 = ( GEOMETRIC_REPRESENTATION_CONTEXT(2) 
PARAMETRIC_REPRESENTATION_CONTEXT() REPRESENTATION_CONTEXT('2D SPACE',''
  ) );
#4147 = ORIENTED_EDGE('',*,*,#4148,.F.);
#4148 = EDGE_CURVE('',#4149,#4120,#4151,.T.);
#4149 = VERTEX_POINT('',#4150);
#4150 = CARTESIAN_POINT('',(389.988,36.116205144336,59.500007713));
#4151 = SURFACE_CURVE('',#4152,(#4156,#4162),.PCURVE_S1.);
#4152 = LINE('',#4153,#4154);
#4153 = CARTESIAN_POINT('',(389.988,36.116205144336,164.238));
#4154 = VECTOR('',#4155,1.);
#4155 = DIRECTION('',(0.,0.,1.));
#4156 = PCURVE('',#821,#4157);
#4157 = DEFINITIONAL_REPRESENTATION('',(#4158),#4161);
#4158 = B_SPLINE_CURVE_WITH_KNOTS('',1,(#4159,#4160),.UNSPECIFIED.,.F.,
  .F.,(2,2),(-104.737992887,-22.5262084843),.PIECEWISE_BEZIER_KNOTS.);
#4159 = CARTESIAN_POINT('',(4.913746901175,-104.737992887));
#4160 = CARTESIAN_POINT('',(4.913746901175,-22.5262084843));
#4161 = ( GEOMETRIC_REPRESENTATION_CONTEXT(2) 
PARAMETRIC_REPRESENTATION_CONTEXT() REPRESENTATION_CONTEXT('2D SPACE',''
  ) );
#4162 = PCURVE('',#4163,#4168);
#4163 = PLANE('',#4164);
#4164 = AXIS2_PLACEMENT_3D('',#4165,#4166,#4167);
#4165 = CARTESIAN_POINT('',(389.988,10.106,59.5));
#4166 = DIRECTION('',(-1.,0.,0.));
#4167 = DIRECTION('',(0.,1.,0.));
#4168 = DEFINITIONAL_REPRESENTATION('',(#4169),#4172);
#4169 = B_SPLINE_CURVE_WITH_KNOTS('',1,(#4170,#4171),.UNSPECIFIED.,.F.,
  .F.,(2,2),(-104.737992887,-22.5262084843),.PIECEWISE_BEZIER_KNOTS.);
#4170 = CARTESIAN_POINT('',(26.010205144336,-7.112999995229E-06));
#4171 = CARTESIAN_POINT('',(26.010205144336,-82.2117915157));
#4172 = ( GEOMETRIC_REPRESENTATION_CONTEXT(2) 
PARAMETRIC_REPRESENTATION_CONTEXT() REPRESENTATION_CONTEXT('2D SPACE',''
  ) );
#4173 = ORIENTED_EDGE('',*,*,#4174,.T.);
#4174 = EDGE_CURVE('',#4149,#4175,#4177,.T.);
#4175 = VERTEX_POINT('',#4176);
#4176 = CARTESIAN_POINT('',(428.97779485566,75.106,59.500007713));
#4177 = SURFACE_CURVE('',#4178,(#4183,#4190),.PCURVE_S1.);
#4178 = CIRCLE('',#4179,50.);
#4179 = AXIS2_PLACEMENT_3D('',#4180,#4181,#4182);
#4180 = CARTESIAN_POINT('',(379.988,85.106,59.500007713));
#4181 = DIRECTION('',(0.,0.,1.));
#4182 = DIRECTION('',(1.,0.,0.));
#4183 = PCURVE('',#821,#4184);
#4184 = DEFINITIONAL_REPRESENTATION('',(#4185),#4189);
#4185 = LINE('',#4186,#4187);
#4186 = CARTESIAN_POINT('',(0.,-104.737992287));
#4187 = VECTOR('',#4188,1.);
#4188 = DIRECTION('',(1.,0.));
#4189 = ( GEOMETRIC_REPRESENTATION_CONTEXT(2) 
PARAMETRIC_REPRESENTATION_CONTEXT() REPRESENTATION_CONTEXT('2D SPACE',''
  ) );
#4190 = PCURVE('',#4191,#4196);
#4191 = PLANE('',#4192);
#4192 = AXIS2_PLACEMENT_3D('',#4193,#4194,#4195);
#4193 = CARTESIAN_POINT('',(379.988,85.106,59.500007713));
#4194 = DIRECTION('',(0.,0.,1.));
#4195 = DIRECTION('',(1.,0.,0.));
#4196 = DEFINITIONAL_REPRESENTATION('',(#4197),#4201);
#4197 = CIRCLE('',#4198,50.);
#4198 = AXIS2_PLACEMENT_2D('',#4199,#4200);
#4199 = CARTESIAN_POINT('',(4.375808424126E-15,-4.679120177894E-16));
#4200 = DIRECTION('',(1.,0.));
#4201 = ( GEOMETRIC_REPRESENTATION_CONTEXT(2) 
PARAMETRIC_REPRESENTATION_CONTEXT() REPRESENTATION_CONTEXT('2D SPACE',''
  ) );
#4202 = ORIENTED_EDGE('',*,*,#4203,.T.);
#4203 = EDGE_CURVE('',#4175,#4204,#4206,.T.);
#4204 = VERTEX_POINT('',#4205);
#4205 = CARTESIAN_POINT('',(428.97779485566,75.106,134.237992287));
#4206 = SURFACE_CURVE('',#4207,(#4211,#4217),.PCURVE_S1.);
#4207 = LINE('',#4208,#4209);
#4208 = CARTESIAN_POINT('',(428.97779485566,75.106,164.238));
#4209 = VECTOR('',#4210,1.);
#4210 = DIRECTION('',(0.,0.,1.));
#4211 = PCURVE('',#821,#4212);
#4212 = DEFINITIONAL_REPRESENTATION('',(#4213),#4216);
#4213 = B_SPLINE_CURVE_WITH_KNOTS('',1,(#4214,#4215),.UNSPECIFIED.,.F.,
  .F.,(2,2),(-104.737992887,-22.5262084843),.PIECEWISE_BEZIER_KNOTS.);
#4214 = CARTESIAN_POINT('',(6.081827386389,-104.737992887));
#4215 = CARTESIAN_POINT('',(6.081827386389,-22.5262084843));
#4216 = ( GEOMETRIC_REPRESENTATION_CONTEXT(2) 
PARAMETRIC_REPRESENTATION_CONTEXT() REPRESENTATION_CONTEXT('2D SPACE',''
  ) );
#4217 = PCURVE('',#4218,#4223);
#4218 = PLANE('',#4219);
#4219 = AXIS2_PLACEMENT_3D('',#4220,#4221,#4222);
#4220 = CARTESIAN_POINT('',(440.1488,75.106,59.5));
#4221 = DIRECTION('',(0.,-1.,0.));
#4222 = DIRECTION('',(-1.,0.,0.));
#4223 = DEFINITIONAL_REPRESENTATION('',(#4224),#4227);
#4224 = B_SPLINE_CURVE_WITH_KNOTS('',1,(#4225,#4226),.UNSPECIFIED.,.F.,
  .F.,(2,2),(-104.737992887,-22.5262084843),.PIECEWISE_BEZIER_KNOTS.);
#4225 = CARTESIAN_POINT('',(11.171005144336,-7.112999995229E-06));
#4226 = CARTESIAN_POINT('',(11.171005144336,-82.2117915157));
#4227 = ( GEOMETRIC_REPRESENTATION_CONTEXT(2) 
PARAMETRIC_REPRESENTATION_CONTEXT() REPRESENTATION_CONTEXT('2D SPACE',''
  ) );
#4228 = ORIENTED_EDGE('',*,*,#4229,.T.);
#4229 = EDGE_CURVE('',#4204,#3765,#4230,.T.);
#4230 = SURFACE_CURVE('',#4231,(#4236,#4243),.PCURVE_S1.);
#4231 = CIRCLE('',#4232,50.);
#4232 = AXIS2_PLACEMENT_3D('',#4233,#4234,#4235);
#4233 = CARTESIAN_POINT('',(379.988,85.106,134.237992287));
#4234 = DIRECTION('',(0.,0.,1.));
#4235 = DIRECTION('',(1.,0.,-0.));
#4236 = PCURVE('',#821,#4237);
#4237 = DEFINITIONAL_REPRESENTATION('',(#4238),#4242);
#4238 = LINE('',#4239,#4240);
#4239 = CARTESIAN_POINT('',(0.,-30.000007713));
#4240 = VECTOR('',#4241,1.);
#4241 = DIRECTION('',(1.,0.));
#4242 = ( GEOMETRIC_REPRESENTATION_CONTEXT(2) 
PARAMETRIC_REPRESENTATION_CONTEXT() REPRESENTATION_CONTEXT('2D SPACE',''
  ) );
#4243 = PCURVE('',#3806,#4244);
#4244 = DEFINITIONAL_REPRESENTATION('',(#4245),#4249);
#4245 = CIRCLE('',#4246,50.);
#4246 = AXIS2_PLACEMENT_2D('',#4247,#4248);
#4247 = CARTESIAN_POINT('',(0.,85.));
#4248 = DIRECTION('',(1.,0.));
#4249 = ( GEOMETRIC_REPRESENTATION_CONTEXT(2) 
PARAMETRIC_REPRESENTATION_CONTEXT() REPRESENTATION_CONTEXT('2D SPACE',''
  ) );
#4250 = ADVANCED_FACE('',(#4251),#873,.F.);
#4251 = FACE_BOUND('',#4252,.F.);
#4252 = EDGE_LOOP('',(#4253,#4254,#4277,#4298));
#4253 = ORIENTED_EDGE('',*,*,#945,.T.);
#4254 = ORIENTED_EDGE('',*,*,#4255,.T.);
#4255 = EDGE_CURVE('',#918,#4256,#4258,.T.);
#4256 = VERTEX_POINT('',#4257);
#4257 = CARTESIAN_POINT('',(-570.7107068711,255.,36.000003899));
#4258 = SURFACE_CURVE('',#4259,(#4263,#4270),.PCURVE_S1.);
#4259 = LINE('',#4260,#4261);
#4260 = CARTESIAN_POINT('',(-666.2132034355,159.49750343559,36.000003899
    ));
#4261 = VECTOR('',#4262,1.);
#4262 = DIRECTION('',(0.707106781187,0.707106781187,0.));
#4263 = PCURVE('',#873,#4264);
#4264 = DEFINITIONAL_REPRESENTATION('',(#4265),#4269);
#4265 = LINE('',#4266,#4267);
#4266 = CARTESIAN_POINT('',(12.426406871193,-98.237996101));
#4267 = VECTOR('',#4268,1.);
#4268 = DIRECTION('',(1.,0.));
#4269 = ( GEOMETRIC_REPRESENTATION_CONTEXT(2) 
PARAMETRIC_REPRESENTATION_CONTEXT() REPRESENTATION_CONTEXT('2D SPACE',''
  ) );
#4270 = PCURVE('',#933,#4271);
#4271 = DEFINITIONAL_REPRESENTATION('',(#4272),#4276);
#4272 = LINE('',#4273,#4274);
#4273 = CARTESIAN_POINT('',(85.029248525816,319.19382331588));
#4274 = VECTOR('',#4275,1.);
#4275 = DIRECTION('',(0.851655687007,0.5241016989));
#4276 = ( GEOMETRIC_REPRESENTATION_CONTEXT(2) 
PARAMETRIC_REPRESENTATION_CONTEXT() REPRESENTATION_CONTEXT('2D SPACE',''
  ) );
#4277 = ORIENTED_EDGE('',*,*,#4278,.F.);
#4278 = EDGE_CURVE('',#838,#4256,#4279,.T.);
#4279 = SURFACE_CURVE('',#4280,(#4284,#4291),.PCURVE_S1.);
#4280 = LINE('',#4281,#4282);
#4281 = CARTESIAN_POINT('',(-570.7107068711,255.,134.238));
#4282 = VECTOR('',#4283,1.);
#4283 = DIRECTION('',(-0.,-0.,-1.));
#4284 = PCURVE('',#873,#4285);
#4285 = DEFINITIONAL_REPRESENTATION('',(#4286),#4290);
#4286 = LINE('',#4287,#4288);
#4287 = CARTESIAN_POINT('',(147.48733275306,0.));
#4288 = VECTOR('',#4289,1.);
#4289 = DIRECTION('',(0.,-1.));
#4290 = ( GEOMETRIC_REPRESENTATION_CONTEXT(2) 
PARAMETRIC_REPRESENTATION_CONTEXT() REPRESENTATION_CONTEXT('2D SPACE',''
  ) );
#4291 = PCURVE('',#1686,#4292);
#4292 = DEFINITIONAL_REPRESENTATION('',(#4293),#4297);
#4293 = LINE('',#4294,#4295);
#4294 = CARTESIAN_POINT('',(0.,0.));
#4295 = VECTOR('',#4296,1.);
#4296 = DIRECTION('',(0.,-1.));
#4297 = ( GEOMETRIC_REPRESENTATION_CONTEXT(2) 
PARAMETRIC_REPRESENTATION_CONTEXT() REPRESENTATION_CONTEXT('2D SPACE',''
  ) );
#4298 = ORIENTED_EDGE('',*,*,#859,.F.);
#4299 = ADVANCED_FACE('',(#4300),#905,.F.);
#4300 = FACE_BOUND('',#4301,.F.);
#4301 = EDGE_LOOP('',(#4302,#4325,#4346,#4347));
#4302 = ORIENTED_EDGE('',*,*,#4303,.T.);
#4303 = EDGE_CURVE('',#973,#4304,#4306,.T.);
#4304 = VERTEX_POINT('',#4305);
#4305 = CARTESIAN_POINT('',(-570.7107068711,-275.,36.000003899));
#4306 = SURFACE_CURVE('',#4307,(#4311,#4318),.PCURVE_S1.);
#4307 = LINE('',#4308,#4309);
#4308 = CARTESIAN_POINT('',(-570.7107068711,-275.,134.238));
#4309 = VECTOR('',#4310,1.);
#4310 = DIRECTION('',(-0.,-0.,-1.));
#4311 = PCURVE('',#905,#4312);
#4312 = DEFINITIONAL_REPRESENTATION('',(#4313),#4317);
#4313 = LINE('',#4314,#4315);
#4314 = CARTESIAN_POINT('',(0.,0.));
#4315 = VECTOR('',#4316,1.);
#4316 = DIRECTION('',(0.,-1.));
#4317 = ( GEOMETRIC_REPRESENTATION_CONTEXT(2) 
PARAMETRIC_REPRESENTATION_CONTEXT() REPRESENTATION_CONTEXT('2D SPACE',''
  ) );
#4318 = PCURVE('',#1036,#4319);
#4319 = DEFINITIONAL_REPRESENTATION('',(#4320),#4324);
#4320 = LINE('',#4321,#4322);
#4321 = CARTESIAN_POINT('',(1.141421413742E+03,0.));
#4322 = VECTOR('',#4323,1.);
#4323 = DIRECTION('',(0.,-1.));
#4324 = ( GEOMETRIC_REPRESENTATION_CONTEXT(2) 
PARAMETRIC_REPRESENTATION_CONTEXT() REPRESENTATION_CONTEXT('2D SPACE',''
  ) );
#4325 = ORIENTED_EDGE('',*,*,#4326,.T.);
#4326 = EDGE_CURVE('',#4304,#890,#4327,.T.);
#4327 = SURFACE_CURVE('',#4328,(#4332,#4339),.PCURVE_S1.);
#4328 = LINE('',#4329,#4330);
#4329 = CARTESIAN_POINT('',(-579.4975034355,-266.2132034355,36.000003899
    ));
#4330 = VECTOR('',#4331,1.);
#4331 = DIRECTION('',(-0.707106781187,0.707106781187,0.));
#4332 = PCURVE('',#905,#4333);
#4333 = DEFINITIONAL_REPRESENTATION('',(#4334),#4338);
#4334 = LINE('',#4335,#4336);
#4335 = CARTESIAN_POINT('',(12.426406871193,-98.237996101));
#4336 = VECTOR('',#4337,1.);
#4337 = DIRECTION('',(1.,0.));
#4338 = ( GEOMETRIC_REPRESENTATION_CONTEXT(2) 
PARAMETRIC_REPRESENTATION_CONTEXT() REPRESENTATION_CONTEXT('2D SPACE',''
  ) );
#4339 = PCURVE('',#933,#4340);
#4340 = DEFINITIONAL_REPRESENTATION('',(#4341),#4345);
#4341 = LINE('',#4342,#4343);
#4342 = CARTESIAN_POINT('',(70.785660709633,-115.0254056196));
#4343 = VECTOR('',#4344,1.);
#4344 = DIRECTION('',(-0.5241016989,0.851655687007));
#4345 = ( GEOMETRIC_REPRESENTATION_CONTEXT(2) 
PARAMETRIC_REPRESENTATION_CONTEXT() REPRESENTATION_CONTEXT('2D SPACE',''
  ) );
#4346 = ORIENTED_EDGE('',*,*,#889,.F.);
#4347 = ORIENTED_EDGE('',*,*,#972,.F.);
#4348 = ADVANCED_FACE('',(#4349),#933,.F.);
#4349 = FACE_BOUND('',#4350,.F.);
#4350 = EDGE_LOOP('',(#4351,#4352,#4353,#4376,#4399,#4422,#4445,#4468,
    #4489,#4517,#4545,#4573,#4601,#4629,#4657,#4685,#4713,#4741,#4762,
    #4783));
#4351 = ORIENTED_EDGE('',*,*,#917,.F.);
#4352 = ORIENTED_EDGE('',*,*,#4326,.F.);
#4353 = ORIENTED_EDGE('',*,*,#4354,.F.);
#4354 = EDGE_CURVE('',#4355,#4304,#4357,.T.);
#4355 = VERTEX_POINT('',#4356);
#4356 = CARTESIAN_POINT('',(570.71070687119,-275.,36.000003899));
#4357 = SURFACE_CURVE('',#4358,(#4362,#4369),.PCURVE_S1.);
#4358 = LINE('',#4359,#4360);
#4359 = CARTESIAN_POINT('',(558.2843,-275.,36.000003899));
#4360 = VECTOR('',#4361,1.);
#4361 = DIRECTION('',(-1.,0.,0.));
#4362 = PCURVE('',#933,#4363);
#4363 = DEFINITIONAL_REPRESENTATION('',(#4364),#4368);
#4364 = LINE('',#4365,#4366);
#4365 = CARTESIAN_POINT('',(1.175593032764E+03,-387.1013337681));
#4366 = VECTOR('',#4367,1.);
#4367 = DIRECTION('',(-0.972807376842,0.231615646195));
#4368 = ( GEOMETRIC_REPRESENTATION_CONTEXT(2) 
PARAMETRIC_REPRESENTATION_CONTEXT() REPRESENTATION_CONTEXT('2D SPACE',''
  ) );
#4369 = PCURVE('',#1036,#4370);
#4370 = DEFINITIONAL_REPRESENTATION('',(#4371),#4375);
#4371 = LINE('',#4372,#4373);
#4372 = CARTESIAN_POINT('',(12.426406871193,-98.237996101));
#4373 = VECTOR('',#4374,1.);
#4374 = DIRECTION('',(1.,0.));
#4375 = ( GEOMETRIC_REPRESENTATION_CONTEXT(2) 
PARAMETRIC_REPRESENTATION_CONTEXT() REPRESENTATION_CONTEXT('2D SPACE',''
  ) );
#4376 = ORIENTED_EDGE('',*,*,#4377,.F.);
#4377 = EDGE_CURVE('',#4378,#4355,#4380,.T.);
#4378 = VERTEX_POINT('',#4379);
#4379 = CARTESIAN_POINT('',(675.,-170.7107068711,36.000003899));
#4380 = SURFACE_CURVE('',#4381,(#4385,#4392),.PCURVE_S1.);
#4381 = LINE('',#4382,#4383);
#4382 = CARTESIAN_POINT('',(666.21320343559,-179.4975034355,36.000003899
    ));
#4383 = VECTOR('',#4384,1.);
#4384 = DIRECTION('',(-0.707106781187,-0.707106781187,0.));
#4385 = PCURVE('',#933,#4386);
#4386 = DEFINITIONAL_REPRESENTATION('',(#4387),#4391);
#4387 = LINE('',#4388,#4389);
#4388 = CARTESIAN_POINT('',(1.302706938655E+03,-319.1938233158));
#4389 = VECTOR('',#4390,1.);
#4390 = DIRECTION('',(-0.851655687007,-0.5241016989));
#4391 = ( GEOMETRIC_REPRESENTATION_CONTEXT(2) 
PARAMETRIC_REPRESENTATION_CONTEXT() REPRESENTATION_CONTEXT('2D SPACE',''
  ) );
#4392 = PCURVE('',#1089,#4393);
#4393 = DEFINITIONAL_REPRESENTATION('',(#4394),#4398);
#4394 = LINE('',#4395,#4396);
#4395 = CARTESIAN_POINT('',(12.426406871193,-98.237996101));
#4396 = VECTOR('',#4397,1.);
#4397 = DIRECTION('',(1.,0.));
#4398 = ( GEOMETRIC_REPRESENTATION_CONTEXT(2) 
PARAMETRIC_REPRESENTATION_CONTEXT() REPRESENTATION_CONTEXT('2D SPACE',''
  ) );
#4399 = ORIENTED_EDGE('',*,*,#4400,.F.);
#4400 = EDGE_CURVE('',#4401,#4378,#4403,.T.);
#4401 = VERTEX_POINT('',#4402);
#4402 = CARTESIAN_POINT('',(675.,150.71070687119,36.000003899));
#4403 = SURFACE_CURVE('',#4404,(#4408,#4415),.PCURVE_S1.);
#4404 = LINE('',#4405,#4406);
#4405 = CARTESIAN_POINT('',(675.,138.2843,36.000003899));
#4406 = VECTOR('',#4407,1.);
#4407 = DIRECTION('',(0.,-1.,0.));
#4408 = PCURVE('',#933,#4409);
#4409 = DEFINITIONAL_REPRESENTATION('',(#4410),#4414);
#4410 = LINE('',#4411,#4412);
#4411 = CARTESIAN_POINT('',(1.384858036924E+03,-12.08850027193));
#4412 = VECTOR('',#4413,1.);
#4413 = DIRECTION('',(-0.231615646195,-0.972807376842));
#4414 = ( GEOMETRIC_REPRESENTATION_CONTEXT(2) 
PARAMETRIC_REPRESENTATION_CONTEXT() REPRESENTATION_CONTEXT('2D SPACE',''
  ) );
#4415 = PCURVE('',#1142,#4416);
#4416 = DEFINITIONAL_REPRESENTATION('',(#4417),#4421);
#4417 = LINE('',#4418,#4419);
#4418 = CARTESIAN_POINT('',(12.426406871193,-98.237996101));
#4419 = VECTOR('',#4420,1.);
#4420 = DIRECTION('',(1.,0.));
#4421 = ( GEOMETRIC_REPRESENTATION_CONTEXT(2) 
PARAMETRIC_REPRESENTATION_CONTEXT() REPRESENTATION_CONTEXT('2D SPACE',''
  ) );
#4422 = ORIENTED_EDGE('',*,*,#4423,.F.);
#4423 = EDGE_CURVE('',#4424,#4401,#4426,.T.);
#4424 = VERTEX_POINT('',#4425);
#4425 = CARTESIAN_POINT('',(570.71070687119,255.,36.000003899));
#4426 = SURFACE_CURVE('',#4427,(#4431,#4438),.PCURVE_S1.);
#4427 = LINE('',#4428,#4429);
#4428 = CARTESIAN_POINT('',(579.49750343559,246.21320343559,36.000003899
    ));
#4429 = VECTOR('',#4430,1.);
#4430 = DIRECTION('',(0.707106781187,-0.707106781187,-0.));
#4431 = PCURVE('',#933,#4432);
#4432 = DEFINITIONAL_REPRESENTATION('',(#4433),#4437);
#4433 = LINE('',#4434,#4435);
#4434 = CARTESIAN_POINT('',(1.316950526472E+03,115.02540561966));
#4435 = VECTOR('',#4436,1.);
#4436 = DIRECTION('',(0.5241016989,-0.851655687007));
#4437 = ( GEOMETRIC_REPRESENTATION_CONTEXT(2) 
PARAMETRIC_REPRESENTATION_CONTEXT() REPRESENTATION_CONTEXT('2D SPACE',''
  ) );
#4438 = PCURVE('',#1195,#4439);
#4439 = DEFINITIONAL_REPRESENTATION('',(#4440),#4444);
#4440 = LINE('',#4441,#4442);
#4441 = CARTESIAN_POINT('',(12.426406871193,-98.237996101));
#4442 = VECTOR('',#4443,1.);
#4443 = DIRECTION('',(1.,0.));
#4444 = ( GEOMETRIC_REPRESENTATION_CONTEXT(2) 
PARAMETRIC_REPRESENTATION_CONTEXT() REPRESENTATION_CONTEXT('2D SPACE',''
  ) );
#4445 = ORIENTED_EDGE('',*,*,#4446,.F.);
#4446 = EDGE_CURVE('',#4447,#4424,#4449,.T.);
#4447 = VERTEX_POINT('',#4448);
#4448 = CARTESIAN_POINT('',(185.194,255.,36.000003899));
#4449 = SURFACE_CURVE('',#4450,(#4454,#4461),.PCURVE_S1.);
#4450 = LINE('',#4451,#4452);
#4451 = CARTESIAN_POINT('',(-558.2843,255.,36.000003899));
#4452 = VECTOR('',#4453,1.);
#4453 = DIRECTION('',(1.,0.,0.));
#4454 = PCURVE('',#933,#4455);
#4455 = DEFINITIONAL_REPRESENTATION('',(#4456),#4460);
#4456 = LINE('',#4457,#4458);
#4457 = CARTESIAN_POINT('',(212.14315441741,387.10133376816));
#4458 = VECTOR('',#4459,1.);
#4459 = DIRECTION('',(0.972807376842,-0.231615646195));
#4460 = ( GEOMETRIC_REPRESENTATION_CONTEXT(2) 
PARAMETRIC_REPRESENTATION_CONTEXT() REPRESENTATION_CONTEXT('2D SPACE',''
  ) );
#4461 = PCURVE('',#1307,#4462);
#4462 = DEFINITIONAL_REPRESENTATION('',(#4463),#4467);
#4463 = LINE('',#4464,#4465);
#4464 = CARTESIAN_POINT('',(12.426406871193,-98.237996101));
#4465 = VECTOR('',#4466,1.);
#4466 = DIRECTION('',(1.,0.));
#4467 = ( GEOMETRIC_REPRESENTATION_CONTEXT(2) 
PARAMETRIC_REPRESENTATION_CONTEXT() REPRESENTATION_CONTEXT('2D SPACE',''
  ) );
#4468 = ORIENTED_EDGE('',*,*,#4469,.T.);
#4469 = EDGE_CURVE('',#4447,#4470,#4472,.T.);
#4470 = VERTEX_POINT('',#4471);
#4471 = CARTESIAN_POINT('',(185.194,245.,36.000003899));
#4472 = SURFACE_CURVE('',#4473,(#4477,#4483),.PCURVE_S1.);
#4473 = LINE('',#4474,#4475);
#4474 = CARTESIAN_POINT('',(185.194,42.144646564404,36.000003899));
#4475 = VECTOR('',#4476,1.);
#4476 = DIRECTION('',(0.,-1.,0.));
#4477 = PCURVE('',#933,#4478);
#4478 = DEFINITIONAL_REPRESENTATION('',(#4479),#4482);
#4479 = B_SPLINE_CURVE_WITH_KNOTS('',1,(#4480,#4481),.UNSPECIFIED.,.F.,
  .F.,(2,2),(-212.8553534355,-182.8553534355),.PIECEWISE_BEZIER_KNOTS.);
#4480 = CARTESIAN_POINT('',(935.40432917912,214.90012688157));
#4481 = CARTESIAN_POINT('',(928.45585979327,185.71590557632));
#4482 = ( GEOMETRIC_REPRESENTATION_CONTEXT(2) 
PARAMETRIC_REPRESENTATION_CONTEXT() REPRESENTATION_CONTEXT('2D SPACE',''
  ) );
#4483 = PCURVE('',#1268,#4484);
#4484 = DEFINITIONAL_REPRESENTATION('',(#4485),#4488);
#4485 = B_SPLINE_CURVE_WITH_KNOTS('',1,(#4486,#4487),.UNSPECIFIED.,.F.,
  .F.,(2,2),(-212.8553534355,-182.8553534355),.PIECEWISE_BEZIER_KNOTS.);
#4486 = CARTESIAN_POINT('',(3.899000006413E-06,0.));
#4487 = CARTESIAN_POINT('',(3.899000006413E-06,-30.));
#4488 = ( GEOMETRIC_REPRESENTATION_CONTEXT(2) 
PARAMETRIC_REPRESENTATION_CONTEXT() REPRESENTATION_CONTEXT('2D SPACE',''
  ) );
#4489 = ORIENTED_EDGE('',*,*,#4490,.T.);
#4490 = EDGE_CURVE('',#4470,#4491,#4493,.T.);
#4491 = VERTEX_POINT('',#4492);
#4492 = CARTESIAN_POINT('',(566.56857124746,245.,36.000003899));
#4493 = SURFACE_CURVE('',#4494,(#4498,#4505),.PCURVE_S1.);
#4494 = LINE('',#4495,#4496);
#4495 = CARTESIAN_POINT('',(-558.2843,245.,36.000003899));
#4496 = VECTOR('',#4497,1.);
#4497 = DIRECTION('',(1.,0.,0.));
#4498 = PCURVE('',#933,#4499);
#4499 = DEFINITIONAL_REPRESENTATION('',(#4500),#4504);
#4500 = LINE('',#4501,#4502);
#4501 = CARTESIAN_POINT('',(209.82699795546,377.37325999974));
#4502 = VECTOR('',#4503,1.);
#4503 = DIRECTION('',(0.972807376842,-0.231615646195));
#4504 = ( GEOMETRIC_REPRESENTATION_CONTEXT(2) 
PARAMETRIC_REPRESENTATION_CONTEXT() REPRESENTATION_CONTEXT('2D SPACE',''
  ) );
#4505 = PCURVE('',#4506,#4511);
#4506 = PLANE('',#4507);
#4507 = AXIS2_PLACEMENT_3D('',#4508,#4509,#4510);
#4508 = CARTESIAN_POINT('',(-566.5685712474,245.,36.000003899));
#4509 = DIRECTION('',(-0.,1.,0.));
#4510 = DIRECTION('',(1.,0.,0.));
#4511 = DEFINITIONAL_REPRESENTATION('',(#4512),#4516);
#4512 = LINE('',#4513,#4514);
#4513 = CARTESIAN_POINT('',(8.284271247462,0.));
#4514 = VECTOR('',#4515,1.);
#4515 = DIRECTION('',(1.,0.));
#4516 = ( GEOMETRIC_REPRESENTATION_CONTEXT(2) 
PARAMETRIC_REPRESENTATION_CONTEXT() REPRESENTATION_CONTEXT('2D SPACE',''
  ) );
#4517 = ORIENTED_EDGE('',*,*,#4518,.T.);
#4518 = EDGE_CURVE('',#4491,#4519,#4521,.T.);
#4519 = VERTEX_POINT('',#4520);
#4520 = CARTESIAN_POINT('',(665.,146.56857124746,36.000003899));
#4521 = SURFACE_CURVE('',#4522,(#4526,#4533),.PCURVE_S1.);
#4522 = LINE('',#4523,#4524);
#4523 = CARTESIAN_POINT('',(572.42643562373,239.14213562373,36.000003899
    ));
#4524 = VECTOR('',#4525,1.);
#4525 = DIRECTION('',(0.707106781187,-0.707106781187,-0.));
#4526 = PCURVE('',#933,#4527);
#4527 = DEFINITIONAL_REPRESENTATION('',(#4528),#4532);
#4528 = LINE('',#4529,#4530);
#4529 = CARTESIAN_POINT('',(1.308433969601E+03,109.78438863067));
#4530 = VECTOR('',#4531,1.);
#4531 = DIRECTION('',(0.5241016989,-0.851655687007));
#4532 = ( GEOMETRIC_REPRESENTATION_CONTEXT(2) 
PARAMETRIC_REPRESENTATION_CONTEXT() REPRESENTATION_CONTEXT('2D SPACE',''
  ) );
#4533 = PCURVE('',#4534,#4539);
#4534 = PLANE('',#4535);
#4535 = AXIS2_PLACEMENT_3D('',#4536,#4537,#4538);
#4536 = CARTESIAN_POINT('',(566.56857124746,245.,36.000003899));
#4537 = DIRECTION('',(0.707106781187,0.707106781187,0.));
#4538 = DIRECTION('',(0.707106781187,-0.707106781187,-0.));
#4539 = DEFINITIONAL_REPRESENTATION('',(#4540),#4544);
#4540 = LINE('',#4541,#4542);
#4541 = CARTESIAN_POINT('',(8.284271247462,0.));
#4542 = VECTOR('',#4543,1.);
#4543 = DIRECTION('',(1.,0.));
#4544 = ( GEOMETRIC_REPRESENTATION_CONTEXT(2) 
PARAMETRIC_REPRESENTATION_CONTEXT() REPRESENTATION_CONTEXT('2D SPACE',''
  ) );
#4545 = ORIENTED_EDGE('',*,*,#4546,.T.);
#4546 = EDGE_CURVE('',#4519,#4547,#4549,.T.);
#4547 = VERTEX_POINT('',#4548);
#4548 = CARTESIAN_POINT('',(665.,-166.5685712474,36.000003899));
#4549 = SURFACE_CURVE('',#4550,(#4554,#4561),.PCURVE_S1.);
#4550 = LINE('',#4551,#4552);
#4551 = CARTESIAN_POINT('',(665.,138.2843,36.000003899));
#4552 = VECTOR('',#4553,1.);
#4553 = DIRECTION('',(-0.,-1.,0.));
#4554 = PCURVE('',#933,#4555);
#4555 = DEFINITIONAL_REPRESENTATION('',(#4556),#4560);
#4556 = LINE('',#4557,#4558);
#4557 = CARTESIAN_POINT('',(1.375129963155E+03,-9.772343809981));
#4558 = VECTOR('',#4559,1.);
#4559 = DIRECTION('',(-0.231615646195,-0.972807376842));
#4560 = ( GEOMETRIC_REPRESENTATION_CONTEXT(2) 
PARAMETRIC_REPRESENTATION_CONTEXT() REPRESENTATION_CONTEXT('2D SPACE',''
  ) );
#4561 = PCURVE('',#4562,#4567);
#4562 = PLANE('',#4563);
#4563 = AXIS2_PLACEMENT_3D('',#4564,#4565,#4566);
#4564 = CARTESIAN_POINT('',(665.,146.56857124746,36.000003899));
#4565 = DIRECTION('',(1.,0.,0.));
#4566 = DIRECTION('',(0.,-1.,0.));
#4567 = DEFINITIONAL_REPRESENTATION('',(#4568),#4572);
#4568 = LINE('',#4569,#4570);
#4569 = CARTESIAN_POINT('',(8.284271247462,0.));
#4570 = VECTOR('',#4571,1.);
#4571 = DIRECTION('',(1.,-0.));
#4572 = ( GEOMETRIC_REPRESENTATION_CONTEXT(2) 
PARAMETRIC_REPRESENTATION_CONTEXT() REPRESENTATION_CONTEXT('2D SPACE',''
  ) );
#4573 = ORIENTED_EDGE('',*,*,#4574,.T.);
#4574 = EDGE_CURVE('',#4547,#4575,#4577,.T.);
#4575 = VERTEX_POINT('',#4576);
#4576 = CARTESIAN_POINT('',(566.56857124746,-265.,36.000003899));
#4577 = SURFACE_CURVE('',#4578,(#4582,#4589),.PCURVE_S1.);
#4578 = LINE('',#4579,#4580);
#4579 = CARTESIAN_POINT('',(659.14213562373,-172.4264356237,36.000003899
    ));
#4580 = VECTOR('',#4581,1.);
#4581 = DIRECTION('',(-0.707106781187,-0.707106781187,0.));
#4582 = PCURVE('',#933,#4583);
#4583 = DEFINITIONAL_REPRESENTATION('',(#4584),#4588);
#4584 = LINE('',#4585,#4586);
#4585 = CARTESIAN_POINT('',(1.297465921666E+03,-310.6772664458));
#4586 = VECTOR('',#4587,1.);
#4587 = DIRECTION('',(-0.851655687007,-0.5241016989));
#4588 = ( GEOMETRIC_REPRESENTATION_CONTEXT(2) 
PARAMETRIC_REPRESENTATION_CONTEXT() REPRESENTATION_CONTEXT('2D SPACE',''
  ) );
#4589 = PCURVE('',#4590,#4595);
#4590 = PLANE('',#4591);
#4591 = AXIS2_PLACEMENT_3D('',#4592,#4593,#4594);
#4592 = CARTESIAN_POINT('',(665.,-166.5685712474,36.000003899));
#4593 = DIRECTION('',(0.707106781187,-0.707106781187,0.));
#4594 = DIRECTION('',(-0.707106781187,-0.707106781187,0.));
#4595 = DEFINITIONAL_REPRESENTATION('',(#4596),#4600);
#4596 = LINE('',#4597,#4598);
#4597 = CARTESIAN_POINT('',(8.284271247462,0.));
#4598 = VECTOR('',#4599,1.);
#4599 = DIRECTION('',(1.,0.));
#4600 = ( GEOMETRIC_REPRESENTATION_CONTEXT(2) 
PARAMETRIC_REPRESENTATION_CONTEXT() REPRESENTATION_CONTEXT('2D SPACE',''
  ) );
#4601 = ORIENTED_EDGE('',*,*,#4602,.T.);
#4602 = EDGE_CURVE('',#4575,#4603,#4605,.T.);
#4603 = VERTEX_POINT('',#4604);
#4604 = CARTESIAN_POINT('',(-566.5685712474,-265.,36.000003899));
#4605 = SURFACE_CURVE('',#4606,(#4610,#4617),.PCURVE_S1.);
#4606 = LINE('',#4607,#4608);
#4607 = CARTESIAN_POINT('',(558.2843,-265.,36.000003899));
#4608 = VECTOR('',#4609,1.);
#4609 = DIRECTION('',(-1.,0.,0.));
#4610 = PCURVE('',#933,#4611);
#4611 = DEFINITIONAL_REPRESENTATION('',(#4612),#4616);
#4612 = LINE('',#4613,#4614);
#4613 = CARTESIAN_POINT('',(1.177909189226E+03,-377.3732599997));
#4614 = VECTOR('',#4615,1.);
#4615 = DIRECTION('',(-0.972807376842,0.231615646195));
#4616 = ( GEOMETRIC_REPRESENTATION_CONTEXT(2) 
PARAMETRIC_REPRESENTATION_CONTEXT() REPRESENTATION_CONTEXT('2D SPACE',''
  ) );
#4617 = PCURVE('',#4618,#4623);
#4618 = PLANE('',#4619);
#4619 = AXIS2_PLACEMENT_3D('',#4620,#4621,#4622);
#4620 = CARTESIAN_POINT('',(566.56857124746,-265.,36.000003899));
#4621 = DIRECTION('',(-0.,-1.,-0.));
#4622 = DIRECTION('',(-1.,0.,0.));
#4623 = DEFINITIONAL_REPRESENTATION('',(#4624),#4628);
#4624 = LINE('',#4625,#4626);
#4625 = CARTESIAN_POINT('',(8.284271247462,0.));
#4626 = VECTOR('',#4627,1.);
#4627 = DIRECTION('',(1.,0.));
#4628 = ( GEOMETRIC_REPRESENTATION_CONTEXT(2) 
PARAMETRIC_REPRESENTATION_CONTEXT() REPRESENTATION_CONTEXT('2D SPACE',''
  ) );
#4629 = ORIENTED_EDGE('',*,*,#4630,.T.);
#4630 = EDGE_CURVE('',#4603,#4631,#4633,.T.);
#4631 = VERTEX_POINT('',#4632);
#4632 = CARTESIAN_POINT('',(-665.,-166.5685712474,36.000003899));
#4633 = SURFACE_CURVE('',#4634,(#4638,#4645),.PCURVE_S1.);
#4634 = LINE('',#4635,#4636);
#4635 = CARTESIAN_POINT('',(-572.4264356237,-259.1421356237,36.000003899
    ));
#4636 = VECTOR('',#4637,1.);
#4637 = DIRECTION('',(-0.707106781187,0.707106781187,0.));
#4638 = PCURVE('',#933,#4639);
#4639 = DEFINITIONAL_REPRESENTATION('',(#4640),#4644);
#4640 = LINE('',#4641,#4642);
#4641 = CARTESIAN_POINT('',(79.302217579699,-109.7843886306));
#4642 = VECTOR('',#4643,1.);
#4643 = DIRECTION('',(-0.5241016989,0.851655687007));
#4644 = ( GEOMETRIC_REPRESENTATION_CONTEXT(2) 
PARAMETRIC_REPRESENTATION_CONTEXT() REPRESENTATION_CONTEXT('2D SPACE',''
  ) );
#4645 = PCURVE('',#4646,#4651);
#4646 = PLANE('',#4647);
#4647 = AXIS2_PLACEMENT_3D('',#4648,#4649,#4650);
#4648 = CARTESIAN_POINT('',(-566.5685712474,-265.,36.000003899));
#4649 = DIRECTION('',(-0.707106781187,-0.707106781187,-0.));
#4650 = DIRECTION('',(-0.707106781187,0.707106781187,0.));
#4651 = DEFINITIONAL_REPRESENTATION('',(#4652),#4656);
#4652 = LINE('',#4653,#4654);
#4653 = CARTESIAN_POINT('',(8.284271247462,0.));
#4654 = VECTOR('',#4655,1.);
#4655 = DIRECTION('',(1.,0.));
#4656 = ( GEOMETRIC_REPRESENTATION_CONTEXT(2) 
PARAMETRIC_REPRESENTATION_CONTEXT() REPRESENTATION_CONTEXT('2D SPACE',''
  ) );
#4657 = ORIENTED_EDGE('',*,*,#4658,.T.);
#4658 = EDGE_CURVE('',#4631,#4659,#4661,.T.);
#4659 = VERTEX_POINT('',#4660);
#4660 = CARTESIAN_POINT('',(-665.,146.56857124746,36.000003899));
#4661 = SURFACE_CURVE('',#4662,(#4666,#4673),.PCURVE_S1.);
#4662 = LINE('',#4663,#4664);
#4663 = CARTESIAN_POINT('',(-665.,-158.2843,36.000003899));
#4664 = VECTOR('',#4665,1.);
#4665 = DIRECTION('',(0.,1.,0.));
#4666 = PCURVE('',#933,#4667);
#4667 = DEFINITIONAL_REPRESENTATION('',(#4668),#4672);
#4668 = LINE('',#4669,#4670);
#4669 = CARTESIAN_POINT('',(12.606224025772,9.772343809981));
#4670 = VECTOR('',#4671,1.);
#4671 = DIRECTION('',(0.231615646195,0.972807376842));
#4672 = ( GEOMETRIC_REPRESENTATION_CONTEXT(2) 
PARAMETRIC_REPRESENTATION_CONTEXT() REPRESENTATION_CONTEXT('2D SPACE',''
  ) );
#4673 = PCURVE('',#4674,#4679);
#4674 = PLANE('',#4675);
#4675 = AXIS2_PLACEMENT_3D('',#4676,#4677,#4678);
#4676 = CARTESIAN_POINT('',(-665.,-166.5685712474,36.000003899));
#4677 = DIRECTION('',(-1.,0.,0.));
#4678 = DIRECTION('',(0.,1.,0.));
#4679 = DEFINITIONAL_REPRESENTATION('',(#4680),#4684);
#4680 = LINE('',#4681,#4682);
#4681 = CARTESIAN_POINT('',(8.284271247462,0.));
#4682 = VECTOR('',#4683,1.);
#4683 = DIRECTION('',(1.,0.));
#4684 = ( GEOMETRIC_REPRESENTATION_CONTEXT(2) 
PARAMETRIC_REPRESENTATION_CONTEXT() REPRESENTATION_CONTEXT('2D SPACE',''
  ) );
#4685 = ORIENTED_EDGE('',*,*,#4686,.T.);
#4686 = EDGE_CURVE('',#4659,#4687,#4689,.T.);
#4687 = VERTEX_POINT('',#4688);
#4688 = CARTESIAN_POINT('',(-566.5685712474,245.,36.000003899));
#4689 = SURFACE_CURVE('',#4690,(#4694,#4701),.PCURVE_S1.);
#4690 = LINE('',#4691,#4692);
#4691 = CARTESIAN_POINT('',(-659.1421356237,152.42643562373,36.000003899
    ));
#4692 = VECTOR('',#4693,1.);
#4693 = DIRECTION('',(0.707106781187,0.707106781187,0.));
#4694 = PCURVE('',#933,#4695);
#4695 = DEFINITIONAL_REPRESENTATION('',(#4696),#4700);
#4696 = LINE('',#4697,#4698);
#4697 = CARTESIAN_POINT('',(90.270265514811,310.67726644581));
#4698 = VECTOR('',#4699,1.);
#4699 = DIRECTION('',(0.851655687007,0.5241016989));
#4700 = ( GEOMETRIC_REPRESENTATION_CONTEXT(2) 
PARAMETRIC_REPRESENTATION_CONTEXT() REPRESENTATION_CONTEXT('2D SPACE',''
  ) );
#4701 = PCURVE('',#4702,#4707);
#4702 = PLANE('',#4703);
#4703 = AXIS2_PLACEMENT_3D('',#4704,#4705,#4706);
#4704 = CARTESIAN_POINT('',(-665.,146.56857124746,36.000003899));
#4705 = DIRECTION('',(-0.707106781187,0.707106781187,0.));
#4706 = DIRECTION('',(0.707106781187,0.707106781187,0.));
#4707 = DEFINITIONAL_REPRESENTATION('',(#4708),#4712);
#4708 = LINE('',#4709,#4710);
#4709 = CARTESIAN_POINT('',(8.284271247462,0.));
#4710 = VECTOR('',#4711,1.);
#4711 = DIRECTION('',(1.,0.));
#4712 = ( GEOMETRIC_REPRESENTATION_CONTEXT(2) 
PARAMETRIC_REPRESENTATION_CONTEXT() REPRESENTATION_CONTEXT('2D SPACE',''
  ) );
#4713 = ORIENTED_EDGE('',*,*,#4714,.T.);
#4714 = EDGE_CURVE('',#4687,#4715,#4717,.T.);
#4715 = VERTEX_POINT('',#4716);
#4716 = CARTESIAN_POINT('',(-185.194,245.,36.000003899));
#4717 = SURFACE_CURVE('',#4718,(#4722,#4729),.PCURVE_S1.);
#4718 = LINE('',#4719,#4720);
#4719 = CARTESIAN_POINT('',(-558.2843,245.,36.000003899));
#4720 = VECTOR('',#4721,1.);
#4721 = DIRECTION('',(1.,0.,0.));
#4722 = PCURVE('',#933,#4723);
#4723 = DEFINITIONAL_REPRESENTATION('',(#4724),#4728);
#4724 = LINE('',#4725,#4726);
#4725 = CARTESIAN_POINT('',(209.82699795546,377.37325999974));
#4726 = VECTOR('',#4727,1.);
#4727 = DIRECTION('',(0.972807376842,-0.231615646195));
#4728 = ( GEOMETRIC_REPRESENTATION_CONTEXT(2) 
PARAMETRIC_REPRESENTATION_CONTEXT() REPRESENTATION_CONTEXT('2D SPACE',''
  ) );
#4729 = PCURVE('',#4730,#4735);
#4730 = PLANE('',#4731);
#4731 = AXIS2_PLACEMENT_3D('',#4732,#4733,#4734);
#4732 = CARTESIAN_POINT('',(-566.5685712474,245.,36.000003899));
#4733 = DIRECTION('',(-0.,1.,0.));
#4734 = DIRECTION('',(1.,0.,0.));
#4735 = DEFINITIONAL_REPRESENTATION('',(#4736),#4740);
#4736 = LINE('',#4737,#4738);
#4737 = CARTESIAN_POINT('',(8.284271247462,0.));
#4738 = VECTOR('',#4739,1.);
#4739 = DIRECTION('',(1.,0.));
#4740 = ( GEOMETRIC_REPRESENTATION_CONTEXT(2) 
PARAMETRIC_REPRESENTATION_CONTEXT() REPRESENTATION_CONTEXT('2D SPACE',''
  ) );
#4741 = ORIENTED_EDGE('',*,*,#4742,.T.);
#4742 = EDGE_CURVE('',#4715,#4743,#4745,.T.);
#4743 = VERTEX_POINT('',#4744);
#4744 = CARTESIAN_POINT('',(-185.194,255.,36.000003899));
#4745 = SURFACE_CURVE('',#4746,(#4750,#4756),.PCURVE_S1.);
#4746 = LINE('',#4747,#4748);
#4747 = CARTESIAN_POINT('',(-185.194,42.144646564404,36.000003899));
#4748 = VECTOR('',#4749,1.);
#4749 = DIRECTION('',(0.,1.,0.));
#4750 = PCURVE('',#933,#4751);
#4751 = DEFINITIONAL_REPRESENTATION('',(#4752),#4755);
#4752 = B_SPLINE_CURVE_WITH_KNOTS('',1,(#4753,#4754),.UNSPECIFIED.,.F.,
  .F.,(2,2),(182.85535343559,212.85535343559),.PIECEWISE_BEZIER_KNOTS.);
#4753 = CARTESIAN_POINT('',(568.13968109963,271.50356153926));
#4754 = CARTESIAN_POINT('',(575.08815048549,300.68778284451));
#4755 = ( GEOMETRIC_REPRESENTATION_CONTEXT(2) 
PARAMETRIC_REPRESENTATION_CONTEXT() REPRESENTATION_CONTEXT('2D SPACE',''
  ) );
#4756 = PCURVE('',#1362,#4757);
#4757 = DEFINITIONAL_REPRESENTATION('',(#4758),#4761);
#4758 = B_SPLINE_CURVE_WITH_KNOTS('',1,(#4759,#4760),.UNSPECIFIED.,.F.,
  .F.,(2,2),(182.85535343559,212.85535343559),.PIECEWISE_BEZIER_KNOTS.);
#4759 = CARTESIAN_POINT('',(128.237996101,-30.));
#4760 = CARTESIAN_POINT('',(128.237996101,0.));
#4761 = ( GEOMETRIC_REPRESENTATION_CONTEXT(2) 
PARAMETRIC_REPRESENTATION_CONTEXT() REPRESENTATION_CONTEXT('2D SPACE',''
  ) );
#4762 = ORIENTED_EDGE('',*,*,#4763,.F.);
#4763 = EDGE_CURVE('',#4256,#4743,#4764,.T.);
#4764 = SURFACE_CURVE('',#4765,(#4769,#4776),.PCURVE_S1.);
#4765 = LINE('',#4766,#4767);
#4766 = CARTESIAN_POINT('',(-558.2843,255.,36.000003899));
#4767 = VECTOR('',#4768,1.);
#4768 = DIRECTION('',(1.,0.,0.));
#4769 = PCURVE('',#933,#4770);
#4770 = DEFINITIONAL_REPRESENTATION('',(#4771),#4775);
#4771 = LINE('',#4772,#4773);
#4772 = CARTESIAN_POINT('',(212.14315441741,387.10133376816));
#4773 = VECTOR('',#4774,1.);
#4774 = DIRECTION('',(0.972807376842,-0.231615646195));
#4775 = ( GEOMETRIC_REPRESENTATION_CONTEXT(2) 
PARAMETRIC_REPRESENTATION_CONTEXT() REPRESENTATION_CONTEXT('2D SPACE',''
  ) );
#4776 = PCURVE('',#1686,#4777);
#4777 = DEFINITIONAL_REPRESENTATION('',(#4778),#4782);
#4778 = LINE('',#4779,#4780);
#4779 = CARTESIAN_POINT('',(12.426406871193,-98.237996101));
#4780 = VECTOR('',#4781,1.);
#4781 = DIRECTION('',(1.,0.));
#4782 = ( GEOMETRIC_REPRESENTATION_CONTEXT(2) 
PARAMETRIC_REPRESENTATION_CONTEXT() REPRESENTATION_CONTEXT('2D SPACE',''
  ) );
#4783 = ORIENTED_EDGE('',*,*,#4255,.F.);
#4784 = ADVANCED_FACE('',(#4785),#1036,.F.);
#4785 = FACE_BOUND('',#4786,.F.);
#4786 = EDGE_LOOP('',(#4787,#4808,#4809,#4810));
#4787 = ORIENTED_EDGE('',*,*,#4788,.T.);
#4788 = EDGE_CURVE('',#1021,#4355,#4789,.T.);
#4789 = SURFACE_CURVE('',#4790,(#4794,#4801),.PCURVE_S1.);
#4790 = LINE('',#4791,#4792);
#4791 = CARTESIAN_POINT('',(570.71070687119,-275.,134.238));
#4792 = VECTOR('',#4793,1.);
#4793 = DIRECTION('',(-0.,-0.,-1.));
#4794 = PCURVE('',#1036,#4795);
#4795 = DEFINITIONAL_REPRESENTATION('',(#4796),#4800);
#4796 = LINE('',#4797,#4798);
#4797 = CARTESIAN_POINT('',(0.,0.));
#4798 = VECTOR('',#4799,1.);
#4799 = DIRECTION('',(0.,-1.));
#4800 = ( GEOMETRIC_REPRESENTATION_CONTEXT(2) 
PARAMETRIC_REPRESENTATION_CONTEXT() REPRESENTATION_CONTEXT('2D SPACE',''
  ) );
#4801 = PCURVE('',#1089,#4802);
#4802 = DEFINITIONAL_REPRESENTATION('',(#4803),#4807);
#4803 = LINE('',#4804,#4805);
#4804 = CARTESIAN_POINT('',(147.48733275306,0.));
#4805 = VECTOR('',#4806,1.);
#4806 = DIRECTION('',(0.,-1.));
#4807 = ( GEOMETRIC_REPRESENTATION_CONTEXT(2) 
PARAMETRIC_REPRESENTATION_CONTEXT() REPRESENTATION_CONTEXT('2D SPACE',''
  ) );
#4808 = ORIENTED_EDGE('',*,*,#4354,.T.);
#4809 = ORIENTED_EDGE('',*,*,#4303,.F.);
#4810 = ORIENTED_EDGE('',*,*,#1020,.F.);
#4811 = ADVANCED_FACE('',(#4812),#1089,.F.);
#4812 = FACE_BOUND('',#4813,.F.);
#4813 = EDGE_LOOP('',(#4814,#4835,#4836,#4837));
#4814 = ORIENTED_EDGE('',*,*,#4815,.T.);
#4815 = EDGE_CURVE('',#1074,#4378,#4816,.T.);
#4816 = SURFACE_CURVE('',#4817,(#4821,#4828),.PCURVE_S1.);
#4817 = LINE('',#4818,#4819);
#4818 = CARTESIAN_POINT('',(675.,-170.7107068711,134.238));
#4819 = VECTOR('',#4820,1.);
#4820 = DIRECTION('',(-0.,-0.,-1.));
#4821 = PCURVE('',#1089,#4822);
#4822 = DEFINITIONAL_REPRESENTATION('',(#4823),#4827);
#4823 = LINE('',#4824,#4825);
#4824 = CARTESIAN_POINT('',(2.009718347115E-14,0.));
#4825 = VECTOR('',#4826,1.);
#4826 = DIRECTION('',(0.,-1.));
#4827 = ( GEOMETRIC_REPRESENTATION_CONTEXT(2) 
PARAMETRIC_REPRESENTATION_CONTEXT() REPRESENTATION_CONTEXT('2D SPACE',''
  ) );
#4828 = PCURVE('',#1142,#4829);
#4829 = DEFINITIONAL_REPRESENTATION('',(#4830),#4834);
#4830 = LINE('',#4831,#4832);
#4831 = CARTESIAN_POINT('',(321.42141374238,0.));
#4832 = VECTOR('',#4833,1.);
#4833 = DIRECTION('',(0.,-1.));
#4834 = ( GEOMETRIC_REPRESENTATION_CONTEXT(2) 
PARAMETRIC_REPRESENTATION_CONTEXT() REPRESENTATION_CONTEXT('2D SPACE',''
  ) );
#4835 = ORIENTED_EDGE('',*,*,#4377,.T.);
#4836 = ORIENTED_EDGE('',*,*,#4788,.F.);
#4837 = ORIENTED_EDGE('',*,*,#1073,.F.);
#4838 = ADVANCED_FACE('',(#4839),#1142,.F.);
#4839 = FACE_BOUND('',#4840,.F.);
#4840 = EDGE_LOOP('',(#4841,#4862,#4863,#4864));
#4841 = ORIENTED_EDGE('',*,*,#4842,.T.);
#4842 = EDGE_CURVE('',#1127,#4401,#4843,.T.);
#4843 = SURFACE_CURVE('',#4844,(#4848,#4855),.PCURVE_S1.);
#4844 = LINE('',#4845,#4846);
#4845 = CARTESIAN_POINT('',(675.,150.71070687119,134.238));
#4846 = VECTOR('',#4847,1.);
#4847 = DIRECTION('',(-0.,-0.,-1.));
#4848 = PCURVE('',#1142,#4849);
#4849 = DEFINITIONAL_REPRESENTATION('',(#4850),#4854);
#4850 = LINE('',#4851,#4852);
#4851 = CARTESIAN_POINT('',(2.84217094304E-14,0.));
#4852 = VECTOR('',#4853,1.);
#4853 = DIRECTION('',(0.,-1.));
#4854 = ( GEOMETRIC_REPRESENTATION_CONTEXT(2) 
PARAMETRIC_REPRESENTATION_CONTEXT() REPRESENTATION_CONTEXT('2D SPACE',''
  ) );
#4855 = PCURVE('',#1195,#4856);
#4856 = DEFINITIONAL_REPRESENTATION('',(#4857),#4861);
#4857 = LINE('',#4858,#4859);
#4858 = CARTESIAN_POINT('',(147.48733275306,0.));
#4859 = VECTOR('',#4860,1.);
#4860 = DIRECTION('',(0.,-1.));
#4861 = ( GEOMETRIC_REPRESENTATION_CONTEXT(2) 
PARAMETRIC_REPRESENTATION_CONTEXT() REPRESENTATION_CONTEXT('2D SPACE',''
  ) );
#4862 = ORIENTED_EDGE('',*,*,#4400,.T.);
#4863 = ORIENTED_EDGE('',*,*,#4815,.F.);
#4864 = ORIENTED_EDGE('',*,*,#1126,.F.);
#4865 = ADVANCED_FACE('',(#4866),#1195,.F.);
#4866 = FACE_BOUND('',#4867,.F.);
#4867 = EDGE_LOOP('',(#4868,#4889,#4890,#4891));
#4868 = ORIENTED_EDGE('',*,*,#4869,.T.);
#4869 = EDGE_CURVE('',#1180,#4424,#4870,.T.);
#4870 = SURFACE_CURVE('',#4871,(#4875,#4882),.PCURVE_S1.);
#4871 = LINE('',#4872,#4873);
#4872 = CARTESIAN_POINT('',(570.71070687119,255.,134.238));
#4873 = VECTOR('',#4874,1.);
#4874 = DIRECTION('',(-0.,-0.,-1.));
#4875 = PCURVE('',#1195,#4876);
#4876 = DEFINITIONAL_REPRESENTATION('',(#4877),#4881);
#4877 = LINE('',#4878,#4879);
#4878 = CARTESIAN_POINT('',(2.009718347115E-14,0.));
#4879 = VECTOR('',#4880,1.);
#4880 = DIRECTION('',(0.,-1.));
#4881 = ( GEOMETRIC_REPRESENTATION_CONTEXT(2) 
PARAMETRIC_REPRESENTATION_CONTEXT() REPRESENTATION_CONTEXT('2D SPACE',''
  ) );
#4882 = PCURVE('',#1307,#4883);
#4883 = DEFINITIONAL_REPRESENTATION('',(#4884),#4888);
#4884 = LINE('',#4885,#4886);
#4885 = CARTESIAN_POINT('',(1.141421413742E+03,0.));
#4886 = VECTOR('',#4887,1.);
#4887 = DIRECTION('',(0.,-1.));
#4888 = ( GEOMETRIC_REPRESENTATION_CONTEXT(2) 
PARAMETRIC_REPRESENTATION_CONTEXT() REPRESENTATION_CONTEXT('2D SPACE',''
  ) );
#4889 = ORIENTED_EDGE('',*,*,#4423,.T.);
#4890 = ORIENTED_EDGE('',*,*,#4842,.F.);
#4891 = ORIENTED_EDGE('',*,*,#1179,.F.);
#4892 = ADVANCED_FACE('',(#4893),#1268,.T.);
#4893 = FACE_BOUND('',#4894,.T.);
#4894 = EDGE_LOOP('',(#4895,#4916,#4917,#4938,#4957,#4958));
#4895 = ORIENTED_EDGE('',*,*,#4896,.F.);
#4896 = EDGE_CURVE('',#4447,#1231,#4897,.T.);
#4897 = SURFACE_CURVE('',#4898,(#4902,#4909),.PCURVE_S1.);
#4898 = LINE('',#4899,#4900);
#4899 = CARTESIAN_POINT('',(185.194,255.,36.));
#4900 = VECTOR('',#4901,1.);
#4901 = DIRECTION('',(0.,0.,1.));
#4902 = PCURVE('',#1268,#4903);
#4903 = DEFINITIONAL_REPRESENTATION('',(#4904),#4908);
#4904 = LINE('',#4905,#4906);
#4905 = CARTESIAN_POINT('',(0.,0.));
#4906 = VECTOR('',#4907,1.);
#4907 = DIRECTION('',(1.,0.));
#4908 = ( GEOMETRIC_REPRESENTATION_CONTEXT(2) 
PARAMETRIC_REPRESENTATION_CONTEXT() REPRESENTATION_CONTEXT('2D SPACE',''
  ) );
#4909 = PCURVE('',#1307,#4910);
#4910 = DEFINITIONAL_REPRESENTATION('',(#4911),#4915);
#4911 = LINE('',#4912,#4913);
#4912 = CARTESIAN_POINT('',(755.90470687119,-98.238));
#4913 = VECTOR('',#4914,1.);
#4914 = DIRECTION('',(0.,1.));
#4915 = ( GEOMETRIC_REPRESENTATION_CONTEXT(2) 
PARAMETRIC_REPRESENTATION_CONTEXT() REPRESENTATION_CONTEXT('2D SPACE',''
  ) );
#4916 = ORIENTED_EDGE('',*,*,#4469,.T.);
#4917 = ORIENTED_EDGE('',*,*,#4918,.T.);
#4918 = EDGE_CURVE('',#4470,#4919,#4921,.T.);
#4919 = VERTEX_POINT('',#4920);
#4920 = CARTESIAN_POINT('',(185.194,245.,134.238));
#4921 = SURFACE_CURVE('',#4922,(#4926,#4932),.PCURVE_S1.);
#4922 = LINE('',#4923,#4924);
#4923 = CARTESIAN_POINT('',(185.194,245.,36.0000019495));
#4924 = VECTOR('',#4925,1.);
#4925 = DIRECTION('',(0.,0.,1.));
#4926 = PCURVE('',#1268,#4927);
#4927 = DEFINITIONAL_REPRESENTATION('',(#4928),#4931);
#4928 = B_SPLINE_CURVE_WITH_KNOTS('',1,(#4929,#4930),.UNSPECIFIED.,.F.,
  .F.,(2,2),(1.949500003207E-06,98.2379980505),
  .PIECEWISE_BEZIER_KNOTS.);
#4929 = CARTESIAN_POINT('',(3.899000006413E-06,-10.));
#4930 = CARTESIAN_POINT('',(98.238,-10.));
#4931 = ( GEOMETRIC_REPRESENTATION_CONTEXT(2) 
PARAMETRIC_REPRESENTATION_CONTEXT() REPRESENTATION_CONTEXT('2D SPACE',''
  ) );
#4932 = PCURVE('',#4506,#4933);
#4933 = DEFINITIONAL_REPRESENTATION('',(#4934),#4937);
#4934 = B_SPLINE_CURVE_WITH_KNOTS('',1,(#4935,#4936),.UNSPECIFIED.,.F.,
  .F.,(2,2),(1.949500003207E-06,98.2379980505),
  .PIECEWISE_BEZIER_KNOTS.);
#4935 = CARTESIAN_POINT('',(751.76257124746,0.));
#4936 = CARTESIAN_POINT('',(751.76257124746,-98.237996101));
#4937 = ( GEOMETRIC_REPRESENTATION_CONTEXT(2) 
PARAMETRIC_REPRESENTATION_CONTEXT() REPRESENTATION_CONTEXT('2D SPACE',''
  ) );
#4938 = ORIENTED_EDGE('',*,*,#4939,.F.);
#4939 = EDGE_CURVE('',#1323,#4919,#4940,.T.);
#4940 = SURFACE_CURVE('',#4941,(#4945,#4951),.PCURVE_S1.);
#4941 = LINE('',#4942,#4943);
#4942 = CARTESIAN_POINT('',(185.194,122.5,134.238));
#4943 = VECTOR('',#4944,1.);
#4944 = DIRECTION('',(0.,1.,0.));
#4945 = PCURVE('',#1268,#4946);
#4946 = DEFINITIONAL_REPRESENTATION('',(#4947),#4950);
#4947 = B_SPLINE_CURVE_WITH_KNOTS('',1,(#4948,#4949),.UNSPECIFIED.,.F.,
  .F.,(2,2),(102.5,122.5),.PIECEWISE_BEZIER_KNOTS.);
#4948 = CARTESIAN_POINT('',(98.238,-30.));
#4949 = CARTESIAN_POINT('',(98.238,-10.));
#4950 = ( GEOMETRIC_REPRESENTATION_CONTEXT(2) 
PARAMETRIC_REPRESENTATION_CONTEXT() REPRESENTATION_CONTEXT('2D SPACE',''
  ) );
#4951 = PCURVE('',#1390,#4952);
#4952 = DEFINITIONAL_REPRESENTATION('',(#4953),#4956);
#4953 = B_SPLINE_CURVE_WITH_KNOTS('',1,(#4954,#4955),.UNSPECIFIED.,.F.,
  .F.,(2,2),(102.5,122.5),.PIECEWISE_BEZIER_KNOTS.);
#4954 = CARTESIAN_POINT('',(-185.194,235.));
#4955 = CARTESIAN_POINT('',(-185.194,255.));
#4956 = ( GEOMETRIC_REPRESENTATION_CONTEXT(2) 
PARAMETRIC_REPRESENTATION_CONTEXT() REPRESENTATION_CONTEXT('2D SPACE',''
  ) );
#4957 = ORIENTED_EDGE('',*,*,#1322,.T.);
#4958 = ORIENTED_EDGE('',*,*,#1230,.T.);
#4959 = ADVANCED_FACE('',(#4960),#1307,.F.);
#4960 = FACE_BOUND('',#4961,.F.);
#4961 = EDGE_LOOP('',(#4962,#4963,#4964,#4965));
#4962 = ORIENTED_EDGE('',*,*,#1293,.F.);
#4963 = ORIENTED_EDGE('',*,*,#4896,.F.);
#4964 = ORIENTED_EDGE('',*,*,#4446,.T.);
#4965 = ORIENTED_EDGE('',*,*,#4869,.F.);
#4966 = ADVANCED_FACE('',(#4967),#1362,.T.);
#4967 = FACE_BOUND('',#4968,.T.);
#4968 = EDGE_LOOP('',(#4969,#4970,#4971,#4992,#5011,#5012));
#4969 = ORIENTED_EDGE('',*,*,#1616,.F.);
#4970 = ORIENTED_EDGE('',*,*,#1346,.T.);
#4971 = ORIENTED_EDGE('',*,*,#4972,.F.);
#4972 = EDGE_CURVE('',#4973,#1347,#4975,.T.);
#4973 = VERTEX_POINT('',#4974);
#4974 = CARTESIAN_POINT('',(-185.194,245.,134.238));
#4975 = SURFACE_CURVE('',#4976,(#4980,#4986),.PCURVE_S1.);
#4976 = LINE('',#4977,#4978);
#4977 = CARTESIAN_POINT('',(-185.194,122.5,134.238));
#4978 = VECTOR('',#4979,1.);
#4979 = DIRECTION('',(0.,-1.,-0.));
#4980 = PCURVE('',#1362,#4981);
#4981 = DEFINITIONAL_REPRESENTATION('',(#4982),#4985);
#4982 = B_SPLINE_CURVE_WITH_KNOTS('',1,(#4983,#4984),.UNSPECIFIED.,.F.,
  .F.,(2,2),(-122.5,-102.5),.PIECEWISE_BEZIER_KNOTS.);
#4983 = CARTESIAN_POINT('',(30.,-10.));
#4984 = CARTESIAN_POINT('',(30.,-30.));
#4985 = ( GEOMETRIC_REPRESENTATION_CONTEXT(2) 
PARAMETRIC_REPRESENTATION_CONTEXT() REPRESENTATION_CONTEXT('2D SPACE',''
  ) );
#4986 = PCURVE('',#1390,#4987);
#4987 = DEFINITIONAL_REPRESENTATION('',(#4988),#4991);
#4988 = B_SPLINE_CURVE_WITH_KNOTS('',1,(#4989,#4990),.UNSPECIFIED.,.F.,
  .F.,(2,2),(-122.5,-102.5),.PIECEWISE_BEZIER_KNOTS.);
#4989 = CARTESIAN_POINT('',(185.194,255.));
#4990 = CARTESIAN_POINT('',(185.194,235.));
#4991 = ( GEOMETRIC_REPRESENTATION_CONTEXT(2) 
PARAMETRIC_REPRESENTATION_CONTEXT() REPRESENTATION_CONTEXT('2D SPACE',''
  ) );
#4992 = ORIENTED_EDGE('',*,*,#4993,.T.);
#4993 = EDGE_CURVE('',#4973,#4715,#4994,.T.);
#4994 = SURFACE_CURVE('',#4995,(#4999,#5005),.PCURVE_S1.);
#4995 = LINE('',#4996,#4997);
#4996 = CARTESIAN_POINT('',(-185.194,245.,100.1190019495));
#4997 = VECTOR('',#4998,1.);
#4998 = DIRECTION('',(0.,0.,-1.));
#4999 = PCURVE('',#1362,#5000);
#5000 = DEFINITIONAL_REPRESENTATION('',(#5001),#5004);
#5001 = B_SPLINE_CURVE_WITH_KNOTS('',1,(#5002,#5003),.UNSPECIFIED.,.F.,
  .F.,(2,2),(-34.1189980505,64.1189980505),.PIECEWISE_BEZIER_KNOTS.);
#5002 = CARTESIAN_POINT('',(30.,-10.));
#5003 = CARTESIAN_POINT('',(128.237996101,-10.));
#5004 = ( GEOMETRIC_REPRESENTATION_CONTEXT(2) 
PARAMETRIC_REPRESENTATION_CONTEXT() REPRESENTATION_CONTEXT('2D SPACE',''
  ) );
#5005 = PCURVE('',#4730,#5006);
#5006 = DEFINITIONAL_REPRESENTATION('',(#5007),#5010);
#5007 = B_SPLINE_CURVE_WITH_KNOTS('',1,(#5008,#5009),.UNSPECIFIED.,.F.,
  .F.,(2,2),(-34.1189980505,64.1189980505),.PIECEWISE_BEZIER_KNOTS.);
#5008 = CARTESIAN_POINT('',(381.37457124746,-98.237996101));
#5009 = CARTESIAN_POINT('',(381.37457124746,0.));
#5010 = ( GEOMETRIC_REPRESENTATION_CONTEXT(2) 
PARAMETRIC_REPRESENTATION_CONTEXT() REPRESENTATION_CONTEXT('2D SPACE',''
  ) );
#5011 = ORIENTED_EDGE('',*,*,#4742,.T.);
#5012 = ORIENTED_EDGE('',*,*,#5013,.F.);
#5013 = EDGE_CURVE('',#1617,#4743,#5014,.T.);
#5014 = SURFACE_CURVE('',#5015,(#5019,#5026),.PCURVE_S1.);
#5015 = LINE('',#5016,#5017);
#5016 = CARTESIAN_POINT('',(-185.194,255.,164.238));
#5017 = VECTOR('',#5018,1.);
#5018 = DIRECTION('',(0.,0.,-1.));
#5019 = PCURVE('',#1362,#5020);
#5020 = DEFINITIONAL_REPRESENTATION('',(#5021),#5025);
#5021 = LINE('',#5022,#5023);
#5022 = CARTESIAN_POINT('',(0.,0.));
#5023 = VECTOR('',#5024,1.);
#5024 = DIRECTION('',(1.,0.));
#5025 = ( GEOMETRIC_REPRESENTATION_CONTEXT(2) 
PARAMETRIC_REPRESENTATION_CONTEXT() REPRESENTATION_CONTEXT('2D SPACE',''
  ) );
#5026 = PCURVE('',#1686,#5027);
#5027 = DEFINITIONAL_REPRESENTATION('',(#5028),#5032);
#5028 = LINE('',#5029,#5030);
#5029 = CARTESIAN_POINT('',(385.51670687119,30.));
#5030 = VECTOR('',#5031,1.);
#5031 = DIRECTION('',(0.,-1.));
#5032 = ( GEOMETRIC_REPRESENTATION_CONTEXT(2) 
PARAMETRIC_REPRESENTATION_CONTEXT() REPRESENTATION_CONTEXT('2D SPACE',''
  ) );
#5033 = ADVANCED_FACE('',(#5034,#5317,#5352,#5387,#5422,#5457,#5492,
    #5527,#5562,#5597,#5635),#1390,.T.);
#5034 = FACE_BOUND('',#5035,.T.);
#5035 = EDGE_LOOP('',(#5036,#5061,#5084,#5107,#5130,#5151,#5152,#5153,
    #5176,#5204,#5225,#5226,#5227,#5250,#5273,#5296));
#5036 = ORIENTED_EDGE('',*,*,#5037,.T.);
#5037 = EDGE_CURVE('',#5038,#5040,#5042,.T.);
#5038 = VERTEX_POINT('',#5039);
#5039 = CARTESIAN_POINT('',(566.56857124746,-265.,134.238));
#5040 = VERTEX_POINT('',#5041);
#5041 = CARTESIAN_POINT('',(-566.5685712474,-265.,134.238));
#5042 = SURFACE_CURVE('',#5043,(#5047,#5054),.PCURVE_S1.);
#5043 = LINE('',#5044,#5045);
#5044 = CARTESIAN_POINT('',(558.2843,-265.,134.238));
#5045 = VECTOR('',#5046,1.);
#5046 = DIRECTION('',(-1.,0.,0.));
#5047 = PCURVE('',#1390,#5048);
#5048 = DEFINITIONAL_REPRESENTATION('',(#5049),#5053);
#5049 = LINE('',#5050,#5051);
#5050 = CARTESIAN_POINT('',(-558.2843,-255.));
#5051 = VECTOR('',#5052,1.);
#5052 = DIRECTION('',(1.,0.));
#5053 = ( GEOMETRIC_REPRESENTATION_CONTEXT(2) 
PARAMETRIC_REPRESENTATION_CONTEXT() REPRESENTATION_CONTEXT('2D SPACE',''
  ) );
#5054 = PCURVE('',#4618,#5055);
#5055 = DEFINITIONAL_REPRESENTATION('',(#5056),#5060);
#5056 = LINE('',#5057,#5058);
#5057 = CARTESIAN_POINT('',(8.284271247462,-98.237996101));
#5058 = VECTOR('',#5059,1.);
#5059 = DIRECTION('',(1.,0.));
#5060 = ( GEOMETRIC_REPRESENTATION_CONTEXT(2) 
PARAMETRIC_REPRESENTATION_CONTEXT() REPRESENTATION_CONTEXT('2D SPACE',''
  ) );
#5061 = ORIENTED_EDGE('',*,*,#5062,.T.);
#5062 = EDGE_CURVE('',#5040,#5063,#5065,.T.);
#5063 = VERTEX_POINT('',#5064);
#5064 = CARTESIAN_POINT('',(-665.,-166.5685712474,134.238));
#5065 = SURFACE_CURVE('',#5066,(#5070,#5077),.PCURVE_S1.);
#5066 = LINE('',#5067,#5068);
#5067 = CARTESIAN_POINT('',(-572.4264356237,-259.1421356237,134.238));
#5068 = VECTOR('',#5069,1.);
#5069 = DIRECTION('',(-0.707106781187,0.707106781187,0.));
#5070 = PCURVE('',#1390,#5071);
#5071 = DEFINITIONAL_REPRESENTATION('',(#5072),#5076);
#5072 = LINE('',#5073,#5074);
#5073 = CARTESIAN_POINT('',(572.42643562373,-249.1421356237));
#5074 = VECTOR('',#5075,1.);
#5075 = DIRECTION('',(0.707106781187,0.707106781187));
#5076 = ( GEOMETRIC_REPRESENTATION_CONTEXT(2) 
PARAMETRIC_REPRESENTATION_CONTEXT() REPRESENTATION_CONTEXT('2D SPACE',''
  ) );
#5077 = PCURVE('',#4646,#5078);
#5078 = DEFINITIONAL_REPRESENTATION('',(#5079),#5083);
#5079 = LINE('',#5080,#5081);
#5080 = CARTESIAN_POINT('',(8.284271247462,-98.237996101));
#5081 = VECTOR('',#5082,1.);
#5082 = DIRECTION('',(1.,0.));
#5083 = ( GEOMETRIC_REPRESENTATION_CONTEXT(2) 
PARAMETRIC_REPRESENTATION_CONTEXT() REPRESENTATION_CONTEXT('2D SPACE',''
  ) );
#5084 = ORIENTED_EDGE('',*,*,#5085,.T.);
#5085 = EDGE_CURVE('',#5063,#5086,#5088,.T.);
#5086 = VERTEX_POINT('',#5087);
#5087 = CARTESIAN_POINT('',(-665.,146.56857124746,134.238));
#5088 = SURFACE_CURVE('',#5089,(#5093,#5100),.PCURVE_S1.);
#5089 = LINE('',#5090,#5091);
#5090 = CARTESIAN_POINT('',(-665.,-158.2843,134.238));
#5091 = VECTOR('',#5092,1.);
#5092 = DIRECTION('',(0.,1.,0.));
#5093 = PCURVE('',#1390,#5094);
#5094 = DEFINITIONAL_REPRESENTATION('',(#5095),#5099);
#5095 = LINE('',#5096,#5097);
#5096 = CARTESIAN_POINT('',(665.,-148.2843));
#5097 = VECTOR('',#5098,1.);
#5098 = DIRECTION('',(0.,1.));
#5099 = ( GEOMETRIC_REPRESENTATION_CONTEXT(2) 
PARAMETRIC_REPRESENTATION_CONTEXT() REPRESENTATION_CONTEXT('2D SPACE',''
  ) );
#5100 = PCURVE('',#4674,#5101);
#5101 = DEFINITIONAL_REPRESENTATION('',(#5102),#5106);
#5102 = LINE('',#5103,#5104);
#5103 = CARTESIAN_POINT('',(8.284271247462,-98.237996101));
#5104 = VECTOR('',#5105,1.);
#5105 = DIRECTION('',(1.,0.));
#5106 = ( GEOMETRIC_REPRESENTATION_CONTEXT(2) 
PARAMETRIC_REPRESENTATION_CONTEXT() REPRESENTATION_CONTEXT('2D SPACE',''
  ) );
#5107 = ORIENTED_EDGE('',*,*,#5108,.T.);
#5108 = EDGE_CURVE('',#5086,#5109,#5111,.T.);
#5109 = VERTEX_POINT('',#5110);
#5110 = CARTESIAN_POINT('',(-566.5685712474,245.,134.238));
#5111 = SURFACE_CURVE('',#5112,(#5116,#5123),.PCURVE_S1.);
#5112 = LINE('',#5113,#5114);
#5113 = CARTESIAN_POINT('',(-659.1421356237,152.42643562373,134.238));
#5114 = VECTOR('',#5115,1.);
#5115 = DIRECTION('',(0.707106781187,0.707106781187,0.));
#5116 = PCURVE('',#1390,#5117);
#5117 = DEFINITIONAL_REPRESENTATION('',(#5118),#5122);
#5118 = LINE('',#5119,#5120);
#5119 = CARTESIAN_POINT('',(659.14213562373,162.42643562373));
#5120 = VECTOR('',#5121,1.);
#5121 = DIRECTION('',(-0.707106781187,0.707106781187));
#5122 = ( GEOMETRIC_REPRESENTATION_CONTEXT(2) 
PARAMETRIC_REPRESENTATION_CONTEXT() REPRESENTATION_CONTEXT('2D SPACE',''
  ) );
#5123 = PCURVE('',#4702,#5124);
#5124 = DEFINITIONAL_REPRESENTATION('',(#5125),#5129);
#5125 = LINE('',#5126,#5127);
#5126 = CARTESIAN_POINT('',(8.284271247462,-98.237996101));
#5127 = VECTOR('',#5128,1.);
#5128 = DIRECTION('',(1.,0.));
#5129 = ( GEOMETRIC_REPRESENTATION_CONTEXT(2) 
PARAMETRIC_REPRESENTATION_CONTEXT() REPRESENTATION_CONTEXT('2D SPACE',''
  ) );
#5130 = ORIENTED_EDGE('',*,*,#5131,.T.);
#5131 = EDGE_CURVE('',#5109,#4973,#5132,.T.);
#5132 = SURFACE_CURVE('',#5133,(#5137,#5144),.PCURVE_S1.);
#5133 = LINE('',#5134,#5135);
#5134 = CARTESIAN_POINT('',(-558.2843,245.,134.238));
#5135 = VECTOR('',#5136,1.);
#5136 = DIRECTION('',(1.,0.,0.));
#5137 = PCURVE('',#1390,#5138);
#5138 = DEFINITIONAL_REPRESENTATION('',(#5139),#5143);
#5139 = LINE('',#5140,#5141);
#5140 = CARTESIAN_POINT('',(558.2843,255.));
#5141 = VECTOR('',#5142,1.);
#5142 = DIRECTION('',(-1.,0.));
#5143 = ( GEOMETRIC_REPRESENTATION_CONTEXT(2) 
PARAMETRIC_REPRESENTATION_CONTEXT() REPRESENTATION_CONTEXT('2D SPACE',''
  ) );
#5144 = PCURVE('',#4730,#5145);
#5145 = DEFINITIONAL_REPRESENTATION('',(#5146),#5150);
#5146 = LINE('',#5147,#5148);
#5147 = CARTESIAN_POINT('',(8.284271247462,-98.237996101));
#5148 = VECTOR('',#5149,1.);
#5149 = DIRECTION('',(1.,0.));
#5150 = ( GEOMETRIC_REPRESENTATION_CONTEXT(2) 
PARAMETRIC_REPRESENTATION_CONTEXT() REPRESENTATION_CONTEXT('2D SPACE',''
  ) );
#5151 = ORIENTED_EDGE('',*,*,#4972,.T.);
#5152 = ORIENTED_EDGE('',*,*,#1374,.F.);
#5153 = ORIENTED_EDGE('',*,*,#5154,.F.);
#5154 = EDGE_CURVE('',#5155,#1375,#5157,.T.);
#5155 = VERTEX_POINT('',#5156);
#5156 = CARTESIAN_POINT('',(-176.194,15.4704,134.238));
#5157 = SURFACE_CURVE('',#5158,(#5162,#5169),.PCURVE_S1.);
#5158 = LINE('',#5159,#5160);
#5159 = CARTESIAN_POINT('',(-176.194,15.4704,134.238));
#5160 = VECTOR('',#5161,1.);
#5161 = DIRECTION('',(0.,1.,0.));
#5162 = PCURVE('',#1390,#5163);
#5163 = DEFINITIONAL_REPRESENTATION('',(#5164),#5168);
#5164 = LINE('',#5165,#5166);
#5165 = CARTESIAN_POINT('',(176.194,25.4704));
#5166 = VECTOR('',#5167,1.);
#5167 = DIRECTION('',(0.,1.));
#5168 = ( GEOMETRIC_REPRESENTATION_CONTEXT(2) 
PARAMETRIC_REPRESENTATION_CONTEXT() REPRESENTATION_CONTEXT('2D SPACE',''
  ) );
#5169 = PCURVE('',#1417,#5170);
#5170 = DEFINITIONAL_REPRESENTATION('',(#5171),#5175);
#5171 = LINE('',#5172,#5173);
#5172 = CARTESIAN_POINT('',(0.,0.));
#5173 = VECTOR('',#5174,1.);
#5174 = DIRECTION('',(1.,0.));
#5175 = ( GEOMETRIC_REPRESENTATION_CONTEXT(2) 
PARAMETRIC_REPRESENTATION_CONTEXT() REPRESENTATION_CONTEXT('2D SPACE',''
  ) );
#5176 = ORIENTED_EDGE('',*,*,#5177,.F.);
#5177 = EDGE_CURVE('',#5178,#5155,#5180,.T.);
#5178 = VERTEX_POINT('',#5179);
#5179 = CARTESIAN_POINT('',(176.194,15.4704,134.238));
#5180 = SURFACE_CURVE('',#5181,(#5185,#5192),.PCURVE_S1.);
#5181 = LINE('',#5182,#5183);
#5182 = CARTESIAN_POINT('',(176.194,15.4704,134.238));
#5183 = VECTOR('',#5184,1.);
#5184 = DIRECTION('',(-1.,0.,0.));
#5185 = PCURVE('',#1390,#5186);
#5186 = DEFINITIONAL_REPRESENTATION('',(#5187),#5191);
#5187 = LINE('',#5188,#5189);
#5188 = CARTESIAN_POINT('',(-176.194,25.4704));
#5189 = VECTOR('',#5190,1.);
#5190 = DIRECTION('',(1.,0.));
#5191 = ( GEOMETRIC_REPRESENTATION_CONTEXT(2) 
PARAMETRIC_REPRESENTATION_CONTEXT() REPRESENTATION_CONTEXT('2D SPACE',''
  ) );
#5192 = PCURVE('',#5193,#5198);
#5193 = PLANE('',#5194);
#5194 = AXIS2_PLACEMENT_3D('',#5195,#5196,#5197);
#5195 = CARTESIAN_POINT('',(176.194,15.4704,134.238));
#5196 = DIRECTION('',(0.,1.,0.));
#5197 = DIRECTION('',(-1.,0.,0.));
#5198 = DEFINITIONAL_REPRESENTATION('',(#5199),#5203);
#5199 = LINE('',#5200,#5201);
#5200 = CARTESIAN_POINT('',(0.,0.));
#5201 = VECTOR('',#5202,1.);
#5202 = DIRECTION('',(1.,0.));
#5203 = ( GEOMETRIC_REPRESENTATION_CONTEXT(2) 
PARAMETRIC_REPRESENTATION_CONTEXT() REPRESENTATION_CONTEXT('2D SPACE',''
  ) );
#5204 = ORIENTED_EDGE('',*,*,#5205,.F.);
#5205 = EDGE_CURVE('',#1564,#5178,#5206,.T.);
#5206 = SURFACE_CURVE('',#5207,(#5211,#5218),.PCURVE_S1.);
#5207 = LINE('',#5208,#5209);
#5208 = CARTESIAN_POINT('',(176.194,225.,134.238));
#5209 = VECTOR('',#5210,1.);
#5210 = DIRECTION('',(0.,-1.,0.));
#5211 = PCURVE('',#1390,#5212);
#5212 = DEFINITIONAL_REPRESENTATION('',(#5213),#5217);
#5213 = LINE('',#5214,#5215);
#5214 = CARTESIAN_POINT('',(-176.194,235.));
#5215 = VECTOR('',#5216,1.);
#5216 = DIRECTION('',(0.,-1.));
#5217 = ( GEOMETRIC_REPRESENTATION_CONTEXT(2) 
PARAMETRIC_REPRESENTATION_CONTEXT() REPRESENTATION_CONTEXT('2D SPACE',''
  ) );
#5218 = PCURVE('',#1579,#5219);
#5219 = DEFINITIONAL_REPRESENTATION('',(#5220),#5224);
#5220 = LINE('',#5221,#5222);
#5221 = CARTESIAN_POINT('',(0.,0.));
#5222 = VECTOR('',#5223,1.);
#5223 = DIRECTION('',(1.,0.));
#5224 = ( GEOMETRIC_REPRESENTATION_CONTEXT(2) 
PARAMETRIC_REPRESENTATION_CONTEXT() REPRESENTATION_CONTEXT('2D SPACE',''
  ) );
#5225 = ORIENTED_EDGE('',*,*,#1591,.F.);
#5226 = ORIENTED_EDGE('',*,*,#4939,.T.);
#5227 = ORIENTED_EDGE('',*,*,#5228,.T.);
#5228 = EDGE_CURVE('',#4919,#5229,#5231,.T.);
#5229 = VERTEX_POINT('',#5230);
#5230 = CARTESIAN_POINT('',(566.56857124746,245.,134.238));
#5231 = SURFACE_CURVE('',#5232,(#5236,#5243),.PCURVE_S1.);
#5232 = LINE('',#5233,#5234);
#5233 = CARTESIAN_POINT('',(-558.2843,245.,134.238));
#5234 = VECTOR('',#5235,1.);
#5235 = DIRECTION('',(1.,0.,0.));
#5236 = PCURVE('',#1390,#5237);
#5237 = DEFINITIONAL_REPRESENTATION('',(#5238),#5242);
#5238 = LINE('',#5239,#5240);
#5239 = CARTESIAN_POINT('',(558.2843,255.));
#5240 = VECTOR('',#5241,1.);
#5241 = DIRECTION('',(-1.,0.));
#5242 = ( GEOMETRIC_REPRESENTATION_CONTEXT(2) 
PARAMETRIC_REPRESENTATION_CONTEXT() REPRESENTATION_CONTEXT('2D SPACE',''
  ) );
#5243 = PCURVE('',#4506,#5244);
#5244 = DEFINITIONAL_REPRESENTATION('',(#5245),#5249);
#5245 = LINE('',#5246,#5247);
#5246 = CARTESIAN_POINT('',(8.284271247462,-98.237996101));
#5247 = VECTOR('',#5248,1.);
#5248 = DIRECTION('',(1.,0.));
#5249 = ( GEOMETRIC_REPRESENTATION_CONTEXT(2) 
PARAMETRIC_REPRESENTATION_CONTEXT() REPRESENTATION_CONTEXT('2D SPACE',''
  ) );
#5250 = ORIENTED_EDGE('',*,*,#5251,.T.);
#5251 = EDGE_CURVE('',#5229,#5252,#5254,.T.);
#5252 = VERTEX_POINT('',#5253);
#5253 = CARTESIAN_POINT('',(665.,146.56857124746,134.238));
#5254 = SURFACE_CURVE('',#5255,(#5259,#5266),.PCURVE_S1.);
#5255 = LINE('',#5256,#5257);
#5256 = CARTESIAN_POINT('',(572.42643562373,239.14213562373,134.238));
#5257 = VECTOR('',#5258,1.);
#5258 = DIRECTION('',(0.707106781187,-0.707106781187,-0.));
#5259 = PCURVE('',#1390,#5260);
#5260 = DEFINITIONAL_REPRESENTATION('',(#5261),#5265);
#5261 = LINE('',#5262,#5263);
#5262 = CARTESIAN_POINT('',(-572.4264356237,249.14213562373));
#5263 = VECTOR('',#5264,1.);
#5264 = DIRECTION('',(-0.707106781187,-0.707106781187));
#5265 = ( GEOMETRIC_REPRESENTATION_CONTEXT(2) 
PARAMETRIC_REPRESENTATION_CONTEXT() REPRESENTATION_CONTEXT('2D SPACE',''
  ) );
#5266 = PCURVE('',#4534,#5267);
#5267 = DEFINITIONAL_REPRESENTATION('',(#5268),#5272);
#5268 = LINE('',#5269,#5270);
#5269 = CARTESIAN_POINT('',(8.284271247462,-98.237996101));
#5270 = VECTOR('',#5271,1.);
#5271 = DIRECTION('',(1.,0.));
#5272 = ( GEOMETRIC_REPRESENTATION_CONTEXT(2) 
PARAMETRIC_REPRESENTATION_CONTEXT() REPRESENTATION_CONTEXT('2D SPACE',''
  ) );
#5273 = ORIENTED_EDGE('',*,*,#5274,.T.);
#5274 = EDGE_CURVE('',#5252,#5275,#5277,.T.);
#5275 = VERTEX_POINT('',#5276);
#5276 = CARTESIAN_POINT('',(665.,-166.5685712474,134.238));
#5277 = SURFACE_CURVE('',#5278,(#5282,#5289),.PCURVE_S1.);
#5278 = LINE('',#5279,#5280);
#5279 = CARTESIAN_POINT('',(665.,138.2843,134.238));
#5280 = VECTOR('',#5281,1.);
#5281 = DIRECTION('',(-0.,-1.,0.));
#5282 = PCURVE('',#1390,#5283);
#5283 = DEFINITIONAL_REPRESENTATION('',(#5284),#5288);
#5284 = LINE('',#5285,#5286);
#5285 = CARTESIAN_POINT('',(-665.,148.2843));
#5286 = VECTOR('',#5287,1.);
#5287 = DIRECTION('',(0.,-1.));
#5288 = ( GEOMETRIC_REPRESENTATION_CONTEXT(2) 
PARAMETRIC_REPRESENTATION_CONTEXT() REPRESENTATION_CONTEXT('2D SPACE',''
  ) );
#5289 = PCURVE('',#4562,#5290);
#5290 = DEFINITIONAL_REPRESENTATION('',(#5291),#5295);
#5291 = LINE('',#5292,#5293);
#5292 = CARTESIAN_POINT('',(8.284271247462,-98.237996101));
#5293 = VECTOR('',#5294,1.);
#5294 = DIRECTION('',(1.,-0.));
#5295 = ( GEOMETRIC_REPRESENTATION_CONTEXT(2) 
PARAMETRIC_REPRESENTATION_CONTEXT() REPRESENTATION_CONTEXT('2D SPACE',''
  ) );
#5296 = ORIENTED_EDGE('',*,*,#5297,.T.);
#5297 = EDGE_CURVE('',#5275,#5038,#5298,.T.);
#5298 = SURFACE_CURVE('',#5299,(#5303,#5310),.PCURVE_S1.);
#5299 = LINE('',#5300,#5301);
#5300 = CARTESIAN_POINT('',(659.14213562373,-172.4264356237,134.238));
#5301 = VECTOR('',#5302,1.);
#5302 = DIRECTION('',(-0.707106781187,-0.707106781187,0.));
#5303 = PCURVE('',#1390,#5304);
#5304 = DEFINITIONAL_REPRESENTATION('',(#5305),#5309);
#5305 = LINE('',#5306,#5307);
#5306 = CARTESIAN_POINT('',(-659.1421356237,-162.4264356237));
#5307 = VECTOR('',#5308,1.);
#5308 = DIRECTION('',(0.707106781187,-0.707106781187));
#5309 = ( GEOMETRIC_REPRESENTATION_CONTEXT(2) 
PARAMETRIC_REPRESENTATION_CONTEXT() REPRESENTATION_CONTEXT('2D SPACE',''
  ) );
#5310 = PCURVE('',#4590,#5311);
#5311 = DEFINITIONAL_REPRESENTATION('',(#5312),#5316);
#5312 = LINE('',#5313,#5314);
#5313 = CARTESIAN_POINT('',(8.284271247462,-98.237996101));
#5314 = VECTOR('',#5315,1.);
#5315 = DIRECTION('',(1.,0.));
#5316 = ( GEOMETRIC_REPRESENTATION_CONTEXT(2) 
PARAMETRIC_REPRESENTATION_CONTEXT() REPRESENTATION_CONTEXT('2D SPACE',''
  ) );
#5317 = FACE_BOUND('',#5318,.T.);
#5318 = EDGE_LOOP('',(#5319));
#5319 = ORIENTED_EDGE('',*,*,#5320,.T.);
#5320 = EDGE_CURVE('',#5321,#5321,#5323,.T.);
#5321 = VERTEX_POINT('',#5322);
#5322 = CARTESIAN_POINT('',(550.,-125.,134.238));
#5323 = SURFACE_CURVE('',#5324,(#5329,#5340),.PCURVE_S1.);
#5324 = CIRCLE('',#5325,25.);
#5325 = AXIS2_PLACEMENT_3D('',#5326,#5327,#5328);
#5326 = CARTESIAN_POINT('',(525.,-125.,134.238));
#5327 = DIRECTION('',(0.,0.,1.));
#5328 = DIRECTION('',(1.,0.,0.));
#5329 = PCURVE('',#1390,#5330);
#5330 = DEFINITIONAL_REPRESENTATION('',(#5331),#5339);
#5331 = ( BOUNDED_CURVE() B_SPLINE_CURVE(2,(#5332,#5333,#5334,#5335,
#5336,#5337,#5338),.UNSPECIFIED.,.T.,.F.) B_SPLINE_CURVE_WITH_KNOTS((1,2
    ,2,2,2,1),(-2.094395102393,0.,2.094395102393,4.188790204786,
6.28318530718,8.377580409573),.UNSPECIFIED.) CURVE() 
GEOMETRIC_REPRESENTATION_ITEM() RATIONAL_B_SPLINE_CURVE((1.,0.5,1.,0.5,
1.,0.5,1.)) REPRESENTATION_ITEM('') );
#5332 = CARTESIAN_POINT('',(-550.,-115.));
#5333 = CARTESIAN_POINT('',(-550.,-71.69872981077));
#5334 = CARTESIAN_POINT('',(-512.5,-93.34936490538));
#5335 = CARTESIAN_POINT('',(-475.,-115.));
#5336 = CARTESIAN_POINT('',(-512.5,-136.6506350946));
#5337 = CARTESIAN_POINT('',(-550.,-158.3012701892));
#5338 = CARTESIAN_POINT('',(-550.,-115.));
#5339 = ( GEOMETRIC_REPRESENTATION_CONTEXT(2) 
PARAMETRIC_REPRESENTATION_CONTEXT() REPRESENTATION_CONTEXT('2D SPACE',''
  ) );
#5340 = PCURVE('',#5341,#5346);
#5341 = CYLINDRICAL_SURFACE('',#5342,25.);
#5342 = AXIS2_PLACEMENT_3D('',#5343,#5344,#5345);
#5343 = CARTESIAN_POINT('',(525.,-125.,134.238));
#5344 = DIRECTION('',(0.,0.,1.));
#5345 = DIRECTION('',(1.,0.,0.));
#5346 = DEFINITIONAL_REPRESENTATION('',(#5347),#5351);
#5347 = LINE('',#5348,#5349);
#5348 = CARTESIAN_POINT('',(0.,0.));
#5349 = VECTOR('',#5350,1.);
#5350 = DIRECTION('',(1.,0.));
#5351 = ( GEOMETRIC_REPRESENTATION_CONTEXT(2) 
PARAMETRIC_REPRESENTATION_CONTEXT() REPRESENTATION_CONTEXT('2D SPACE',''
  ) );
#5352 = FACE_BOUND('',#5353,.T.);
#5353 = EDGE_LOOP('',(#5354));
#5354 = ORIENTED_EDGE('',*,*,#5355,.T.);
#5355 = EDGE_CURVE('',#5356,#5356,#5358,.T.);
#5356 = VERTEX_POINT('',#5357);
#5357 = CARTESIAN_POINT('',(40.,-125.,134.238));
#5358 = SURFACE_CURVE('',#5359,(#5364,#5375),.PCURVE_S1.);
#5359 = CIRCLE('',#5360,40.);
#5360 = AXIS2_PLACEMENT_3D('',#5361,#5362,#5363);
#5361 = CARTESIAN_POINT('',(0.,-125.,134.238));
#5362 = DIRECTION('',(0.,0.,1.));
#5363 = DIRECTION('',(1.,0.,0.));
#5364 = PCURVE('',#1390,#5365);
#5365 = DEFINITIONAL_REPRESENTATION('',(#5366),#5374);
#5366 = ( BOUNDED_CURVE() B_SPLINE_CURVE(2,(#5367,#5368,#5369,#5370,
#5371,#5372,#5373),.UNSPECIFIED.,.T.,.F.) B_SPLINE_CURVE_WITH_KNOTS((1,2
    ,2,2,2,1),(-2.094395102393,0.,2.094395102393,4.188790204786,
6.28318530718,8.377580409573),.UNSPECIFIED.) CURVE() 
GEOMETRIC_REPRESENTATION_ITEM() RATIONAL_B_SPLINE_CURVE((1.,0.5,1.,0.5,
1.,0.5,1.)) REPRESENTATION_ITEM('') );
#5367 = CARTESIAN_POINT('',(-40.,-115.));
#5368 = CARTESIAN_POINT('',(-40.,-45.71796769724));
#5369 = CARTESIAN_POINT('',(20.,-80.35898384862));
#5370 = CARTESIAN_POINT('',(80.,-115.));
#5371 = CARTESIAN_POINT('',(20.,-149.6410161513));
#5372 = CARTESIAN_POINT('',(-40.,-184.2820323027));
#5373 = CARTESIAN_POINT('',(-40.,-115.));
#5374 = ( GEOMETRIC_REPRESENTATION_CONTEXT(2) 
PARAMETRIC_REPRESENTATION_CONTEXT() REPRESENTATION_CONTEXT('2D SPACE',''
  ) );
#5375 = PCURVE('',#5376,#5381);
#5376 = CYLINDRICAL_SURFACE('',#5377,40.);
#5377 = AXIS2_PLACEMENT_3D('',#5378,#5379,#5380);
#5378 = CARTESIAN_POINT('',(0.,-125.,134.238));
#5379 = DIRECTION('',(0.,0.,1.));
#5380 = DIRECTION('',(1.,0.,0.));
#5381 = DEFINITIONAL_REPRESENTATION('',(#5382),#5386);
#5382 = LINE('',#5383,#5384);
#5383 = CARTESIAN_POINT('',(0.,0.));
#5384 = VECTOR('',#5385,1.);
#5385 = DIRECTION('',(1.,0.));
#5386 = ( GEOMETRIC_REPRESENTATION_CONTEXT(2) 
PARAMETRIC_REPRESENTATION_CONTEXT() REPRESENTATION_CONTEXT('2D SPACE',''
  ) );
#5387 = FACE_BOUND('',#5388,.T.);
#5388 = EDGE_LOOP('',(#5389));
#5389 = ORIENTED_EDGE('',*,*,#5390,.T.);
#5390 = EDGE_CURVE('',#5391,#5391,#5393,.T.);
#5391 = VERTEX_POINT('',#5392);
#5392 = CARTESIAN_POINT('',(439.988,-84.894,134.238));
#5393 = SURFACE_CURVE('',#5394,(#5399,#5410),.PCURVE_S1.);
#5394 = CIRCLE('',#5395,60.);
#5395 = AXIS2_PLACEMENT_3D('',#5396,#5397,#5398);
#5396 = CARTESIAN_POINT('',(379.988,-84.894,134.238));
#5397 = DIRECTION('',(0.,0.,1.));
#5398 = DIRECTION('',(1.,0.,-0.));
#5399 = PCURVE('',#1390,#5400);
#5400 = DEFINITIONAL_REPRESENTATION('',(#5401),#5409);
#5401 = ( BOUNDED_CURVE() B_SPLINE_CURVE(2,(#5402,#5403,#5404,#5405,
#5406,#5407,#5408),.UNSPECIFIED.,.T.,.F.) B_SPLINE_CURVE_WITH_KNOTS((1,2
    ,2,2,2,1),(-2.094395102393,0.,2.094395102393,4.188790204786,
6.28318530718,8.377580409573),.UNSPECIFIED.) CURVE() 
GEOMETRIC_REPRESENTATION_ITEM() RATIONAL_B_SPLINE_CURVE((1.,0.5,1.,0.5,
1.,0.5,1.)) REPRESENTATION_ITEM('') );
#5402 = CARTESIAN_POINT('',(-439.988,-74.894));
#5403 = CARTESIAN_POINT('',(-439.988,29.029048454133));
#5404 = CARTESIAN_POINT('',(-349.988,-22.93247577293));
#5405 = CARTESIAN_POINT('',(-259.988,-74.894));
#5406 = CARTESIAN_POINT('',(-349.988,-126.855524227));
#5407 = CARTESIAN_POINT('',(-439.988,-178.8170484541));
#5408 = CARTESIAN_POINT('',(-439.988,-74.894));
#5409 = ( GEOMETRIC_REPRESENTATION_CONTEXT(2) 
PARAMETRIC_REPRESENTATION_CONTEXT() REPRESENTATION_CONTEXT('2D SPACE',''
  ) );
#5410 = PCURVE('',#5411,#5416);
#5411 = CYLINDRICAL_SURFACE('',#5412,60.);
#5412 = AXIS2_PLACEMENT_3D('',#5413,#5414,#5415);
#5413 = CARTESIAN_POINT('',(379.988,-84.894,164.238));
#5414 = DIRECTION('',(0.,0.,1.));
#5415 = DIRECTION('',(1.,0.,0.));
#5416 = DEFINITIONAL_REPRESENTATION('',(#5417),#5421);
#5417 = LINE('',#5418,#5419);
#5418 = CARTESIAN_POINT('',(0.,-30.));
#5419 = VECTOR('',#5420,1.);
#5420 = DIRECTION('',(1.,0.));
#5421 = ( GEOMETRIC_REPRESENTATION_CONTEXT(2) 
PARAMETRIC_REPRESENTATION_CONTEXT() REPRESENTATION_CONTEXT('2D SPACE',''
  ) );
#5422 = FACE_BOUND('',#5423,.T.);
#5423 = EDGE_LOOP('',(#5424));
#5424 = ORIENTED_EDGE('',*,*,#5425,.T.);
#5425 = EDGE_CURVE('',#5426,#5426,#5428,.T.);
#5426 = VERTEX_POINT('',#5427);
#5427 = CARTESIAN_POINT('',(-500.,-125.,134.238));
#5428 = SURFACE_CURVE('',#5429,(#5434,#5445),.PCURVE_S1.);
#5429 = CIRCLE('',#5430,25.);
#5430 = AXIS2_PLACEMENT_3D('',#5431,#5432,#5433);
#5431 = CARTESIAN_POINT('',(-525.,-125.,134.238));
#5432 = DIRECTION('',(0.,0.,1.));
#5433 = DIRECTION('',(1.,0.,0.));
#5434 = PCURVE('',#1390,#5435);
#5435 = DEFINITIONAL_REPRESENTATION('',(#5436),#5444);
#5436 = ( BOUNDED_CURVE() B_SPLINE_CURVE(2,(#5437,#5438,#5439,#5440,
#5441,#5442,#5443),.UNSPECIFIED.,.T.,.F.) B_SPLINE_CURVE_WITH_KNOTS((1,2
    ,2,2,2,1),(-2.094395102393,0.,2.094395102393,4.188790204786,
6.28318530718,8.377580409573),.UNSPECIFIED.) CURVE() 
GEOMETRIC_REPRESENTATION_ITEM() RATIONAL_B_SPLINE_CURVE((1.,0.5,1.,0.5,
1.,0.5,1.)) REPRESENTATION_ITEM('') );
#5437 = CARTESIAN_POINT('',(500.,-115.));
#5438 = CARTESIAN_POINT('',(500.,-71.69872981077));
#5439 = CARTESIAN_POINT('',(537.5,-93.34936490538));
#5440 = CARTESIAN_POINT('',(575.,-115.));
#5441 = CARTESIAN_POINT('',(537.5,-136.6506350946));
#5442 = CARTESIAN_POINT('',(500.,-158.3012701892));
#5443 = CARTESIAN_POINT('',(500.,-115.));
#5444 = ( GEOMETRIC_REPRESENTATION_CONTEXT(2) 
PARAMETRIC_REPRESENTATION_CONTEXT() REPRESENTATION_CONTEXT('2D SPACE',''
  ) );
#5445 = PCURVE('',#5446,#5451);
#5446 = CYLINDRICAL_SURFACE('',#5447,25.);
#5447 = AXIS2_PLACEMENT_3D('',#5448,#5449,#5450);
#5448 = CARTESIAN_POINT('',(-525.,-125.,134.238));
#5449 = DIRECTION('',(0.,0.,1.));
#5450 = DIRECTION('',(1.,0.,0.));
#5451 = DEFINITIONAL_REPRESENTATION('',(#5452),#5456);
#5452 = LINE('',#5453,#5454);
#5453 = CARTESIAN_POINT('',(0.,0.));
#5454 = VECTOR('',#5455,1.);
#5455 = DIRECTION('',(1.,0.));
#5456 = ( GEOMETRIC_REPRESENTATION_CONTEXT(2) 
PARAMETRIC_REPRESENTATION_CONTEXT() REPRESENTATION_CONTEXT('2D SPACE',''
  ) );
#5457 = FACE_BOUND('',#5458,.T.);
#5458 = EDGE_LOOP('',(#5459));
#5459 = ORIENTED_EDGE('',*,*,#5460,.T.);
#5460 = EDGE_CURVE('',#5461,#5461,#5463,.T.);
#5461 = VERTEX_POINT('',#5462);
#5462 = CARTESIAN_POINT('',(539.988,0.106,134.238));
#5463 = SURFACE_CURVE('',#5464,(#5469,#5480),.PCURVE_S1.);
#5464 = CIRCLE('',#5465,60.);
#5465 = AXIS2_PLACEMENT_3D('',#5466,#5467,#5468);
#5466 = CARTESIAN_POINT('',(479.988,0.106,134.238));
#5467 = DIRECTION('',(0.,0.,1.));
#5468 = DIRECTION('',(1.,0.,-0.));
#5469 = PCURVE('',#1390,#5470);
#5470 = DEFINITIONAL_REPRESENTATION('',(#5471),#5479);
#5471 = ( BOUNDED_CURVE() B_SPLINE_CURVE(2,(#5472,#5473,#5474,#5475,
#5476,#5477,#5478),.UNSPECIFIED.,.T.,.F.) B_SPLINE_CURVE_WITH_KNOTS((1,2
    ,2,2,2,1),(-2.094395102393,0.,2.094395102393,4.188790204786,
6.28318530718,8.377580409573),.UNSPECIFIED.) CURVE() 
GEOMETRIC_REPRESENTATION_ITEM() RATIONAL_B_SPLINE_CURVE((1.,0.5,1.,0.5,
1.,0.5,1.)) REPRESENTATION_ITEM('') );
#5472 = CARTESIAN_POINT('',(-539.988,10.106));
#5473 = CARTESIAN_POINT('',(-539.988,114.02904845413));
#5474 = CARTESIAN_POINT('',(-449.988,62.067524227066));
#5475 = CARTESIAN_POINT('',(-359.988,10.106));
#5476 = CARTESIAN_POINT('',(-449.988,-41.85552422706));
#5477 = CARTESIAN_POINT('',(-539.988,-93.81704845413));
#5478 = CARTESIAN_POINT('',(-539.988,10.106));
#5479 = ( GEOMETRIC_REPRESENTATION_CONTEXT(2) 
PARAMETRIC_REPRESENTATION_CONTEXT() REPRESENTATION_CONTEXT('2D SPACE',''
  ) );
#5480 = PCURVE('',#5481,#5486);
#5481 = CYLINDRICAL_SURFACE('',#5482,60.);
#5482 = AXIS2_PLACEMENT_3D('',#5483,#5484,#5485);
#5483 = CARTESIAN_POINT('',(479.988,0.106,164.238));
#5484 = DIRECTION('',(0.,0.,1.));
#5485 = DIRECTION('',(1.,0.,0.));
#5486 = DEFINITIONAL_REPRESENTATION('',(#5487),#5491);
#5487 = LINE('',#5488,#5489);
#5488 = CARTESIAN_POINT('',(0.,-30.));
#5489 = VECTOR('',#5490,1.);
#5490 = DIRECTION('',(1.,0.));
#5491 = ( GEOMETRIC_REPRESENTATION_CONTEXT(2) 
PARAMETRIC_REPRESENTATION_CONTEXT() REPRESENTATION_CONTEXT('2D SPACE',''
  ) );
#5492 = FACE_BOUND('',#5493,.T.);
#5493 = EDGE_LOOP('',(#5494));
#5494 = ORIENTED_EDGE('',*,*,#5495,.T.);
#5495 = EDGE_CURVE('',#5496,#5496,#5498,.T.);
#5496 = VERTEX_POINT('',#5497);
#5497 = CARTESIAN_POINT('',(339.988,0.106,134.238));
#5498 = SURFACE_CURVE('',#5499,(#5504,#5515),.PCURVE_S1.);
#5499 = CIRCLE('',#5500,60.);
#5500 = AXIS2_PLACEMENT_3D('',#5501,#5502,#5503);
#5501 = CARTESIAN_POINT('',(279.988,0.106,134.238));
#5502 = DIRECTION('',(0.,0.,1.));
#5503 = DIRECTION('',(1.,0.,-0.));
#5504 = PCURVE('',#1390,#5505);
#5505 = DEFINITIONAL_REPRESENTATION('',(#5506),#5514);
#5506 = ( BOUNDED_CURVE() B_SPLINE_CURVE(2,(#5507,#5508,#5509,#5510,
#5511,#5512,#5513),.UNSPECIFIED.,.T.,.F.) B_SPLINE_CURVE_WITH_KNOTS((1,2
    ,2,2,2,1),(-2.094395102393,0.,2.094395102393,4.188790204786,
6.28318530718,8.377580409573),.UNSPECIFIED.) CURVE() 
GEOMETRIC_REPRESENTATION_ITEM() RATIONAL_B_SPLINE_CURVE((1.,0.5,1.,0.5,
1.,0.5,1.)) REPRESENTATION_ITEM('') );
#5507 = CARTESIAN_POINT('',(-339.988,10.106));
#5508 = CARTESIAN_POINT('',(-339.988,114.02904845413));
#5509 = CARTESIAN_POINT('',(-249.988,62.067524227066));
#5510 = CARTESIAN_POINT('',(-159.988,10.106));
#5511 = CARTESIAN_POINT('',(-249.988,-41.85552422706));
#5512 = CARTESIAN_POINT('',(-339.988,-93.81704845413));
#5513 = CARTESIAN_POINT('',(-339.988,10.106));
#5514 = ( GEOMETRIC_REPRESENTATION_CONTEXT(2) 
PARAMETRIC_REPRESENTATION_CONTEXT() REPRESENTATION_CONTEXT('2D SPACE',''
  ) );
#5515 = PCURVE('',#5516,#5521);
#5516 = CYLINDRICAL_SURFACE('',#5517,60.);
#5517 = AXIS2_PLACEMENT_3D('',#5518,#5519,#5520);
#5518 = CARTESIAN_POINT('',(279.988,0.106,164.238));
#5519 = DIRECTION('',(0.,0.,1.));
#5520 = DIRECTION('',(1.,0.,0.));
#5521 = DEFINITIONAL_REPRESENTATION('',(#5522),#5526);
#5522 = LINE('',#5523,#5524);
#5523 = CARTESIAN_POINT('',(0.,-30.));
#5524 = VECTOR('',#5525,1.);
#5525 = DIRECTION('',(1.,0.));
#5526 = ( GEOMETRIC_REPRESENTATION_CONTEXT(2) 
PARAMETRIC_REPRESENTATION_CONTEXT() REPRESENTATION_CONTEXT('2D SPACE',''
  ) );
#5527 = FACE_BOUND('',#5528,.T.);
#5528 = EDGE_LOOP('',(#5529));
#5529 = ORIENTED_EDGE('',*,*,#5530,.T.);
#5530 = EDGE_CURVE('',#5531,#5531,#5533,.T.);
#5531 = VERTEX_POINT('',#5532);
#5532 = CARTESIAN_POINT('',(439.988,85.106,134.238));
#5533 = SURFACE_CURVE('',#5534,(#5539,#5550),.PCURVE_S1.);
#5534 = CIRCLE('',#5535,60.);
#5535 = AXIS2_PLACEMENT_3D('',#5536,#5537,#5538);
#5536 = CARTESIAN_POINT('',(379.988,85.106,134.238));
#5537 = DIRECTION('',(0.,0.,1.));
#5538 = DIRECTION('',(1.,0.,-0.));
#5539 = PCURVE('',#1390,#5540);
#5540 = DEFINITIONAL_REPRESENTATION('',(#5541),#5549);
#5541 = ( BOUNDED_CURVE() B_SPLINE_CURVE(2,(#5542,#5543,#5544,#5545,
#5546,#5547,#5548),.UNSPECIFIED.,.T.,.F.) B_SPLINE_CURVE_WITH_KNOTS((1,2
    ,2,2,2,1),(-2.094395102393,0.,2.094395102393,4.188790204786,
6.28318530718,8.377580409573),.UNSPECIFIED.) CURVE() 
GEOMETRIC_REPRESENTATION_ITEM() RATIONAL_B_SPLINE_CURVE((1.,0.5,1.,0.5,
1.,0.5,1.)) REPRESENTATION_ITEM('') );
#5542 = CARTESIAN_POINT('',(-439.988,95.106));
#5543 = CARTESIAN_POINT('',(-439.988,199.02904845413));
#5544 = CARTESIAN_POINT('',(-349.988,147.06752422706));
#5545 = CARTESIAN_POINT('',(-259.988,95.106));
#5546 = CARTESIAN_POINT('',(-349.988,43.144475772934));
#5547 = CARTESIAN_POINT('',(-439.988,-8.817048454133));
#5548 = CARTESIAN_POINT('',(-439.988,95.106));
#5549 = ( GEOMETRIC_REPRESENTATION_CONTEXT(2) 
PARAMETRIC_REPRESENTATION_CONTEXT() REPRESENTATION_CONTEXT('2D SPACE',''
  ) );
#5550 = PCURVE('',#5551,#5556);
#5551 = CYLINDRICAL_SURFACE('',#5552,60.);
#5552 = AXIS2_PLACEMENT_3D('',#5553,#5554,#5555);
#5553 = CARTESIAN_POINT('',(379.988,85.106,164.238));
#5554 = DIRECTION('',(0.,0.,1.));
#5555 = DIRECTION('',(1.,0.,0.));
#5556 = DEFINITIONAL_REPRESENTATION('',(#5557),#5561);
#5557 = LINE('',#5558,#5559);
#5558 = CARTESIAN_POINT('',(0.,-30.));
#5559 = VECTOR('',#5560,1.);
#5560 = DIRECTION('',(1.,0.));
#5561 = ( GEOMETRIC_REPRESENTATION_CONTEXT(2) 
PARAMETRIC_REPRESENTATION_CONTEXT() REPRESENTATION_CONTEXT('2D SPACE',''
  ) );
#5562 = FACE_BOUND('',#5563,.T.);
#5563 = EDGE_LOOP('',(#5564));
#5564 = ORIENTED_EDGE('',*,*,#5565,.T.);
#5565 = EDGE_CURVE('',#5566,#5566,#5568,.T.);
#5566 = VERTEX_POINT('',#5567);
#5567 = CARTESIAN_POINT('',(550.,125.,134.238));
#5568 = SURFACE_CURVE('',#5569,(#5574,#5585),.PCURVE_S1.);
#5569 = CIRCLE('',#5570,25.);
#5570 = AXIS2_PLACEMENT_3D('',#5571,#5572,#5573);
#5571 = CARTESIAN_POINT('',(525.,125.,134.238));
#5572 = DIRECTION('',(0.,0.,1.));
#5573 = DIRECTION('',(1.,0.,0.));
#5574 = PCURVE('',#1390,#5575);
#5575 = DEFINITIONAL_REPRESENTATION('',(#5576),#5584);
#5576 = ( BOUNDED_CURVE() B_SPLINE_CURVE(2,(#5577,#5578,#5579,#5580,
#5581,#5582,#5583),.UNSPECIFIED.,.T.,.F.) B_SPLINE_CURVE_WITH_KNOTS((1,2
    ,2,2,2,1),(-2.094395102393,0.,2.094395102393,4.188790204786,
6.28318530718,8.377580409573),.UNSPECIFIED.) CURVE() 
GEOMETRIC_REPRESENTATION_ITEM() RATIONAL_B_SPLINE_CURVE((1.,0.5,1.,0.5,
1.,0.5,1.)) REPRESENTATION_ITEM('') );
#5577 = CARTESIAN_POINT('',(-550.,135.));
#5578 = CARTESIAN_POINT('',(-550.,178.30127018922));
#5579 = CARTESIAN_POINT('',(-512.5,156.65063509461));
#5580 = CARTESIAN_POINT('',(-475.,135.));
#5581 = CARTESIAN_POINT('',(-512.5,113.34936490538));
#5582 = CARTESIAN_POINT('',(-550.,91.698729810778));
#5583 = CARTESIAN_POINT('',(-550.,135.));
#5584 = ( GEOMETRIC_REPRESENTATION_CONTEXT(2) 
PARAMETRIC_REPRESENTATION_CONTEXT() REPRESENTATION_CONTEXT('2D SPACE',''
  ) );
#5585 = PCURVE('',#5586,#5591);
#5586 = CYLINDRICAL_SURFACE('',#5587,25.);
#5587 = AXIS2_PLACEMENT_3D('',#5588,#5589,#5590);
#5588 = CARTESIAN_POINT('',(525.,125.,134.238));
#5589 = DIRECTION('',(0.,0.,1.));
#5590 = DIRECTION('',(1.,0.,0.));
#5591 = DEFINITIONAL_REPRESENTATION('',(#5592),#5596);
#5592 = LINE('',#5593,#5594);
#5593 = CARTESIAN_POINT('',(0.,0.));
#5594 = VECTOR('',#5595,1.);
#5595 = DIRECTION('',(1.,0.));
#5596 = ( GEOMETRIC_REPRESENTATION_CONTEXT(2) 
PARAMETRIC_REPRESENTATION_CONTEXT() REPRESENTATION_CONTEXT('2D SPACE',''
  ) );
#5597 = FACE_BOUND('',#5598,.T.);
#5598 = EDGE_LOOP('',(#5599));
#5599 = ORIENTED_EDGE('',*,*,#5600,.T.);
#5600 = EDGE_CURVE('',#5601,#5601,#5603,.T.);
#5601 = VERTEX_POINT('',#5602);
#5602 = CARTESIAN_POINT('',(-207.51745,0.2528,134.238));
#5603 = SURFACE_CURVE('',#5604,(#5609,#5620),.PCURVE_S1.);
#5604 = ELLIPSE('',#5605,172.40875,154.03615);
#5605 = AXIS2_PLACEMENT_3D('',#5606,#5607,#5608);
#5606 = CARTESIAN_POINT('',(-379.9262,0.2528,134.238));
#5607 = DIRECTION('',(0.,0.,1.));
#5608 = DIRECTION('',(1.,0.,0.));
#5609 = PCURVE('',#1390,#5610);
#5610 = DEFINITIONAL_REPRESENTATION('',(#5611),#5619);
#5611 = ( BOUNDED_CURVE() B_SPLINE_CURVE(2,(#5612,#5613,#5614,#5615,
#5616,#5617,#5618),.UNSPECIFIED.,.T.,.F.) B_SPLINE_CURVE_WITH_KNOTS((1,2
    ,2,2,2,1),(-2.094395102393,0.,2.094395102393,4.188790204786,
6.28318530718,8.377580409573),.UNSPECIFIED.) CURVE() 
GEOMETRIC_REPRESENTATION_ITEM() RATIONAL_B_SPLINE_CURVE((1.,0.5,1.,0.5,
1.,0.5,1.)) REPRESENTATION_ITEM('') );
#5612 = CARTESIAN_POINT('',(207.51745,10.2528));
#5613 = CARTESIAN_POINT('',(207.51745,277.0512380023));
#5614 = CARTESIAN_POINT('',(466.130575,143.65201900115));
#5615 = CARTESIAN_POINT('',(724.7437,10.2528));
#5616 = CARTESIAN_POINT('',(466.130575,-123.1464190011));
#5617 = CARTESIAN_POINT('',(207.51745,-256.5456380023));
#5618 = CARTESIAN_POINT('',(207.51745,10.2528));
#5619 = ( GEOMETRIC_REPRESENTATION_CONTEXT(2) 
PARAMETRIC_REPRESENTATION_CONTEXT() REPRESENTATION_CONTEXT('2D SPACE',''
  ) );
#5620 = PCURVE('',#5621,#5629);
#5621 = SURFACE_OF_LINEAR_EXTRUSION('',#5622,#5627);
#5622 = ELLIPSE('',#5623,172.40875,154.03615);
#5623 = AXIS2_PLACEMENT_3D('',#5624,#5625,#5626);
#5624 = CARTESIAN_POINT('',(-379.9262,0.2528,134.238));
#5625 = DIRECTION('',(0.,0.,1.));
#5626 = DIRECTION('',(1.,0.,0.));
#5627 = VECTOR('',#5628,1.);
#5628 = DIRECTION('',(0.,0.,1.));
#5629 = DEFINITIONAL_REPRESENTATION('',(#5630),#5634);
#5630 = LINE('',#5631,#5632);
#5631 = CARTESIAN_POINT('',(0.,0.));
#5632 = VECTOR('',#5633,1.);
#5633 = DIRECTION('',(1.,0.));
#5634 = ( GEOMETRIC_REPRESENTATION_CONTEXT(2) 
PARAMETRIC_REPRESENTATION_CONTEXT() REPRESENTATION_CONTEXT('2D SPACE',''
  ) );
#5635 = FACE_BOUND('',#5636,.T.);
#5636 = EDGE_LOOP('',(#5637));
#5637 = ORIENTED_EDGE('',*,*,#5638,.T.);
#5638 = EDGE_CURVE('',#5639,#5639,#5641,.T.);
#5639 = VERTEX_POINT('',#5640);
#5640 = CARTESIAN_POINT('',(-500.,125.,134.238));
#5641 = SURFACE_CURVE('',#5642,(#5647,#5658),.PCURVE_S1.);
#5642 = CIRCLE('',#5643,25.);
#5643 = AXIS2_PLACEMENT_3D('',#5644,#5645,#5646);
#5644 = CARTESIAN_POINT('',(-525.,125.,134.238));
#5645 = DIRECTION('',(0.,0.,1.));
#5646 = DIRECTION('',(1.,0.,0.));
#5647 = PCURVE('',#1390,#5648);
#5648 = DEFINITIONAL_REPRESENTATION('',(#5649),#5657);
#5649 = ( BOUNDED_CURVE() B_SPLINE_CURVE(2,(#5650,#5651,#5652,#5653,
#5654,#5655,#5656),.UNSPECIFIED.,.T.,.F.) B_SPLINE_CURVE_WITH_KNOTS((1,2
    ,2,2,2,1),(-2.094395102393,0.,2.094395102393,4.188790204786,
6.28318530718,8.377580409573),.UNSPECIFIED.) CURVE() 
GEOMETRIC_REPRESENTATION_ITEM() RATIONAL_B_SPLINE_CURVE((1.,0.5,1.,0.5,
1.,0.5,1.)) REPRESENTATION_ITEM('') );
#5650 = CARTESIAN_POINT('',(500.,135.));
#5651 = CARTESIAN_POINT('',(500.,178.30127018922));
#5652 = CARTESIAN_POINT('',(537.5,156.65063509461));
#5653 = CARTESIAN_POINT('',(575.,135.));
#5654 = CARTESIAN_POINT('',(537.5,113.34936490538));
#5655 = CARTESIAN_POINT('',(500.,91.698729810778));
#5656 = CARTESIAN_POINT('',(500.,135.));
#5657 = ( GEOMETRIC_REPRESENTATION_CONTEXT(2) 
PARAMETRIC_REPRESENTATION_CONTEXT() REPRESENTATION_CONTEXT('2D SPACE',''
  ) );
#5658 = PCURVE('',#5659,#5664);
#5659 = CYLINDRICAL_SURFACE('',#5660,25.);
#5660 = AXIS2_PLACEMENT_3D('',#5661,#5662,#5663);
#5661 = CARTESIAN_POINT('',(-525.,125.,134.238));
#5662 = DIRECTION('',(0.,0.,1.));
#5663 = DIRECTION('',(1.,0.,0.));
#5664 = DEFINITIONAL_REPRESENTATION('',(#5665),#5669);
#5665 = LINE('',#5666,#5667);
#5666 = CARTESIAN_POINT('',(0.,0.));
#5667 = VECTOR('',#5668,1.);
#5668 = DIRECTION('',(1.,0.));
#5669 = ( GEOMETRIC_REPRESENTATION_CONTEXT(2) 
PARAMETRIC_REPRESENTATION_CONTEXT() REPRESENTATION_CONTEXT('2D SPACE',''
  ) );
#5670 = ADVANCED_FACE('',(#5671),#1417,.F.);
#5671 = FACE_BOUND('',#5672,.F.);
#5672 = EDGE_LOOP('',(#5673,#5696,#5717,#5718));
#5673 = ORIENTED_EDGE('',*,*,#5674,.T.);
#5674 = EDGE_CURVE('',#5155,#5675,#5677,.T.);
#5675 = VERTEX_POINT('',#5676);
#5676 = CARTESIAN_POINT('',(-176.194,15.4704,16.000003899));
#5677 = SURFACE_CURVE('',#5678,(#5682,#5689),.PCURVE_S1.);
#5678 = LINE('',#5679,#5680);
#5679 = CARTESIAN_POINT('',(-176.194,15.4704,134.238));
#5680 = VECTOR('',#5681,1.);
#5681 = DIRECTION('',(0.,0.,-1.));
#5682 = PCURVE('',#1417,#5683);
#5683 = DEFINITIONAL_REPRESENTATION('',(#5684),#5688);
#5684 = LINE('',#5685,#5686);
#5685 = CARTESIAN_POINT('',(0.,0.));
#5686 = VECTOR('',#5687,1.);
#5687 = DIRECTION('',(0.,-1.));
#5688 = ( GEOMETRIC_REPRESENTATION_CONTEXT(2) 
PARAMETRIC_REPRESENTATION_CONTEXT() REPRESENTATION_CONTEXT('2D SPACE',''
  ) );
#5689 = PCURVE('',#5193,#5690);
#5690 = DEFINITIONAL_REPRESENTATION('',(#5691),#5695);
#5691 = LINE('',#5692,#5693);
#5692 = CARTESIAN_POINT('',(352.388,0.));
#5693 = VECTOR('',#5694,1.);
#5694 = DIRECTION('',(0.,-1.));
#5695 = ( GEOMETRIC_REPRESENTATION_CONTEXT(2) 
PARAMETRIC_REPRESENTATION_CONTEXT() REPRESENTATION_CONTEXT('2D SPACE',''
  ) );
#5696 = ORIENTED_EDGE('',*,*,#5697,.T.);
#5697 = EDGE_CURVE('',#5675,#1402,#5698,.T.);
#5698 = SURFACE_CURVE('',#5699,(#5703,#5710),.PCURVE_S1.);
#5699 = LINE('',#5700,#5701);
#5700 = CARTESIAN_POINT('',(-176.194,15.4704,16.000003899));
#5701 = VECTOR('',#5702,1.);
#5702 = DIRECTION('',(0.,1.,0.));
#5703 = PCURVE('',#1417,#5704);
#5704 = DEFINITIONAL_REPRESENTATION('',(#5705),#5709);
#5705 = LINE('',#5706,#5707);
#5706 = CARTESIAN_POINT('',(0.,-118.237996101));
#5707 = VECTOR('',#5708,1.);
#5708 = DIRECTION('',(1.,0.));
#5709 = ( GEOMETRIC_REPRESENTATION_CONTEXT(2) 
PARAMETRIC_REPRESENTATION_CONTEXT() REPRESENTATION_CONTEXT('2D SPACE',''
  ) );
#5710 = PCURVE('',#1445,#5711);
#5711 = DEFINITIONAL_REPRESENTATION('',(#5712),#5716);
#5712 = LINE('',#5713,#5714);
#5713 = CARTESIAN_POINT('',(176.194,-67.89182962709));
#5714 = VECTOR('',#5715,1.);
#5715 = DIRECTION('',(0.,1.));
#5716 = ( GEOMETRIC_REPRESENTATION_CONTEXT(2) 
PARAMETRIC_REPRESENTATION_CONTEXT() REPRESENTATION_CONTEXT('2D SPACE',''
  ) );
#5717 = ORIENTED_EDGE('',*,*,#1401,.F.);
#5718 = ORIENTED_EDGE('',*,*,#5154,.F.);
#5719 = ADVANCED_FACE('',(#5720),#1445,.T.);
#5720 = FACE_BOUND('',#5721,.T.);
#5721 = EDGE_LOOP('',(#5722,#5745,#5766,#5767,#5768,#5791,#5819,#5840));
#5722 = ORIENTED_EDGE('',*,*,#5723,.T.);
#5723 = EDGE_CURVE('',#1541,#5724,#5726,.T.);
#5724 = VERTEX_POINT('',#5725);
#5725 = CARTESIAN_POINT('',(176.194,15.4704,16.000003899));
#5726 = SURFACE_CURVE('',#5727,(#5731,#5738),.PCURVE_S1.);
#5727 = LINE('',#5728,#5729);
#5728 = CARTESIAN_POINT('',(176.194,225.,16.000003899));
#5729 = VECTOR('',#5730,1.);
#5730 = DIRECTION('',(0.,-1.,0.));
#5731 = PCURVE('',#1445,#5732);
#5732 = DEFINITIONAL_REPRESENTATION('',(#5733),#5737);
#5733 = LINE('',#5734,#5735);
#5734 = CARTESIAN_POINT('',(-176.194,141.6377703729));
#5735 = VECTOR('',#5736,1.);
#5736 = DIRECTION('',(0.,-1.));
#5737 = ( GEOMETRIC_REPRESENTATION_CONTEXT(2) 
PARAMETRIC_REPRESENTATION_CONTEXT() REPRESENTATION_CONTEXT('2D SPACE',''
  ) );
#5738 = PCURVE('',#1579,#5739);
#5739 = DEFINITIONAL_REPRESENTATION('',(#5740),#5744);
#5740 = LINE('',#5741,#5742);
#5741 = CARTESIAN_POINT('',(0.,-118.237996101));
#5742 = VECTOR('',#5743,1.);
#5743 = DIRECTION('',(1.,0.));
#5744 = ( GEOMETRIC_REPRESENTATION_CONTEXT(2) 
PARAMETRIC_REPRESENTATION_CONTEXT() REPRESENTATION_CONTEXT('2D SPACE',''
  ) );
#5745 = ORIENTED_EDGE('',*,*,#5746,.T.);
#5746 = EDGE_CURVE('',#5724,#5675,#5747,.T.);
#5747 = SURFACE_CURVE('',#5748,(#5752,#5759),.PCURVE_S1.);
#5748 = LINE('',#5749,#5750);
#5749 = CARTESIAN_POINT('',(176.194,15.4704,16.000003899));
#5750 = VECTOR('',#5751,1.);
#5751 = DIRECTION('',(-1.,0.,0.));
#5752 = PCURVE('',#1445,#5753);
#5753 = DEFINITIONAL_REPRESENTATION('',(#5754),#5758);
#5754 = LINE('',#5755,#5756);
#5755 = CARTESIAN_POINT('',(-176.194,-67.89182962709));
#5756 = VECTOR('',#5757,1.);
#5757 = DIRECTION('',(1.,0.));
#5758 = ( GEOMETRIC_REPRESENTATION_CONTEXT(2) 
PARAMETRIC_REPRESENTATION_CONTEXT() REPRESENTATION_CONTEXT('2D SPACE',''
  ) );
#5759 = PCURVE('',#5193,#5760);
#5760 = DEFINITIONAL_REPRESENTATION('',(#5761),#5765);
#5761 = LINE('',#5762,#5763);
#5762 = CARTESIAN_POINT('',(0.,-118.237996101));
#5763 = VECTOR('',#5764,1.);
#5764 = DIRECTION('',(1.,0.));
#5765 = ( GEOMETRIC_REPRESENTATION_CONTEXT(2) 
PARAMETRIC_REPRESENTATION_CONTEXT() REPRESENTATION_CONTEXT('2D SPACE',''
  ) );
#5766 = ORIENTED_EDGE('',*,*,#5697,.T.);
#5767 = ORIENTED_EDGE('',*,*,#1429,.T.);
#5768 = ORIENTED_EDGE('',*,*,#5769,.T.);
#5769 = EDGE_CURVE('',#1430,#5770,#5772,.T.);
#5770 = VERTEX_POINT('',#5771);
#5771 = CARTESIAN_POINT('',(-156.194,35.4704,16.000003899));
#5772 = SURFACE_CURVE('',#5773,(#5777,#5784),.PCURVE_S1.);
#5773 = LINE('',#5774,#5775);
#5774 = CARTESIAN_POINT('',(-156.194,225.,16.000003899));
#5775 = VECTOR('',#5776,1.);
#5776 = DIRECTION('',(0.,-1.,0.));
#5777 = PCURVE('',#1445,#5778);
#5778 = DEFINITIONAL_REPRESENTATION('',(#5779),#5783);
#5779 = LINE('',#5780,#5781);
#5780 = CARTESIAN_POINT('',(156.194,141.6377703729));
#5781 = VECTOR('',#5782,1.);
#5782 = DIRECTION('',(0.,-1.));
#5783 = ( GEOMETRIC_REPRESENTATION_CONTEXT(2) 
PARAMETRIC_REPRESENTATION_CONTEXT() REPRESENTATION_CONTEXT('2D SPACE',''
  ) );
#5784 = PCURVE('',#1473,#5785);
#5785 = DEFINITIONAL_REPRESENTATION('',(#5786),#5790);
#5786 = LINE('',#5787,#5788);
#5787 = CARTESIAN_POINT('',(0.,-118.237996101));
#5788 = VECTOR('',#5789,1.);
#5789 = DIRECTION('',(1.,0.));
#5790 = ( GEOMETRIC_REPRESENTATION_CONTEXT(2) 
PARAMETRIC_REPRESENTATION_CONTEXT() REPRESENTATION_CONTEXT('2D SPACE',''
  ) );
#5791 = ORIENTED_EDGE('',*,*,#5792,.T.);
#5792 = EDGE_CURVE('',#5770,#5793,#5795,.T.);
#5793 = VERTEX_POINT('',#5794);
#5794 = CARTESIAN_POINT('',(156.194,35.4704,16.000003899));
#5795 = SURFACE_CURVE('',#5796,(#5800,#5807),.PCURVE_S1.);
#5796 = LINE('',#5797,#5798);
#5797 = CARTESIAN_POINT('',(-156.194,35.4704,16.000003899));
#5798 = VECTOR('',#5799,1.);
#5799 = DIRECTION('',(1.,0.,0.));
#5800 = PCURVE('',#1445,#5801);
#5801 = DEFINITIONAL_REPRESENTATION('',(#5802),#5806);
#5802 = LINE('',#5803,#5804);
#5803 = CARTESIAN_POINT('',(156.194,-47.89182962709));
#5804 = VECTOR('',#5805,1.);
#5805 = DIRECTION('',(-1.,0.));
#5806 = ( GEOMETRIC_REPRESENTATION_CONTEXT(2) 
PARAMETRIC_REPRESENTATION_CONTEXT() REPRESENTATION_CONTEXT('2D SPACE',''
  ) );
#5807 = PCURVE('',#5808,#5813);
#5808 = PLANE('',#5809);
#5809 = AXIS2_PLACEMENT_3D('',#5810,#5811,#5812);
#5810 = CARTESIAN_POINT('',(-156.194,35.4704,134.238));
#5811 = DIRECTION('',(0.,-1.,0.));
#5812 = DIRECTION('',(1.,0.,0.));
#5813 = DEFINITIONAL_REPRESENTATION('',(#5814),#5818);
#5814 = LINE('',#5815,#5816);
#5815 = CARTESIAN_POINT('',(0.,-118.237996101));
#5816 = VECTOR('',#5817,1.);
#5817 = DIRECTION('',(1.,0.));
#5818 = ( GEOMETRIC_REPRESENTATION_CONTEXT(2) 
PARAMETRIC_REPRESENTATION_CONTEXT() REPRESENTATION_CONTEXT('2D SPACE',''
  ) );
#5819 = ORIENTED_EDGE('',*,*,#5820,.T.);
#5820 = EDGE_CURVE('',#5793,#1513,#5821,.T.);
#5821 = SURFACE_CURVE('',#5822,(#5826,#5833),.PCURVE_S1.);
#5822 = LINE('',#5823,#5824);
#5823 = CARTESIAN_POINT('',(156.194,35.4704,16.000003899));
#5824 = VECTOR('',#5825,1.);
#5825 = DIRECTION('',(0.,1.,0.));
#5826 = PCURVE('',#1445,#5827);
#5827 = DEFINITIONAL_REPRESENTATION('',(#5828),#5832);
#5828 = LINE('',#5829,#5830);
#5829 = CARTESIAN_POINT('',(-156.194,-47.89182962709));
#5830 = VECTOR('',#5831,1.);
#5831 = DIRECTION('',(0.,1.));
#5832 = ( GEOMETRIC_REPRESENTATION_CONTEXT(2) 
PARAMETRIC_REPRESENTATION_CONTEXT() REPRESENTATION_CONTEXT('2D SPACE',''
  ) );
#5833 = PCURVE('',#1528,#5834);
#5834 = DEFINITIONAL_REPRESENTATION('',(#5835),#5839);
#5835 = LINE('',#5836,#5837);
#5836 = CARTESIAN_POINT('',(0.,-118.237996101));
#5837 = VECTOR('',#5838,1.);
#5838 = DIRECTION('',(1.,0.));
#5839 = ( GEOMETRIC_REPRESENTATION_CONTEXT(2) 
PARAMETRIC_REPRESENTATION_CONTEXT() REPRESENTATION_CONTEXT('2D SPACE',''
  ) );
#5840 = ORIENTED_EDGE('',*,*,#1540,.T.);
#5841 = ADVANCED_FACE('',(#5842),#1473,.F.);
#5842 = FACE_BOUND('',#5843,.F.);
#5843 = EDGE_LOOP('',(#5844,#5845,#5846,#5869));
#5844 = ORIENTED_EDGE('',*,*,#1457,.T.);
#5845 = ORIENTED_EDGE('',*,*,#5769,.T.);
#5846 = ORIENTED_EDGE('',*,*,#5847,.F.);
#5847 = EDGE_CURVE('',#5848,#5770,#5850,.T.);
#5848 = VERTEX_POINT('',#5849);
#5849 = CARTESIAN_POINT('',(-156.194,35.4704,134.238));
#5850 = SURFACE_CURVE('',#5851,(#5855,#5862),.PCURVE_S1.);
#5851 = LINE('',#5852,#5853);
#5852 = CARTESIAN_POINT('',(-156.194,35.4704,134.238));
#5853 = VECTOR('',#5854,1.);
#5854 = DIRECTION('',(0.,0.,-1.));
#5855 = PCURVE('',#1473,#5856);
#5856 = DEFINITIONAL_REPRESENTATION('',(#5857),#5861);
#5857 = LINE('',#5858,#5859);
#5858 = CARTESIAN_POINT('',(189.5296,0.));
#5859 = VECTOR('',#5860,1.);
#5860 = DIRECTION('',(0.,-1.));
#5861 = ( GEOMETRIC_REPRESENTATION_CONTEXT(2) 
PARAMETRIC_REPRESENTATION_CONTEXT() REPRESENTATION_CONTEXT('2D SPACE',''
  ) );
#5862 = PCURVE('',#5808,#5863);
#5863 = DEFINITIONAL_REPRESENTATION('',(#5864),#5868);
#5864 = LINE('',#5865,#5866);
#5865 = CARTESIAN_POINT('',(0.,0.));
#5866 = VECTOR('',#5867,1.);
#5867 = DIRECTION('',(0.,-1.));
#5868 = ( GEOMETRIC_REPRESENTATION_CONTEXT(2) 
PARAMETRIC_REPRESENTATION_CONTEXT() REPRESENTATION_CONTEXT('2D SPACE',''
  ) );
#5869 = ORIENTED_EDGE('',*,*,#5870,.F.);
#5870 = EDGE_CURVE('',#1458,#5848,#5871,.T.);
#5871 = SURFACE_CURVE('',#5872,(#5876,#5883),.PCURVE_S1.);
#5872 = LINE('',#5873,#5874);
#5873 = CARTESIAN_POINT('',(-156.194,225.,134.238));
#5874 = VECTOR('',#5875,1.);
#5875 = DIRECTION('',(0.,-1.,0.));
#5876 = PCURVE('',#1473,#5877);
#5877 = DEFINITIONAL_REPRESENTATION('',(#5878),#5882);
#5878 = LINE('',#5879,#5880);
#5879 = CARTESIAN_POINT('',(0.,0.));
#5880 = VECTOR('',#5881,1.);
#5881 = DIRECTION('',(1.,0.));
#5882 = ( GEOMETRIC_REPRESENTATION_CONTEXT(2) 
PARAMETRIC_REPRESENTATION_CONTEXT() REPRESENTATION_CONTEXT('2D SPACE',''
  ) );
#5883 = PCURVE('',#1501,#5884);
#5884 = DEFINITIONAL_REPRESENTATION('',(#5885),#5889);
#5885 = LINE('',#5886,#5887);
#5886 = CARTESIAN_POINT('',(156.194,235.));
#5887 = VECTOR('',#5888,1.);
#5888 = DIRECTION('',(0.,-1.));
#5889 = ( GEOMETRIC_REPRESENTATION_CONTEXT(2) 
PARAMETRIC_REPRESENTATION_CONTEXT() REPRESENTATION_CONTEXT('2D SPACE',''
  ) );
#5890 = ADVANCED_FACE('',(#5891),#1501,.T.);
#5891 = FACE_BOUND('',#5892,.T.);
#5892 = EDGE_LOOP('',(#5893,#5894,#5895,#5918));
#5893 = ORIENTED_EDGE('',*,*,#5870,.F.);
#5894 = ORIENTED_EDGE('',*,*,#1485,.F.);
#5895 = ORIENTED_EDGE('',*,*,#5896,.F.);
#5896 = EDGE_CURVE('',#5897,#1486,#5899,.T.);
#5897 = VERTEX_POINT('',#5898);
#5898 = CARTESIAN_POINT('',(156.194,35.4704,134.238));
#5899 = SURFACE_CURVE('',#5900,(#5904,#5911),.PCURVE_S1.);
#5900 = LINE('',#5901,#5902);
#5901 = CARTESIAN_POINT('',(156.194,35.4704,134.238));
#5902 = VECTOR('',#5903,1.);
#5903 = DIRECTION('',(0.,1.,0.));
#5904 = PCURVE('',#1501,#5905);
#5905 = DEFINITIONAL_REPRESENTATION('',(#5906),#5910);
#5906 = LINE('',#5907,#5908);
#5907 = CARTESIAN_POINT('',(-156.194,45.4704));
#5908 = VECTOR('',#5909,1.);
#5909 = DIRECTION('',(0.,1.));
#5910 = ( GEOMETRIC_REPRESENTATION_CONTEXT(2) 
PARAMETRIC_REPRESENTATION_CONTEXT() REPRESENTATION_CONTEXT('2D SPACE',''
  ) );
#5911 = PCURVE('',#1528,#5912);
#5912 = DEFINITIONAL_REPRESENTATION('',(#5913),#5917);
#5913 = LINE('',#5914,#5915);
#5914 = CARTESIAN_POINT('',(0.,0.));
#5915 = VECTOR('',#5916,1.);
#5916 = DIRECTION('',(1.,0.));
#5917 = ( GEOMETRIC_REPRESENTATION_CONTEXT(2) 
PARAMETRIC_REPRESENTATION_CONTEXT() REPRESENTATION_CONTEXT('2D SPACE',''
  ) );
#5918 = ORIENTED_EDGE('',*,*,#5919,.F.);
#5919 = EDGE_CURVE('',#5848,#5897,#5920,.T.);
#5920 = SURFACE_CURVE('',#5921,(#5925,#5932),.PCURVE_S1.);
#5921 = LINE('',#5922,#5923);
#5922 = CARTESIAN_POINT('',(-156.194,35.4704,134.238));
#5923 = VECTOR('',#5924,1.);
#5924 = DIRECTION('',(1.,0.,0.));
#5925 = PCURVE('',#1501,#5926);
#5926 = DEFINITIONAL_REPRESENTATION('',(#5927),#5931);
#5927 = LINE('',#5928,#5929);
#5928 = CARTESIAN_POINT('',(156.194,45.4704));
#5929 = VECTOR('',#5930,1.);
#5930 = DIRECTION('',(-1.,0.));
#5931 = ( GEOMETRIC_REPRESENTATION_CONTEXT(2) 
PARAMETRIC_REPRESENTATION_CONTEXT() REPRESENTATION_CONTEXT('2D SPACE',''
  ) );
#5932 = PCURVE('',#5808,#5933);
#5933 = DEFINITIONAL_REPRESENTATION('',(#5934),#5938);
#5934 = LINE('',#5935,#5936);
#5935 = CARTESIAN_POINT('',(0.,0.));
#5936 = VECTOR('',#5937,1.);
#5937 = DIRECTION('',(1.,0.));
#5938 = ( GEOMETRIC_REPRESENTATION_CONTEXT(2) 
PARAMETRIC_REPRESENTATION_CONTEXT() REPRESENTATION_CONTEXT('2D SPACE',''
  ) );
#5939 = ADVANCED_FACE('',(#5940),#1528,.F.);
#5940 = FACE_BOUND('',#5941,.F.);
#5941 = EDGE_LOOP('',(#5942,#5963,#5964,#5965));
#5942 = ORIENTED_EDGE('',*,*,#5943,.T.);
#5943 = EDGE_CURVE('',#5897,#5793,#5944,.T.);
#5944 = SURFACE_CURVE('',#5945,(#5949,#5956),.PCURVE_S1.);
#5945 = LINE('',#5946,#5947);
#5946 = CARTESIAN_POINT('',(156.194,35.4704,134.238));
#5947 = VECTOR('',#5948,1.);
#5948 = DIRECTION('',(0.,0.,-1.));
#5949 = PCURVE('',#1528,#5950);
#5950 = DEFINITIONAL_REPRESENTATION('',(#5951),#5955);
#5951 = LINE('',#5952,#5953);
#5952 = CARTESIAN_POINT('',(0.,0.));
#5953 = VECTOR('',#5954,1.);
#5954 = DIRECTION('',(0.,-1.));
#5955 = ( GEOMETRIC_REPRESENTATION_CONTEXT(2) 
PARAMETRIC_REPRESENTATION_CONTEXT() REPRESENTATION_CONTEXT('2D SPACE',''
  ) );
#5956 = PCURVE('',#5808,#5957);
#5957 = DEFINITIONAL_REPRESENTATION('',(#5958),#5962);
#5958 = LINE('',#5959,#5960);
#5959 = CARTESIAN_POINT('',(312.388,0.));
#5960 = VECTOR('',#5961,1.);
#5961 = DIRECTION('',(0.,-1.));
#5962 = ( GEOMETRIC_REPRESENTATION_CONTEXT(2) 
PARAMETRIC_REPRESENTATION_CONTEXT() REPRESENTATION_CONTEXT('2D SPACE',''
  ) );
#5963 = ORIENTED_EDGE('',*,*,#5820,.T.);
#5964 = ORIENTED_EDGE('',*,*,#1512,.F.);
#5965 = ORIENTED_EDGE('',*,*,#5896,.F.);
#5966 = ADVANCED_FACE('',(#5967),#1579,.F.);
#5967 = FACE_BOUND('',#5968,.F.);
#5968 = EDGE_LOOP('',(#5969,#5970,#5971,#5992));
#5969 = ORIENTED_EDGE('',*,*,#1563,.T.);
#5970 = ORIENTED_EDGE('',*,*,#5723,.T.);
#5971 = ORIENTED_EDGE('',*,*,#5972,.F.);
#5972 = EDGE_CURVE('',#5178,#5724,#5973,.T.);
#5973 = SURFACE_CURVE('',#5974,(#5978,#5985),.PCURVE_S1.);
#5974 = LINE('',#5975,#5976);
#5975 = CARTESIAN_POINT('',(176.194,15.4704,134.238));
#5976 = VECTOR('',#5977,1.);
#5977 = DIRECTION('',(0.,0.,-1.));
#5978 = PCURVE('',#1579,#5979);
#5979 = DEFINITIONAL_REPRESENTATION('',(#5980),#5984);
#5980 = LINE('',#5981,#5982);
#5981 = CARTESIAN_POINT('',(209.5296,0.));
#5982 = VECTOR('',#5983,1.);
#5983 = DIRECTION('',(0.,-1.));
#5984 = ( GEOMETRIC_REPRESENTATION_CONTEXT(2) 
PARAMETRIC_REPRESENTATION_CONTEXT() REPRESENTATION_CONTEXT('2D SPACE',''
  ) );
#5985 = PCURVE('',#5193,#5986);
#5986 = DEFINITIONAL_REPRESENTATION('',(#5987),#5991);
#5987 = LINE('',#5988,#5989);
#5988 = CARTESIAN_POINT('',(0.,0.));
#5989 = VECTOR('',#5990,1.);
#5990 = DIRECTION('',(0.,-1.));
#5991 = ( GEOMETRIC_REPRESENTATION_CONTEXT(2) 
PARAMETRIC_REPRESENTATION_CONTEXT() REPRESENTATION_CONTEXT('2D SPACE',''
  ) );
#5992 = ORIENTED_EDGE('',*,*,#5205,.F.);
#5993 = ADVANCED_FACE('',(#5994),#1686,.F.);
#5994 = FACE_BOUND('',#5995,.F.);
#5995 = EDGE_LOOP('',(#5996,#5997,#5998,#5999));
#5996 = ORIENTED_EDGE('',*,*,#1672,.F.);
#5997 = ORIENTED_EDGE('',*,*,#4278,.T.);
#5998 = ORIENTED_EDGE('',*,*,#4763,.T.);
#5999 = ORIENTED_EDGE('',*,*,#5013,.F.);
#6000 = ADVANCED_FACE('',(#6001,#6039),#1740,.T.);
#6001 = FACE_BOUND('',#6002,.T.);
#6002 = EDGE_LOOP('',(#6003));
#6003 = ORIENTED_EDGE('',*,*,#6004,.F.);
#6004 = EDGE_CURVE('',#6005,#6005,#6007,.T.);
#6005 = VERTEX_POINT('',#6006);
#6006 = CARTESIAN_POINT('',(-217.51745,0.2528,134.238));
#6007 = SURFACE_CURVE('',#6008,(#6013,#6024),.PCURVE_S1.);
#6008 = ELLIPSE('',#6009,162.40875,144.03615);
#6009 = AXIS2_PLACEMENT_3D('',#6010,#6011,#6012);
#6010 = CARTESIAN_POINT('',(-379.9262,0.2528,134.238));
#6011 = DIRECTION('',(0.,0.,1.));
#6012 = DIRECTION('',(1.,0.,0.));
#6013 = PCURVE('',#1740,#6014);
#6014 = DEFINITIONAL_REPRESENTATION('',(#6015),#6023);
#6015 = ( BOUNDED_CURVE() B_SPLINE_CURVE(2,(#6016,#6017,#6018,#6019,
#6020,#6021,#6022),.UNSPECIFIED.,.T.,.F.) B_SPLINE_CURVE_WITH_KNOTS((1,2
    ,2,2,2,1),(-2.094395102393,0.,2.094395102393,4.188790204786,
6.28318530718,8.377580409573),.UNSPECIFIED.) CURVE() 
GEOMETRIC_REPRESENTATION_ITEM() RATIONAL_B_SPLINE_CURVE((1.,0.5,1.,0.5,
1.,0.5,1.)) REPRESENTATION_ITEM('') );
#6016 = CARTESIAN_POINT('',(217.51745,10.2528));
#6017 = CARTESIAN_POINT('',(217.51745,259.73072992661));
#6018 = CARTESIAN_POINT('',(461.130575,134.9917649633));
#6019 = CARTESIAN_POINT('',(704.7437,10.2528));
#6020 = CARTESIAN_POINT('',(461.130575,-114.4861649633));
#6021 = CARTESIAN_POINT('',(217.51745,-239.2251299266));
#6022 = CARTESIAN_POINT('',(217.51745,10.2528));
#6023 = ( GEOMETRIC_REPRESENTATION_CONTEXT(2) 
PARAMETRIC_REPRESENTATION_CONTEXT() REPRESENTATION_CONTEXT('2D SPACE',''
  ) );
#6024 = PCURVE('',#6025,#6033);
#6025 = SURFACE_OF_LINEAR_EXTRUSION('',#6026,#6031);
#6026 = ELLIPSE('',#6027,162.40875,144.03615);
#6027 = AXIS2_PLACEMENT_3D('',#6028,#6029,#6030);
#6028 = CARTESIAN_POINT('',(-379.9262,0.2528,134.238));
#6029 = DIRECTION('',(0.,0.,1.));
#6030 = DIRECTION('',(1.,0.,0.));
#6031 = VECTOR('',#6032,1.);
#6032 = DIRECTION('',(0.,0.,1.));
#6033 = DEFINITIONAL_REPRESENTATION('',(#6034),#6038);
#6034 = LINE('',#6035,#6036);
#6035 = CARTESIAN_POINT('',(0.,0.));
#6036 = VECTOR('',#6037,1.);
#6037 = DIRECTION('',(1.,0.));
#6038 = ( GEOMETRIC_REPRESENTATION_CONTEXT(2) 
PARAMETRIC_REPRESENTATION_CONTEXT() REPRESENTATION_CONTEXT('2D SPACE',''
  ) );
#6039 = FACE_BOUND('',#6040,.T.);
#6040 = EDGE_LOOP('',(#6041,#6042,#6043,#6044,#6045,#6046,#6047,#6048,
    #6049,#6050,#6051,#6052));
#6041 = ORIENTED_EDGE('',*,*,#1778,.F.);
#6042 = ORIENTED_EDGE('',*,*,#1724,.F.);
#6043 = ORIENTED_EDGE('',*,*,#2268,.F.);
#6044 = ORIENTED_EDGE('',*,*,#2219,.F.);
#6045 = ORIENTED_EDGE('',*,*,#2170,.F.);
#6046 = ORIENTED_EDGE('',*,*,#2121,.F.);
#6047 = ORIENTED_EDGE('',*,*,#2072,.F.);
#6048 = ORIENTED_EDGE('',*,*,#2023,.F.);
#6049 = ORIENTED_EDGE('',*,*,#1974,.F.);
#6050 = ORIENTED_EDGE('',*,*,#1925,.F.);
#6051 = ORIENTED_EDGE('',*,*,#1876,.F.);
#6052 = ORIENTED_EDGE('',*,*,#1827,.F.);
#6053 = ADVANCED_FACE('',(#6054),#2336,.F.);
#6054 = FACE_BOUND('',#6055,.F.);
#6055 = EDGE_LOOP('',(#6056,#6079,#6080,#6081,#6104,#6128));
#6056 = ORIENTED_EDGE('',*,*,#6057,.F.);
#6057 = EDGE_CURVE('',#2320,#6058,#6060,.T.);
#6058 = VERTEX_POINT('',#6059);
#6059 = CARTESIAN_POINT('',(439.14879783099,-74.894,134.237992287));
#6060 = SURFACE_CURVE('',#6061,(#6065,#6072),.PCURVE_S1.);
#6061 = LINE('',#6062,#6063);
#6062 = CARTESIAN_POINT('',(319.8272,-74.894,134.237992287));
#6063 = VECTOR('',#6064,1.);
#6064 = DIRECTION('',(1.,0.,0.));
#6065 = PCURVE('',#2336,#6066);
#6066 = DEFINITIONAL_REPRESENTATION('',(#6067),#6071);
#6067 = LINE('',#6068,#6069);
#6068 = CARTESIAN_POINT('',(-60.1608,-75.));
#6069 = VECTOR('',#6070,1.);
#6070 = DIRECTION('',(1.,0.));
#6071 = ( GEOMETRIC_REPRESENTATION_CONTEXT(2) 
PARAMETRIC_REPRESENTATION_CONTEXT() REPRESENTATION_CONTEXT('2D SPACE',''
  ) );
#6072 = PCURVE('',#2363,#6073);
#6073 = DEFINITIONAL_REPRESENTATION('',(#6074),#6078);
#6074 = LINE('',#6075,#6076);
#6075 = CARTESIAN_POINT('',(-70.1608,-74.737992287));
#6076 = VECTOR('',#6077,1.);
#6077 = DIRECTION('',(1.,0.));
#6078 = ( GEOMETRIC_REPRESENTATION_CONTEXT(2) 
PARAMETRIC_REPRESENTATION_CONTEXT() REPRESENTATION_CONTEXT('2D SPACE',''
  ) );
#6079 = ORIENTED_EDGE('',*,*,#2319,.F.);
#6080 = ORIENTED_EDGE('',*,*,#2759,.F.);
#6081 = ORIENTED_EDGE('',*,*,#6082,.F.);
#6082 = EDGE_CURVE('',#6083,#2734,#6085,.T.);
#6083 = VERTEX_POINT('',#6084);
#6084 = CARTESIAN_POINT('',(439.14879783099,-94.894,134.237992287));
#6085 = SURFACE_CURVE('',#6086,(#6090,#6097),.PCURVE_S1.);
#6086 = LINE('',#6087,#6088);
#6087 = CARTESIAN_POINT('',(440.1488,-94.894,134.237992287));
#6088 = VECTOR('',#6089,1.);
#6089 = DIRECTION('',(-1.,0.,0.));
#6090 = PCURVE('',#2336,#6091);
#6091 = DEFINITIONAL_REPRESENTATION('',(#6092),#6096);
#6092 = LINE('',#6093,#6094);
#6093 = CARTESIAN_POINT('',(60.1608,-95.));
#6094 = VECTOR('',#6095,1.);
#6095 = DIRECTION('',(-1.,0.));
#6096 = ( GEOMETRIC_REPRESENTATION_CONTEXT(2) 
PARAMETRIC_REPRESENTATION_CONTEXT() REPRESENTATION_CONTEXT('2D SPACE',''
  ) );
#6097 = PCURVE('',#2748,#6098);
#6098 = DEFINITIONAL_REPRESENTATION('',(#6099),#6103);
#6099 = LINE('',#6100,#6101);
#6100 = CARTESIAN_POINT('',(0.,-74.737992287));
#6101 = VECTOR('',#6102,1.);
#6102 = DIRECTION('',(1.,0.));
#6103 = ( GEOMETRIC_REPRESENTATION_CONTEXT(2) 
PARAMETRIC_REPRESENTATION_CONTEXT() REPRESENTATION_CONTEXT('2D SPACE',''
  ) );
#6104 = ORIENTED_EDGE('',*,*,#6105,.T.);
#6105 = EDGE_CURVE('',#6083,#6106,#6108,.T.);
#6106 = VERTEX_POINT('',#6107);
#6107 = CARTESIAN_POINT('',(439.988,-84.894,134.237992287));
#6108 = SURFACE_CURVE('',#6109,(#6114,#6121),.PCURVE_S1.);
#6109 = CIRCLE('',#6110,60.);
#6110 = AXIS2_PLACEMENT_3D('',#6111,#6112,#6113);
#6111 = CARTESIAN_POINT('',(379.988,-84.894,134.237992287));
#6112 = DIRECTION('',(0.,0.,1.));
#6113 = DIRECTION('',(1.,0.,-0.));
#6114 = PCURVE('',#2336,#6115);
#6115 = DEFINITIONAL_REPRESENTATION('',(#6116),#6120);
#6116 = CIRCLE('',#6117,60.);
#6117 = AXIS2_PLACEMENT_2D('',#6118,#6119);
#6118 = CARTESIAN_POINT('',(0.,-85.));
#6119 = DIRECTION('',(1.,0.));
#6120 = ( GEOMETRIC_REPRESENTATION_CONTEXT(2) 
PARAMETRIC_REPRESENTATION_CONTEXT() REPRESENTATION_CONTEXT('2D SPACE',''
  ) );
#6121 = PCURVE('',#5411,#6122);
#6122 = DEFINITIONAL_REPRESENTATION('',(#6123),#6127);
#6123 = LINE('',#6124,#6125);
#6124 = CARTESIAN_POINT('',(0.,-30.000007713));
#6125 = VECTOR('',#6126,1.);
#6126 = DIRECTION('',(1.,0.));
#6127 = ( GEOMETRIC_REPRESENTATION_CONTEXT(2) 
PARAMETRIC_REPRESENTATION_CONTEXT() REPRESENTATION_CONTEXT('2D SPACE',''
  ) );
#6128 = ORIENTED_EDGE('',*,*,#6129,.T.);
#6129 = EDGE_CURVE('',#6106,#6058,#6130,.T.);
#6130 = SURFACE_CURVE('',#6131,(#6136,#6143),.PCURVE_S1.);
#6131 = CIRCLE('',#6132,60.);
#6132 = AXIS2_PLACEMENT_3D('',#6133,#6134,#6135);
#6133 = CARTESIAN_POINT('',(379.988,-84.894,134.237992287));
#6134 = DIRECTION('',(0.,0.,1.));
#6135 = DIRECTION('',(1.,0.,-0.));
#6136 = PCURVE('',#2336,#6137);
#6137 = DEFINITIONAL_REPRESENTATION('',(#6138),#6142);
#6138 = CIRCLE('',#6139,60.);
#6139 = AXIS2_PLACEMENT_2D('',#6140,#6141);
#6140 = CARTESIAN_POINT('',(0.,-85.));
#6141 = DIRECTION('',(1.,0.));
#6142 = ( GEOMETRIC_REPRESENTATION_CONTEXT(2) 
PARAMETRIC_REPRESENTATION_CONTEXT() REPRESENTATION_CONTEXT('2D SPACE',''
  ) );
#6143 = PCURVE('',#5411,#6144);
#6144 = DEFINITIONAL_REPRESENTATION('',(#6145),#6149);
#6145 = LINE('',#6146,#6147);
#6146 = CARTESIAN_POINT('',(0.,-30.000007713));
#6147 = VECTOR('',#6148,1.);
#6148 = DIRECTION('',(1.,0.));
#6149 = ( GEOMETRIC_REPRESENTATION_CONTEXT(2) 
PARAMETRIC_REPRESENTATION_CONTEXT() REPRESENTATION_CONTEXT('2D SPACE',''
  ) );
#6150 = ADVANCED_FACE('',(#6151),#2748,.F.);
#6151 = FACE_BOUND('',#6152,.F.);
#6152 = EDGE_LOOP('',(#6153,#6174,#6175,#6176));
#6153 = ORIENTED_EDGE('',*,*,#6154,.T.);
#6154 = EDGE_CURVE('',#6155,#6083,#6157,.T.);
#6155 = VERTEX_POINT('',#6156);
#6156 = CARTESIAN_POINT('',(439.14879783099,-94.894,59.500007713));
#6157 = SURFACE_CURVE('',#6158,(#6162,#6168),.PCURVE_S1.);
#6158 = LINE('',#6159,#6160);
#6159 = CARTESIAN_POINT('',(439.14879783099,-94.894,164.238));
#6160 = VECTOR('',#6161,1.);
#6161 = DIRECTION('',(0.,0.,1.));
#6162 = PCURVE('',#2748,#6163);
#6163 = DEFINITIONAL_REPRESENTATION('',(#6164),#6167);
#6164 = B_SPLINE_CURVE_WITH_KNOTS('',1,(#6165,#6166),.UNSPECIFIED.,.F.,
  .F.,(2,2),(-104.737992887,-29.9999994),.PIECEWISE_BEZIER_KNOTS.);
#6165 = CARTESIAN_POINT('',(1.000002169004,-7.112999995229E-06));
#6166 = CARTESIAN_POINT('',(1.000002169004,-74.7380006));
#6167 = ( GEOMETRIC_REPRESENTATION_CONTEXT(2) 
PARAMETRIC_REPRESENTATION_CONTEXT() REPRESENTATION_CONTEXT('2D SPACE',''
  ) );
#6168 = PCURVE('',#5411,#6169);
#6169 = DEFINITIONAL_REPRESENTATION('',(#6170),#6173);
#6170 = B_SPLINE_CURVE_WITH_KNOTS('',1,(#6171,#6172),.UNSPECIFIED.,.F.,
  .F.,(2,2),(-104.737992887,-29.9999994),.PIECEWISE_BEZIER_KNOTS.);
#6171 = CARTESIAN_POINT('',(6.11573722796,-104.737992887));
#6172 = CARTESIAN_POINT('',(6.11573722796,-29.9999994));
#6173 = ( GEOMETRIC_REPRESENTATION_CONTEXT(2) 
PARAMETRIC_REPRESENTATION_CONTEXT() REPRESENTATION_CONTEXT('2D SPACE',''
  ) );
#6174 = ORIENTED_EDGE('',*,*,#6082,.T.);
#6175 = ORIENTED_EDGE('',*,*,#2733,.F.);
#6176 = ORIENTED_EDGE('',*,*,#6177,.T.);
#6177 = EDGE_CURVE('',#2705,#6155,#6178,.T.);
#6178 = SURFACE_CURVE('',#6179,(#6183,#6189),.PCURVE_S1.);
#6179 = LINE('',#6180,#6181);
#6180 = CARTESIAN_POINT('',(410.0684,-94.894,59.500007713));
#6181 = VECTOR('',#6182,1.);
#6182 = DIRECTION('',(1.,0.,-0.));
#6183 = PCURVE('',#2748,#6184);
#6184 = DEFINITIONAL_REPRESENTATION('',(#6185),#6188);
#6185 = B_SPLINE_CURVE_WITH_KNOTS('',1,(#6186,#6187),.UNSPECIFIED.,.F.,
  .F.,(2,2),(-20.0804,29.9196),.PIECEWISE_BEZIER_KNOTS.);
#6186 = CARTESIAN_POINT('',(50.1608,-7.713000002241E-06));
#6187 = CARTESIAN_POINT('',(0.1608,-7.713000002241E-06));
#6188 = ( GEOMETRIC_REPRESENTATION_CONTEXT(2) 
PARAMETRIC_REPRESENTATION_CONTEXT() REPRESENTATION_CONTEXT('2D SPACE',''
  ) );
#6189 = PCURVE('',#2721,#6190);
#6190 = DEFINITIONAL_REPRESENTATION('',(#6191),#6194);
#6191 = B_SPLINE_CURVE_WITH_KNOTS('',1,(#6192,#6193),.UNSPECIFIED.,.F.,
  .F.,(2,2),(-20.0804,29.9196),.PIECEWISE_BEZIER_KNOTS.);
#6192 = CARTESIAN_POINT('',(10.,-10.));
#6193 = CARTESIAN_POINT('',(60.,-10.));
#6194 = ( GEOMETRIC_REPRESENTATION_CONTEXT(2) 
PARAMETRIC_REPRESENTATION_CONTEXT() REPRESENTATION_CONTEXT('2D SPACE',''
  ) );
#6195 = ADVANCED_FACE('',(#6196),#2721,.F.);
#6196 = FACE_BOUND('',#6197,.F.);
#6197 = EDGE_LOOP('',(#6198,#6222,#6223,#6224));
#6198 = ORIENTED_EDGE('',*,*,#6199,.T.);
#6199 = EDGE_CURVE('',#6200,#6155,#6202,.T.);
#6200 = VERTEX_POINT('',#6201);
#6201 = CARTESIAN_POINT('',(389.988,-144.0547978309,59.500007713));
#6202 = SURFACE_CURVE('',#6203,(#6208,#6215),.PCURVE_S1.);
#6203 = CIRCLE('',#6204,60.);
#6204 = AXIS2_PLACEMENT_3D('',#6205,#6206,#6207);
#6205 = CARTESIAN_POINT('',(379.988,-84.894,59.500007713));
#6206 = DIRECTION('',(0.,0.,1.));
#6207 = DIRECTION('',(1.,0.,0.));
#6208 = PCURVE('',#2721,#6209);
#6209 = DEFINITIONAL_REPRESENTATION('',(#6210),#6214);
#6210 = CIRCLE('',#6211,60.);
#6211 = AXIS2_PLACEMENT_2D('',#6212,#6213);
#6212 = CARTESIAN_POINT('',(4.375808424126E-15,-4.679120177894E-16));
#6213 = DIRECTION('',(1.,0.));
#6214 = ( GEOMETRIC_REPRESENTATION_CONTEXT(2) 
PARAMETRIC_REPRESENTATION_CONTEXT() REPRESENTATION_CONTEXT('2D SPACE',''
  ) );
#6215 = PCURVE('',#5411,#6216);
#6216 = DEFINITIONAL_REPRESENTATION('',(#6217),#6221);
#6217 = LINE('',#6218,#6219);
#6218 = CARTESIAN_POINT('',(0.,-104.737992287));
#6219 = VECTOR('',#6220,1.);
#6220 = DIRECTION('',(1.,0.));
#6221 = ( GEOMETRIC_REPRESENTATION_CONTEXT(2) 
PARAMETRIC_REPRESENTATION_CONTEXT() REPRESENTATION_CONTEXT('2D SPACE',''
  ) );
#6222 = ORIENTED_EDGE('',*,*,#6177,.F.);
#6223 = ORIENTED_EDGE('',*,*,#2704,.F.);
#6224 = ORIENTED_EDGE('',*,*,#6225,.T.);
#6225 = EDGE_CURVE('',#2679,#6200,#6226,.T.);
#6226 = SURFACE_CURVE('',#6227,(#6231,#6237),.PCURVE_S1.);
#6227 = LINE('',#6228,#6229);
#6228 = CARTESIAN_POINT('',(389.988,-114.9744,59.500007713));
#6229 = VECTOR('',#6230,1.);
#6230 = DIRECTION('',(0.,-1.,0.));
#6231 = PCURVE('',#2721,#6232);
#6232 = DEFINITIONAL_REPRESENTATION('',(#6233),#6236);
#6233 = B_SPLINE_CURVE_WITH_KNOTS('',1,(#6234,#6235),.UNSPECIFIED.,.F.,
  .F.,(2,2),(-20.0804,29.9196),.PIECEWISE_BEZIER_KNOTS.);
#6234 = CARTESIAN_POINT('',(10.,-10.));
#6235 = CARTESIAN_POINT('',(10.,-60.));
#6236 = ( GEOMETRIC_REPRESENTATION_CONTEXT(2) 
PARAMETRIC_REPRESENTATION_CONTEXT() REPRESENTATION_CONTEXT('2D SPACE',''
  ) );
#6237 = PCURVE('',#2693,#6238);
#6238 = DEFINITIONAL_REPRESENTATION('',(#6239),#6242);
#6239 = B_SPLINE_CURVE_WITH_KNOTS('',1,(#6240,#6241),.UNSPECIFIED.,.F.,
  .F.,(2,2),(-20.0804,29.9196),.PIECEWISE_BEZIER_KNOTS.);
#6240 = CARTESIAN_POINT('',(50.1608,-7.713000002241E-06));
#6241 = CARTESIAN_POINT('',(0.1608,-7.713000002241E-06));
#6242 = ( GEOMETRIC_REPRESENTATION_CONTEXT(2) 
PARAMETRIC_REPRESENTATION_CONTEXT() REPRESENTATION_CONTEXT('2D SPACE',''
  ) );
#6243 = ADVANCED_FACE('',(#6244),#2693,.T.);
#6244 = FACE_BOUND('',#6245,.T.);
#6245 = EDGE_LOOP('',(#6246,#6267,#6288,#6289));
#6246 = ORIENTED_EDGE('',*,*,#6247,.T.);
#6247 = EDGE_CURVE('',#6200,#6248,#6250,.T.);
#6248 = VERTEX_POINT('',#6249);
#6249 = CARTESIAN_POINT('',(389.988,-144.0547978309,134.237992287));
#6250 = SURFACE_CURVE('',#6251,(#6255,#6261),.PCURVE_S1.);
#6251 = LINE('',#6252,#6253);
#6252 = CARTESIAN_POINT('',(389.988,-144.0547978309,164.238));
#6253 = VECTOR('',#6254,1.);
#6254 = DIRECTION('',(0.,0.,1.));
#6255 = PCURVE('',#2693,#6256);
#6256 = DEFINITIONAL_REPRESENTATION('',(#6257),#6260);
#6257 = B_SPLINE_CURVE_WITH_KNOTS('',1,(#6258,#6259),.UNSPECIFIED.,.F.,
  .F.,(2,2),(-104.737992887,-29.9999994),.PIECEWISE_BEZIER_KNOTS.);
#6258 = CARTESIAN_POINT('',(1.000002169004,-7.112999995229E-06));
#6259 = CARTESIAN_POINT('',(1.000002169004,-74.7380006));
#6260 = ( GEOMETRIC_REPRESENTATION_CONTEXT(2) 
PARAMETRIC_REPRESENTATION_CONTEXT() REPRESENTATION_CONTEXT('2D SPACE',''
  ) );
#6261 = PCURVE('',#5411,#6262);
#6262 = DEFINITIONAL_REPRESENTATION('',(#6263),#6266);
#6263 = B_SPLINE_CURVE_WITH_KNOTS('',1,(#6264,#6265),.UNSPECIFIED.,.F.,
  .F.,(2,2),(-104.737992887,-29.9999994),.PIECEWISE_BEZIER_KNOTS.);
#6264 = CARTESIAN_POINT('',(4.879837059604,-104.737992887));
#6265 = CARTESIAN_POINT('',(4.879837059604,-29.9999994));
#6266 = ( GEOMETRIC_REPRESENTATION_CONTEXT(2) 
PARAMETRIC_REPRESENTATION_CONTEXT() REPRESENTATION_CONTEXT('2D SPACE',''
  ) );
#6267 = ORIENTED_EDGE('',*,*,#6268,.T.);
#6268 = EDGE_CURVE('',#6248,#2650,#6269,.T.);
#6269 = SURFACE_CURVE('',#6270,(#6274,#6281),.PCURVE_S1.);
#6270 = LINE('',#6271,#6272);
#6271 = CARTESIAN_POINT('',(389.988,-145.0548,134.237992287));
#6272 = VECTOR('',#6273,1.);
#6273 = DIRECTION('',(0.,1.,0.));
#6274 = PCURVE('',#2693,#6275);
#6275 = DEFINITIONAL_REPRESENTATION('',(#6276),#6280);
#6276 = LINE('',#6277,#6278);
#6277 = CARTESIAN_POINT('',(0.,-74.737992287));
#6278 = VECTOR('',#6279,1.);
#6279 = DIRECTION('',(1.,0.));
#6280 = ( GEOMETRIC_REPRESENTATION_CONTEXT(2) 
PARAMETRIC_REPRESENTATION_CONTEXT() REPRESENTATION_CONTEXT('2D SPACE',''
  ) );
#6281 = PCURVE('',#2666,#6282);
#6282 = DEFINITIONAL_REPRESENTATION('',(#6283),#6287);
#6283 = LINE('',#6284,#6285);
#6284 = CARTESIAN_POINT('',(10.,-145.1608));
#6285 = VECTOR('',#6286,1.);
#6286 = DIRECTION('',(0.,1.));
#6287 = ( GEOMETRIC_REPRESENTATION_CONTEXT(2) 
PARAMETRIC_REPRESENTATION_CONTEXT() REPRESENTATION_CONTEXT('2D SPACE',''
  ) );
#6288 = ORIENTED_EDGE('',*,*,#2678,.F.);
#6289 = ORIENTED_EDGE('',*,*,#6225,.T.);
#6290 = ADVANCED_FACE('',(#6291),#2666,.F.);
#6291 = FACE_BOUND('',#6292,.F.);
#6292 = EDGE_LOOP('',(#6293,#6294,#6295,#6318));
#6293 = ORIENTED_EDGE('',*,*,#6268,.T.);
#6294 = ORIENTED_EDGE('',*,*,#2649,.F.);
#6295 = ORIENTED_EDGE('',*,*,#6296,.T.);
#6296 = EDGE_CURVE('',#2624,#6297,#6299,.T.);
#6297 = VERTEX_POINT('',#6298);
#6298 = CARTESIAN_POINT('',(369.988,-144.0547978309,134.237992287));
#6299 = SURFACE_CURVE('',#6300,(#6304,#6311),.PCURVE_S1.);
#6300 = LINE('',#6301,#6302);
#6301 = CARTESIAN_POINT('',(369.988,145.2668,134.237992287));
#6302 = VECTOR('',#6303,1.);
#6303 = DIRECTION('',(0.,-1.,0.));
#6304 = PCURVE('',#2666,#6305);
#6305 = DEFINITIONAL_REPRESENTATION('',(#6306),#6310);
#6306 = LINE('',#6307,#6308);
#6307 = CARTESIAN_POINT('',(-10.,145.1608));
#6308 = VECTOR('',#6309,1.);
#6309 = DIRECTION('',(0.,-1.));
#6310 = ( GEOMETRIC_REPRESENTATION_CONTEXT(2) 
PARAMETRIC_REPRESENTATION_CONTEXT() REPRESENTATION_CONTEXT('2D SPACE',''
  ) );
#6311 = PCURVE('',#2638,#6312);
#6312 = DEFINITIONAL_REPRESENTATION('',(#6313),#6317);
#6313 = LINE('',#6314,#6315);
#6314 = CARTESIAN_POINT('',(-240.1608,-74.737992287));
#6315 = VECTOR('',#6316,1.);
#6316 = DIRECTION('',(1.,0.));
#6317 = ( GEOMETRIC_REPRESENTATION_CONTEXT(2) 
PARAMETRIC_REPRESENTATION_CONTEXT() REPRESENTATION_CONTEXT('2D SPACE',''
  ) );
#6318 = ORIENTED_EDGE('',*,*,#6319,.T.);
#6319 = EDGE_CURVE('',#6297,#6248,#6320,.T.);
#6320 = SURFACE_CURVE('',#6321,(#6326,#6333),.PCURVE_S1.);
#6321 = CIRCLE('',#6322,60.);
#6322 = AXIS2_PLACEMENT_3D('',#6323,#6324,#6325);
#6323 = CARTESIAN_POINT('',(379.988,-84.894,134.237992287));
#6324 = DIRECTION('',(0.,0.,1.));
#6325 = DIRECTION('',(1.,0.,-0.));
#6326 = PCURVE('',#2666,#6327);
#6327 = DEFINITIONAL_REPRESENTATION('',(#6328),#6332);
#6328 = CIRCLE('',#6329,60.);
#6329 = AXIS2_PLACEMENT_2D('',#6330,#6331);
#6330 = CARTESIAN_POINT('',(0.,-85.));
#6331 = DIRECTION('',(1.,0.));
#6332 = ( GEOMETRIC_REPRESENTATION_CONTEXT(2) 
PARAMETRIC_REPRESENTATION_CONTEXT() REPRESENTATION_CONTEXT('2D SPACE',''
  ) );
#6333 = PCURVE('',#5411,#6334);
#6334 = DEFINITIONAL_REPRESENTATION('',(#6335),#6339);
#6335 = LINE('',#6336,#6337);
#6336 = CARTESIAN_POINT('',(0.,-30.000007713));
#6337 = VECTOR('',#6338,1.);
#6338 = DIRECTION('',(1.,0.));
#6339 = ( GEOMETRIC_REPRESENTATION_CONTEXT(2) 
PARAMETRIC_REPRESENTATION_CONTEXT() REPRESENTATION_CONTEXT('2D SPACE',''
  ) );
#6340 = ADVANCED_FACE('',(#6341),#2638,.T.);
#6341 = FACE_BOUND('',#6342,.T.);
#6342 = EDGE_LOOP('',(#6343,#6344,#6345,#6366));
#6343 = ORIENTED_EDGE('',*,*,#2623,.T.);
#6344 = ORIENTED_EDGE('',*,*,#6296,.T.);
#6345 = ORIENTED_EDGE('',*,*,#6346,.F.);
#6346 = EDGE_CURVE('',#6347,#6297,#6349,.T.);
#6347 = VERTEX_POINT('',#6348);
#6348 = CARTESIAN_POINT('',(369.988,-144.0547978309,59.500007713));
#6349 = SURFACE_CURVE('',#6350,(#6354,#6360),.PCURVE_S1.);
#6350 = LINE('',#6351,#6352);
#6351 = CARTESIAN_POINT('',(369.988,-144.0547978309,164.238));
#6352 = VECTOR('',#6353,1.);
#6353 = DIRECTION('',(0.,0.,1.));
#6354 = PCURVE('',#2638,#6355);
#6355 = DEFINITIONAL_REPRESENTATION('',(#6356),#6359);
#6356 = B_SPLINE_CURVE_WITH_KNOTS('',1,(#6357,#6358),.UNSPECIFIED.,.F.,
  .F.,(2,2),(-104.737992887,-29.9999994),.PIECEWISE_BEZIER_KNOTS.);
#6357 = CARTESIAN_POINT('',(49.160797830996,-7.112999995229E-06));
#6358 = CARTESIAN_POINT('',(49.160797830996,-74.7380006));
#6359 = ( GEOMETRIC_REPRESENTATION_CONTEXT(2) 
PARAMETRIC_REPRESENTATION_CONTEXT() REPRESENTATION_CONTEXT('2D SPACE',''
  ) );
#6360 = PCURVE('',#5411,#6361);
#6361 = DEFINITIONAL_REPRESENTATION('',(#6362),#6365);
#6362 = B_SPLINE_CURVE_WITH_KNOTS('',1,(#6363,#6364),.UNSPECIFIED.,.F.,
  .F.,(2,2),(-104.737992887,-29.9999994),.PIECEWISE_BEZIER_KNOTS.);
#6363 = CARTESIAN_POINT('',(4.544940901165,-104.737992887));
#6364 = CARTESIAN_POINT('',(4.544940901165,-29.9999994));
#6365 = ( GEOMETRIC_REPRESENTATION_CONTEXT(2) 
PARAMETRIC_REPRESENTATION_CONTEXT() REPRESENTATION_CONTEXT('2D SPACE',''
  ) );
#6366 = ORIENTED_EDGE('',*,*,#6367,.T.);
#6367 = EDGE_CURVE('',#6347,#2595,#6368,.T.);
#6368 = SURFACE_CURVE('',#6369,(#6373,#6379),.PCURVE_S1.);
#6369 = LINE('',#6370,#6371);
#6370 = CARTESIAN_POINT('',(369.988,-89.894,59.500007713));
#6371 = VECTOR('',#6372,1.);
#6372 = DIRECTION('',(-0.,1.,0.));
#6373 = PCURVE('',#2638,#6374);
#6374 = DEFINITIONAL_REPRESENTATION('',(#6375),#6378);
#6375 = B_SPLINE_CURVE_WITH_KNOTS('',1,(#6376,#6377),.UNSPECIFIED.,.F.,
  .F.,(2,2),(-55.,-5.),.PIECEWISE_BEZIER_KNOTS.);
#6376 = CARTESIAN_POINT('',(50.,-7.713000002241E-06));
#6377 = CARTESIAN_POINT('',(0.,-7.713000002241E-06));
#6378 = ( GEOMETRIC_REPRESENTATION_CONTEXT(2) 
PARAMETRIC_REPRESENTATION_CONTEXT() REPRESENTATION_CONTEXT('2D SPACE',''
  ) );
#6379 = PCURVE('',#2611,#6380);
#6380 = DEFINITIONAL_REPRESENTATION('',(#6381),#6384);
#6381 = B_SPLINE_CURVE_WITH_KNOTS('',1,(#6382,#6383),.UNSPECIFIED.,.F.,
  .F.,(2,2),(-55.,-5.),.PIECEWISE_BEZIER_KNOTS.);
#6382 = CARTESIAN_POINT('',(-10.,-60.));
#6383 = CARTESIAN_POINT('',(-10.,-10.));
#6384 = ( GEOMETRIC_REPRESENTATION_CONTEXT(2) 
PARAMETRIC_REPRESENTATION_CONTEXT() REPRESENTATION_CONTEXT('2D SPACE',''
  ) );
#6385 = ADVANCED_FACE('',(#6386),#2611,.F.);
#6386 = FACE_BOUND('',#6387,.F.);
#6387 = EDGE_LOOP('',(#6388,#6412,#6413,#6414));
#6388 = ORIENTED_EDGE('',*,*,#6389,.T.);
#6389 = EDGE_CURVE('',#6390,#6347,#6392,.T.);
#6390 = VERTEX_POINT('',#6391);
#6391 = CARTESIAN_POINT('',(320.827202169,-94.894,59.500007713));
#6392 = SURFACE_CURVE('',#6393,(#6398,#6405),.PCURVE_S1.);
#6393 = CIRCLE('',#6394,60.);
#6394 = AXIS2_PLACEMENT_3D('',#6395,#6396,#6397);
#6395 = CARTESIAN_POINT('',(379.988,-84.894,59.500007713));
#6396 = DIRECTION('',(0.,0.,1.));
#6397 = DIRECTION('',(1.,0.,0.));
#6398 = PCURVE('',#2611,#6399);
#6399 = DEFINITIONAL_REPRESENTATION('',(#6400),#6404);
#6400 = CIRCLE('',#6401,60.);
#6401 = AXIS2_PLACEMENT_2D('',#6402,#6403);
#6402 = CARTESIAN_POINT('',(4.375808424126E-15,-4.679120177894E-16));
#6403 = DIRECTION('',(1.,0.));
#6404 = ( GEOMETRIC_REPRESENTATION_CONTEXT(2) 
PARAMETRIC_REPRESENTATION_CONTEXT() REPRESENTATION_CONTEXT('2D SPACE',''
  ) );
#6405 = PCURVE('',#5411,#6406);
#6406 = DEFINITIONAL_REPRESENTATION('',(#6407),#6411);
#6407 = LINE('',#6408,#6409);
#6408 = CARTESIAN_POINT('',(0.,-104.737992287));
#6409 = VECTOR('',#6410,1.);
#6410 = DIRECTION('',(1.,0.));
#6411 = ( GEOMETRIC_REPRESENTATION_CONTEXT(2) 
PARAMETRIC_REPRESENTATION_CONTEXT() REPRESENTATION_CONTEXT('2D SPACE',''
  ) );
#6412 = ORIENTED_EDGE('',*,*,#6367,.T.);
#6413 = ORIENTED_EDGE('',*,*,#2594,.F.);
#6414 = ORIENTED_EDGE('',*,*,#6415,.F.);
#6415 = EDGE_CURVE('',#6390,#2569,#6416,.T.);
#6416 = SURFACE_CURVE('',#6417,(#6421,#6427),.PCURVE_S1.);
#6417 = LINE('',#6418,#6419);
#6418 = CARTESIAN_POINT('',(374.988,-94.894,59.500007713));
#6419 = VECTOR('',#6420,1.);
#6420 = DIRECTION('',(1.,0.,-0.));
#6421 = PCURVE('',#2611,#6422);
#6422 = DEFINITIONAL_REPRESENTATION('',(#6423),#6426);
#6423 = B_SPLINE_CURVE_WITH_KNOTS('',1,(#6424,#6425),.UNSPECIFIED.,.F.,
  .F.,(2,2),(-55.,-5.),.PIECEWISE_BEZIER_KNOTS.);
#6424 = CARTESIAN_POINT('',(-60.,-10.));
#6425 = CARTESIAN_POINT('',(-10.,-10.));
#6426 = ( GEOMETRIC_REPRESENTATION_CONTEXT(2) 
PARAMETRIC_REPRESENTATION_CONTEXT() REPRESENTATION_CONTEXT('2D SPACE',''
  ) );
#6427 = PCURVE('',#2583,#6428);
#6428 = DEFINITIONAL_REPRESENTATION('',(#6429),#6432);
#6429 = B_SPLINE_CURVE_WITH_KNOTS('',1,(#6430,#6431),.UNSPECIFIED.,.F.,
  .F.,(2,2),(-55.,-5.),.PIECEWISE_BEZIER_KNOTS.);
#6430 = CARTESIAN_POINT('',(50.,-7.713000002241E-06));
#6431 = CARTESIAN_POINT('',(0.,-7.713000002241E-06));
#6432 = ( GEOMETRIC_REPRESENTATION_CONTEXT(2) 
PARAMETRIC_REPRESENTATION_CONTEXT() REPRESENTATION_CONTEXT('2D SPACE',''
  ) );
#6433 = ADVANCED_FACE('',(#6434),#2583,.F.);
#6434 = FACE_BOUND('',#6435,.F.);
#6435 = EDGE_LOOP('',(#6436,#6437,#6460,#6479));
#6436 = ORIENTED_EDGE('',*,*,#2568,.T.);
#6437 = ORIENTED_EDGE('',*,*,#6438,.T.);
#6438 = EDGE_CURVE('',#2540,#6439,#6441,.T.);
#6439 = VERTEX_POINT('',#6440);
#6440 = CARTESIAN_POINT('',(320.827202169,-94.894,134.237992287));
#6441 = SURFACE_CURVE('',#6442,(#6446,#6453),.PCURVE_S1.);
#6442 = LINE('',#6443,#6444);
#6443 = CARTESIAN_POINT('',(440.1488,-94.894,134.237992287));
#6444 = VECTOR('',#6445,1.);
#6445 = DIRECTION('',(-1.,0.,0.));
#6446 = PCURVE('',#2583,#6447);
#6447 = DEFINITIONAL_REPRESENTATION('',(#6448),#6452);
#6448 = LINE('',#6449,#6450);
#6449 = CARTESIAN_POINT('',(-70.1608,-74.737992287));
#6450 = VECTOR('',#6451,1.);
#6451 = DIRECTION('',(1.,0.));
#6452 = ( GEOMETRIC_REPRESENTATION_CONTEXT(2) 
PARAMETRIC_REPRESENTATION_CONTEXT() REPRESENTATION_CONTEXT('2D SPACE',''
  ) );
#6453 = PCURVE('',#2556,#6454);
#6454 = DEFINITIONAL_REPRESENTATION('',(#6455),#6459);
#6455 = LINE('',#6456,#6457);
#6456 = CARTESIAN_POINT('',(60.1608,-95.));
#6457 = VECTOR('',#6458,1.);
#6458 = DIRECTION('',(-1.,0.));
#6459 = ( GEOMETRIC_REPRESENTATION_CONTEXT(2) 
PARAMETRIC_REPRESENTATION_CONTEXT() REPRESENTATION_CONTEXT('2D SPACE',''
  ) );
#6460 = ORIENTED_EDGE('',*,*,#6461,.F.);
#6461 = EDGE_CURVE('',#6390,#6439,#6462,.T.);
#6462 = SURFACE_CURVE('',#6463,(#6467,#6473),.PCURVE_S1.);
#6463 = LINE('',#6464,#6465);
#6464 = CARTESIAN_POINT('',(320.827202169,-94.894,164.238));
#6465 = VECTOR('',#6466,1.);
#6466 = DIRECTION('',(0.,0.,1.));
#6467 = PCURVE('',#2583,#6468);
#6468 = DEFINITIONAL_REPRESENTATION('',(#6469),#6472);
#6469 = B_SPLINE_CURVE_WITH_KNOTS('',1,(#6470,#6471),.UNSPECIFIED.,.F.,
  .F.,(2,2),(-104.737992887,-29.9999994),.PIECEWISE_BEZIER_KNOTS.);
#6470 = CARTESIAN_POINT('',(49.160797830996,-7.112999995229E-06));
#6471 = CARTESIAN_POINT('',(49.160797830996,-74.7380006));
#6472 = ( GEOMETRIC_REPRESENTATION_CONTEXT(2) 
PARAMETRIC_REPRESENTATION_CONTEXT() REPRESENTATION_CONTEXT('2D SPACE',''
  ) );
#6473 = PCURVE('',#5411,#6474);
#6474 = DEFINITIONAL_REPRESENTATION('',(#6475),#6478);
#6475 = B_SPLINE_CURVE_WITH_KNOTS('',1,(#6476,#6477),.UNSPECIFIED.,.F.,
  .F.,(2,2),(-104.737992887,-29.9999994),.PIECEWISE_BEZIER_KNOTS.);
#6476 = CARTESIAN_POINT('',(3.309040732809,-104.737992887));
#6477 = CARTESIAN_POINT('',(3.309040732809,-29.9999994));
#6478 = ( GEOMETRIC_REPRESENTATION_CONTEXT(2) 
PARAMETRIC_REPRESENTATION_CONTEXT() REPRESENTATION_CONTEXT('2D SPACE',''
  ) );
#6479 = ORIENTED_EDGE('',*,*,#6415,.T.);
#6480 = ADVANCED_FACE('',(#6481),#2556,.F.);
#6481 = FACE_BOUND('',#6482,.F.);
#6482 = EDGE_LOOP('',(#6483,#6484,#6507,#6529));
#6483 = ORIENTED_EDGE('',*,*,#2539,.F.);
#6484 = ORIENTED_EDGE('',*,*,#6485,.F.);
#6485 = EDGE_CURVE('',#6486,#2514,#6488,.T.);
#6486 = VERTEX_POINT('',#6487);
#6487 = CARTESIAN_POINT('',(320.827202169,-74.894,134.237992287));
#6488 = SURFACE_CURVE('',#6489,(#6493,#6500),.PCURVE_S1.);
#6489 = LINE('',#6490,#6491);
#6490 = CARTESIAN_POINT('',(319.8272,-74.894,134.237992287));
#6491 = VECTOR('',#6492,1.);
#6492 = DIRECTION('',(1.,0.,0.));
#6493 = PCURVE('',#2556,#6494);
#6494 = DEFINITIONAL_REPRESENTATION('',(#6495),#6499);
#6495 = LINE('',#6496,#6497);
#6496 = CARTESIAN_POINT('',(-60.1608,-75.));
#6497 = VECTOR('',#6498,1.);
#6498 = DIRECTION('',(1.,0.));
#6499 = ( GEOMETRIC_REPRESENTATION_CONTEXT(2) 
PARAMETRIC_REPRESENTATION_CONTEXT() REPRESENTATION_CONTEXT('2D SPACE',''
  ) );
#6500 = PCURVE('',#2528,#6501);
#6501 = DEFINITIONAL_REPRESENTATION('',(#6502),#6506);
#6502 = LINE('',#6503,#6504);
#6503 = CARTESIAN_POINT('',(0.,-74.737992287));
#6504 = VECTOR('',#6505,1.);
#6505 = DIRECTION('',(1.,0.));
#6506 = ( GEOMETRIC_REPRESENTATION_CONTEXT(2) 
PARAMETRIC_REPRESENTATION_CONTEXT() REPRESENTATION_CONTEXT('2D SPACE',''
  ) );
#6507 = ORIENTED_EDGE('',*,*,#6508,.T.);
#6508 = EDGE_CURVE('',#6486,#6439,#6509,.T.);
#6509 = SURFACE_CURVE('',#6510,(#6515,#6522),.PCURVE_S1.);
#6510 = CIRCLE('',#6511,60.);
#6511 = AXIS2_PLACEMENT_3D('',#6512,#6513,#6514);
#6512 = CARTESIAN_POINT('',(379.988,-84.894,134.237992287));
#6513 = DIRECTION('',(0.,0.,1.));
#6514 = DIRECTION('',(1.,0.,-0.));
#6515 = PCURVE('',#2556,#6516);
#6516 = DEFINITIONAL_REPRESENTATION('',(#6517),#6521);
#6517 = CIRCLE('',#6518,60.);
#6518 = AXIS2_PLACEMENT_2D('',#6519,#6520);
#6519 = CARTESIAN_POINT('',(0.,-85.));
#6520 = DIRECTION('',(1.,0.));
#6521 = ( GEOMETRIC_REPRESENTATION_CONTEXT(2) 
PARAMETRIC_REPRESENTATION_CONTEXT() REPRESENTATION_CONTEXT('2D SPACE',''
  ) );
#6522 = PCURVE('',#5411,#6523);
#6523 = DEFINITIONAL_REPRESENTATION('',(#6524),#6528);
#6524 = LINE('',#6525,#6526);
#6525 = CARTESIAN_POINT('',(0.,-30.000007713));
#6526 = VECTOR('',#6527,1.);
#6527 = DIRECTION('',(1.,0.));
#6528 = ( GEOMETRIC_REPRESENTATION_CONTEXT(2) 
PARAMETRIC_REPRESENTATION_CONTEXT() REPRESENTATION_CONTEXT('2D SPACE',''
  ) );
#6529 = ORIENTED_EDGE('',*,*,#6438,.F.);
#6530 = ADVANCED_FACE('',(#6531),#2528,.F.);
#6531 = FACE_BOUND('',#6532,.F.);
#6532 = EDGE_LOOP('',(#6533,#6554,#6555,#6556));
#6533 = ORIENTED_EDGE('',*,*,#6534,.T.);
#6534 = EDGE_CURVE('',#6535,#6486,#6537,.T.);
#6535 = VERTEX_POINT('',#6536);
#6536 = CARTESIAN_POINT('',(320.827202169,-74.894,59.500007713));
#6537 = SURFACE_CURVE('',#6538,(#6542,#6548),.PCURVE_S1.);
#6538 = LINE('',#6539,#6540);
#6539 = CARTESIAN_POINT('',(320.827202169,-74.894,164.238));
#6540 = VECTOR('',#6541,1.);
#6541 = DIRECTION('',(0.,0.,1.));
#6542 = PCURVE('',#2528,#6543);
#6543 = DEFINITIONAL_REPRESENTATION('',(#6544),#6547);
#6544 = B_SPLINE_CURVE_WITH_KNOTS('',1,(#6545,#6546),.UNSPECIFIED.,.F.,
  .F.,(2,2),(-104.737992887,-29.9999994),.PIECEWISE_BEZIER_KNOTS.);
#6545 = CARTESIAN_POINT('',(1.000002169004,-7.112999995229E-06));
#6546 = CARTESIAN_POINT('',(1.000002169004,-74.7380006));
#6547 = ( GEOMETRIC_REPRESENTATION_CONTEXT(2) 
PARAMETRIC_REPRESENTATION_CONTEXT() REPRESENTATION_CONTEXT('2D SPACE',''
  ) );
#6548 = PCURVE('',#5411,#6549);
#6549 = DEFINITIONAL_REPRESENTATION('',(#6550),#6553);
#6550 = B_SPLINE_CURVE_WITH_KNOTS('',1,(#6551,#6552),.UNSPECIFIED.,.F.,
  .F.,(2,2),(-104.737992887,-29.9999994),.PIECEWISE_BEZIER_KNOTS.);
#6551 = CARTESIAN_POINT('',(2.97414457437,-104.737992887));
#6552 = CARTESIAN_POINT('',(2.97414457437,-29.9999994));
#6553 = ( GEOMETRIC_REPRESENTATION_CONTEXT(2) 
PARAMETRIC_REPRESENTATION_CONTEXT() REPRESENTATION_CONTEXT('2D SPACE',''
  ) );
#6554 = ORIENTED_EDGE('',*,*,#6485,.T.);
#6555 = ORIENTED_EDGE('',*,*,#2513,.F.);
#6556 = ORIENTED_EDGE('',*,*,#6557,.T.);
#6557 = EDGE_CURVE('',#2485,#6535,#6558,.T.);
#6558 = SURFACE_CURVE('',#6559,(#6563,#6569),.PCURVE_S1.);
#6559 = LINE('',#6560,#6561);
#6560 = CARTESIAN_POINT('',(349.9076,-74.894,59.500007713));
#6561 = VECTOR('',#6562,1.);
#6562 = DIRECTION('',(-1.,0.,0.));
#6563 = PCURVE('',#2528,#6564);
#6564 = DEFINITIONAL_REPRESENTATION('',(#6565),#6568);
#6565 = B_SPLINE_CURVE_WITH_KNOTS('',1,(#6566,#6567),.UNSPECIFIED.,.F.,
  .F.,(2,2),(-20.0804,29.9196),.PIECEWISE_BEZIER_KNOTS.);
#6566 = CARTESIAN_POINT('',(50.1608,-7.713000002241E-06));
#6567 = CARTESIAN_POINT('',(0.1608,-7.713000002241E-06));
#6568 = ( GEOMETRIC_REPRESENTATION_CONTEXT(2) 
PARAMETRIC_REPRESENTATION_CONTEXT() REPRESENTATION_CONTEXT('2D SPACE',''
  ) );
#6569 = PCURVE('',#2501,#6570);
#6570 = DEFINITIONAL_REPRESENTATION('',(#6571),#6574);
#6571 = B_SPLINE_CURVE_WITH_KNOTS('',1,(#6572,#6573),.UNSPECIFIED.,.F.,
  .F.,(2,2),(-20.0804,29.9196),.PIECEWISE_BEZIER_KNOTS.);
#6572 = CARTESIAN_POINT('',(-10.,10.));
#6573 = CARTESIAN_POINT('',(-60.,10.));
#6574 = ( GEOMETRIC_REPRESENTATION_CONTEXT(2) 
PARAMETRIC_REPRESENTATION_CONTEXT() REPRESENTATION_CONTEXT('2D SPACE',''
  ) );
#6575 = ADVANCED_FACE('',(#6576),#2501,.F.);
#6576 = FACE_BOUND('',#6577,.F.);
#6577 = EDGE_LOOP('',(#6578,#6599,#6621,#6622));
#6578 = ORIENTED_EDGE('',*,*,#6579,.T.);
#6579 = EDGE_CURVE('',#2459,#6580,#6582,.T.);
#6580 = VERTEX_POINT('',#6581);
#6581 = CARTESIAN_POINT('',(369.988,-25.733202169,59.500007713));
#6582 = SURFACE_CURVE('',#6583,(#6587,#6593),.PCURVE_S1.);
#6583 = LINE('',#6584,#6585);
#6584 = CARTESIAN_POINT('',(369.988,-47.394,59.500007713));
#6585 = VECTOR('',#6586,1.);
#6586 = DIRECTION('',(-0.,1.,0.));
#6587 = PCURVE('',#2501,#6588);
#6588 = DEFINITIONAL_REPRESENTATION('',(#6589),#6592);
#6589 = B_SPLINE_CURVE_WITH_KNOTS('',1,(#6590,#6591),.UNSPECIFIED.,.F.,
  .F.,(2,2),(-27.5,22.5),.PIECEWISE_BEZIER_KNOTS.);
#6590 = CARTESIAN_POINT('',(-10.,10.));
#6591 = CARTESIAN_POINT('',(-10.,60.));
#6592 = ( GEOMETRIC_REPRESENTATION_CONTEXT(2) 
PARAMETRIC_REPRESENTATION_CONTEXT() REPRESENTATION_CONTEXT('2D SPACE',''
  ) );
#6593 = PCURVE('',#2473,#6594);
#6594 = DEFINITIONAL_REPRESENTATION('',(#6595),#6598);
#6595 = B_SPLINE_CURVE_WITH_KNOTS('',1,(#6596,#6597),.UNSPECIFIED.,.F.,
  .F.,(2,2),(-27.5,22.5),.PIECEWISE_BEZIER_KNOTS.);
#6596 = CARTESIAN_POINT('',(65.,-7.713000002241E-06));
#6597 = CARTESIAN_POINT('',(15.,-7.713000002241E-06));
#6598 = ( GEOMETRIC_REPRESENTATION_CONTEXT(2) 
PARAMETRIC_REPRESENTATION_CONTEXT() REPRESENTATION_CONTEXT('2D SPACE',''
  ) );
#6599 = ORIENTED_EDGE('',*,*,#6600,.T.);
#6600 = EDGE_CURVE('',#6580,#6535,#6601,.T.);
#6601 = SURFACE_CURVE('',#6602,(#6607,#6614),.PCURVE_S1.);
#6602 = CIRCLE('',#6603,60.);
#6603 = AXIS2_PLACEMENT_3D('',#6604,#6605,#6606);
#6604 = CARTESIAN_POINT('',(379.988,-84.894,59.500007713));
#6605 = DIRECTION('',(0.,0.,1.));
#6606 = DIRECTION('',(1.,0.,0.));
#6607 = PCURVE('',#2501,#6608);
#6608 = DEFINITIONAL_REPRESENTATION('',(#6609),#6613);
#6609 = CIRCLE('',#6610,60.);
#6610 = AXIS2_PLACEMENT_2D('',#6611,#6612);
#6611 = CARTESIAN_POINT('',(4.375808424126E-15,-4.679120177894E-16));
#6612 = DIRECTION('',(1.,0.));
#6613 = ( GEOMETRIC_REPRESENTATION_CONTEXT(2) 
PARAMETRIC_REPRESENTATION_CONTEXT() REPRESENTATION_CONTEXT('2D SPACE',''
  ) );
#6614 = PCURVE('',#5411,#6615);
#6615 = DEFINITIONAL_REPRESENTATION('',(#6616),#6620);
#6616 = LINE('',#6617,#6618);
#6617 = CARTESIAN_POINT('',(0.,-104.737992287));
#6618 = VECTOR('',#6619,1.);
#6619 = DIRECTION('',(1.,0.));
#6620 = ( GEOMETRIC_REPRESENTATION_CONTEXT(2) 
PARAMETRIC_REPRESENTATION_CONTEXT() REPRESENTATION_CONTEXT('2D SPACE',''
  ) );
#6621 = ORIENTED_EDGE('',*,*,#6557,.F.);
#6622 = ORIENTED_EDGE('',*,*,#2484,.F.);
#6623 = ADVANCED_FACE('',(#6624),#2473,.T.);
#6624 = FACE_BOUND('',#6625,.T.);
#6625 = EDGE_LOOP('',(#6626,#6647,#6668,#6669));
#6626 = ORIENTED_EDGE('',*,*,#6627,.T.);
#6627 = EDGE_CURVE('',#6580,#6628,#6630,.T.);
#6628 = VERTEX_POINT('',#6629);
#6629 = CARTESIAN_POINT('',(369.988,-25.733202169,134.237992287));
#6630 = SURFACE_CURVE('',#6631,(#6635,#6641),.PCURVE_S1.);
#6631 = LINE('',#6632,#6633);
#6632 = CARTESIAN_POINT('',(369.988,-25.733202169,164.238));
#6633 = VECTOR('',#6634,1.);
#6634 = DIRECTION('',(0.,0.,1.));
#6635 = PCURVE('',#2473,#6636);
#6636 = DEFINITIONAL_REPRESENTATION('',(#6637),#6640);
#6637 = B_SPLINE_CURVE_WITH_KNOTS('',1,(#6638,#6639),.UNSPECIFIED.,.F.,
  .F.,(2,2),(-104.737992887,-29.9999994),.PIECEWISE_BEZIER_KNOTS.);
#6638 = CARTESIAN_POINT('',(15.839202169004,-7.112999995229E-06));
#6639 = CARTESIAN_POINT('',(15.839202169004,-74.7380006));
#6640 = ( GEOMETRIC_REPRESENTATION_CONTEXT(2) 
PARAMETRIC_REPRESENTATION_CONTEXT() REPRESENTATION_CONTEXT('2D SPACE',''
  ) );
#6641 = PCURVE('',#5411,#6642);
#6642 = DEFINITIONAL_REPRESENTATION('',(#6643),#6646);
#6643 = B_SPLINE_CURVE_WITH_KNOTS('',1,(#6644,#6645),.UNSPECIFIED.,.F.,
  .F.,(2,2),(-104.737992887,-29.9999994),.PIECEWISE_BEZIER_KNOTS.);
#6644 = CARTESIAN_POINT('',(1.738244406015,-104.737992887));
#6645 = CARTESIAN_POINT('',(1.738244406015,-29.9999994));
#6646 = ( GEOMETRIC_REPRESENTATION_CONTEXT(2) 
PARAMETRIC_REPRESENTATION_CONTEXT() REPRESENTATION_CONTEXT('2D SPACE',''
  ) );
#6647 = ORIENTED_EDGE('',*,*,#6648,.T.);
#6648 = EDGE_CURVE('',#6628,#2430,#6649,.T.);
#6649 = SURFACE_CURVE('',#6650,(#6654,#6661),.PCURVE_S1.);
#6650 = LINE('',#6651,#6652);
#6651 = CARTESIAN_POINT('',(369.988,145.2668,134.237992287));
#6652 = VECTOR('',#6653,1.);
#6653 = DIRECTION('',(0.,-1.,0.));
#6654 = PCURVE('',#2473,#6655);
#6655 = DEFINITIONAL_REPRESENTATION('',(#6656),#6660);
#6656 = LINE('',#6657,#6658);
#6657 = CARTESIAN_POINT('',(-155.1608,-74.737992287));
#6658 = VECTOR('',#6659,1.);
#6659 = DIRECTION('',(1.,0.));
#6660 = ( GEOMETRIC_REPRESENTATION_CONTEXT(2) 
PARAMETRIC_REPRESENTATION_CONTEXT() REPRESENTATION_CONTEXT('2D SPACE',''
  ) );
#6661 = PCURVE('',#2446,#6662);
#6662 = DEFINITIONAL_REPRESENTATION('',(#6663),#6667);
#6663 = LINE('',#6664,#6665);
#6664 = CARTESIAN_POINT('',(-10.,145.1608));
#6665 = VECTOR('',#6666,1.);
#6666 = DIRECTION('',(0.,-1.));
#6667 = ( GEOMETRIC_REPRESENTATION_CONTEXT(2) 
PARAMETRIC_REPRESENTATION_CONTEXT() REPRESENTATION_CONTEXT('2D SPACE',''
  ) );
#6668 = ORIENTED_EDGE('',*,*,#2458,.F.);
#6669 = ORIENTED_EDGE('',*,*,#6579,.T.);
#6670 = ADVANCED_FACE('',(#6671),#2446,.F.);
#6671 = FACE_BOUND('',#6672,.F.);
#6672 = EDGE_LOOP('',(#6673,#6696,#6718,#6719));
#6673 = ORIENTED_EDGE('',*,*,#6674,.T.);
#6674 = EDGE_CURVE('',#2404,#6675,#6677,.T.);
#6675 = VERTEX_POINT('',#6676);
#6676 = CARTESIAN_POINT('',(389.988,-25.733202169,134.237992287));
#6677 = SURFACE_CURVE('',#6678,(#6682,#6689),.PCURVE_S1.);
#6678 = LINE('',#6679,#6680);
#6679 = CARTESIAN_POINT('',(389.988,-145.0548,134.237992287));
#6680 = VECTOR('',#6681,1.);
#6681 = DIRECTION('',(0.,1.,0.));
#6682 = PCURVE('',#2446,#6683);
#6683 = DEFINITIONAL_REPRESENTATION('',(#6684),#6688);
#6684 = LINE('',#6685,#6686);
#6685 = CARTESIAN_POINT('',(10.,-145.1608));
#6686 = VECTOR('',#6687,1.);
#6687 = DIRECTION('',(0.,1.));
#6688 = ( GEOMETRIC_REPRESENTATION_CONTEXT(2) 
PARAMETRIC_REPRESENTATION_CONTEXT() REPRESENTATION_CONTEXT('2D SPACE',''
  ) );
#6689 = PCURVE('',#2418,#6690);
#6690 = DEFINITIONAL_REPRESENTATION('',(#6691),#6695);
#6691 = LINE('',#6692,#6693);
#6692 = CARTESIAN_POINT('',(-70.1608,-74.737992287));
#6693 = VECTOR('',#6694,1.);
#6694 = DIRECTION('',(1.,0.));
#6695 = ( GEOMETRIC_REPRESENTATION_CONTEXT(2) 
PARAMETRIC_REPRESENTATION_CONTEXT() REPRESENTATION_CONTEXT('2D SPACE',''
  ) );
#6696 = ORIENTED_EDGE('',*,*,#6697,.T.);
#6697 = EDGE_CURVE('',#6675,#6628,#6698,.T.);
#6698 = SURFACE_CURVE('',#6699,(#6704,#6711),.PCURVE_S1.);
#6699 = CIRCLE('',#6700,60.);
#6700 = AXIS2_PLACEMENT_3D('',#6701,#6702,#6703);
#6701 = CARTESIAN_POINT('',(379.988,-84.894,134.237992287));
#6702 = DIRECTION('',(0.,0.,1.));
#6703 = DIRECTION('',(1.,0.,-0.));
#6704 = PCURVE('',#2446,#6705);
#6705 = DEFINITIONAL_REPRESENTATION('',(#6706),#6710);
#6706 = CIRCLE('',#6707,60.);
#6707 = AXIS2_PLACEMENT_2D('',#6708,#6709);
#6708 = CARTESIAN_POINT('',(0.,-85.));
#6709 = DIRECTION('',(1.,0.));
#6710 = ( GEOMETRIC_REPRESENTATION_CONTEXT(2) 
PARAMETRIC_REPRESENTATION_CONTEXT() REPRESENTATION_CONTEXT('2D SPACE',''
  ) );
#6711 = PCURVE('',#5411,#6712);
#6712 = DEFINITIONAL_REPRESENTATION('',(#6713),#6717);
#6713 = LINE('',#6714,#6715);
#6714 = CARTESIAN_POINT('',(0.,-30.000007713));
#6715 = VECTOR('',#6716,1.);
#6716 = DIRECTION('',(1.,0.));
#6717 = ( GEOMETRIC_REPRESENTATION_CONTEXT(2) 
PARAMETRIC_REPRESENTATION_CONTEXT() REPRESENTATION_CONTEXT('2D SPACE',''
  ) );
#6718 = ORIENTED_EDGE('',*,*,#6648,.T.);
#6719 = ORIENTED_EDGE('',*,*,#2429,.F.);
#6720 = ADVANCED_FACE('',(#6721),#2418,.T.);
#6721 = FACE_BOUND('',#6722,.T.);
#6722 = EDGE_LOOP('',(#6723,#6724,#6725,#6746));
#6723 = ORIENTED_EDGE('',*,*,#2403,.T.);
#6724 = ORIENTED_EDGE('',*,*,#6674,.T.);
#6725 = ORIENTED_EDGE('',*,*,#6726,.F.);
#6726 = EDGE_CURVE('',#6727,#6675,#6729,.T.);
#6727 = VERTEX_POINT('',#6728);
#6728 = CARTESIAN_POINT('',(389.988,-25.733202169,59.500007713));
#6729 = SURFACE_CURVE('',#6730,(#6734,#6740),.PCURVE_S1.);
#6730 = LINE('',#6731,#6732);
#6731 = CARTESIAN_POINT('',(389.988,-25.733202169,164.238));
#6732 = VECTOR('',#6733,1.);
#6733 = DIRECTION('',(0.,0.,1.));
#6734 = PCURVE('',#2418,#6735);
#6735 = DEFINITIONAL_REPRESENTATION('',(#6736),#6739);
#6736 = B_SPLINE_CURVE_WITH_KNOTS('',1,(#6737,#6738),.UNSPECIFIED.,.F.,
  .F.,(2,2),(-104.737992887,-29.9999994),.PIECEWISE_BEZIER_KNOTS.);
#6737 = CARTESIAN_POINT('',(49.160797830996,-7.112999995229E-06));
#6738 = CARTESIAN_POINT('',(49.160797830996,-74.7380006));
#6739 = ( GEOMETRIC_REPRESENTATION_CONTEXT(2) 
PARAMETRIC_REPRESENTATION_CONTEXT() REPRESENTATION_CONTEXT('2D SPACE',''
  ) );
#6740 = PCURVE('',#5411,#6741);
#6741 = DEFINITIONAL_REPRESENTATION('',(#6742),#6745);
#6742 = B_SPLINE_CURVE_WITH_KNOTS('',1,(#6743,#6744),.UNSPECIFIED.,.F.,
  .F.,(2,2),(-104.737992887,-29.9999994),.PIECEWISE_BEZIER_KNOTS.);
#6743 = CARTESIAN_POINT('',(1.403348247575,-104.737992887));
#6744 = CARTESIAN_POINT('',(1.403348247575,-29.9999994));
#6745 = ( GEOMETRIC_REPRESENTATION_CONTEXT(2) 
PARAMETRIC_REPRESENTATION_CONTEXT() REPRESENTATION_CONTEXT('2D SPACE',''
  ) );
#6746 = ORIENTED_EDGE('',*,*,#6747,.T.);
#6747 = EDGE_CURVE('',#6727,#2375,#6748,.T.);
#6748 = SURFACE_CURVE('',#6749,(#6753,#6759),.PCURVE_S1.);
#6749 = LINE('',#6750,#6751);
#6750 = CARTESIAN_POINT('',(389.988,-79.894,59.500007713));
#6751 = VECTOR('',#6752,1.);
#6752 = DIRECTION('',(0.,-1.,0.));
#6753 = PCURVE('',#2418,#6754);
#6754 = DEFINITIONAL_REPRESENTATION('',(#6755),#6758);
#6755 = B_SPLINE_CURVE_WITH_KNOTS('',1,(#6756,#6757),.UNSPECIFIED.,.F.,
  .F.,(2,2),(-55.,-5.),.PIECEWISE_BEZIER_KNOTS.);
#6756 = CARTESIAN_POINT('',(50.,-7.713000002241E-06));
#6757 = CARTESIAN_POINT('',(0.,-7.713000002241E-06));
#6758 = ( GEOMETRIC_REPRESENTATION_CONTEXT(2) 
PARAMETRIC_REPRESENTATION_CONTEXT() REPRESENTATION_CONTEXT('2D SPACE',''
  ) );
#6759 = PCURVE('',#2391,#6760);
#6760 = DEFINITIONAL_REPRESENTATION('',(#6761),#6764);
#6761 = B_SPLINE_CURVE_WITH_KNOTS('',1,(#6762,#6763),.UNSPECIFIED.,.F.,
  .F.,(2,2),(-55.,-5.),.PIECEWISE_BEZIER_KNOTS.);
#6762 = CARTESIAN_POINT('',(10.,60.));
#6763 = CARTESIAN_POINT('',(10.,10.));
#6764 = ( GEOMETRIC_REPRESENTATION_CONTEXT(2) 
PARAMETRIC_REPRESENTATION_CONTEXT() REPRESENTATION_CONTEXT('2D SPACE',''
  ) );
#6765 = ADVANCED_FACE('',(#6766),#2391,.F.);
#6766 = FACE_BOUND('',#6767,.F.);
#6767 = EDGE_LOOP('',(#6768,#6789,#6811,#6812));
#6768 = ORIENTED_EDGE('',*,*,#6769,.F.);
#6769 = EDGE_CURVE('',#6770,#2349,#6772,.T.);
#6770 = VERTEX_POINT('',#6771);
#6771 = CARTESIAN_POINT('',(439.14879783099,-74.894,59.500007713));
#6772 = SURFACE_CURVE('',#6773,(#6777,#6783),.PCURVE_S1.);
#6773 = LINE('',#6774,#6775);
#6774 = CARTESIAN_POINT('',(384.988,-74.894,59.500007713));
#6775 = VECTOR('',#6776,1.);
#6776 = DIRECTION('',(-1.,0.,0.));
#6777 = PCURVE('',#2391,#6778);
#6778 = DEFINITIONAL_REPRESENTATION('',(#6779),#6782);
#6779 = B_SPLINE_CURVE_WITH_KNOTS('',1,(#6780,#6781),.UNSPECIFIED.,.F.,
  .F.,(2,2),(-55.,-5.),.PIECEWISE_BEZIER_KNOTS.);
#6780 = CARTESIAN_POINT('',(60.,10.));
#6781 = CARTESIAN_POINT('',(10.,10.));
#6782 = ( GEOMETRIC_REPRESENTATION_CONTEXT(2) 
PARAMETRIC_REPRESENTATION_CONTEXT() REPRESENTATION_CONTEXT('2D SPACE',''
  ) );
#6783 = PCURVE('',#2363,#6784);
#6784 = DEFINITIONAL_REPRESENTATION('',(#6785),#6788);
#6785 = B_SPLINE_CURVE_WITH_KNOTS('',1,(#6786,#6787),.UNSPECIFIED.,.F.,
  .F.,(2,2),(-55.,-5.),.PIECEWISE_BEZIER_KNOTS.);
#6786 = CARTESIAN_POINT('',(50.,-7.713000002241E-06));
#6787 = CARTESIAN_POINT('',(0.,-7.713000002241E-06));
#6788 = ( GEOMETRIC_REPRESENTATION_CONTEXT(2) 
PARAMETRIC_REPRESENTATION_CONTEXT() REPRESENTATION_CONTEXT('2D SPACE',''
  ) );
#6789 = ORIENTED_EDGE('',*,*,#6790,.T.);
#6790 = EDGE_CURVE('',#6770,#6727,#6791,.T.);
#6791 = SURFACE_CURVE('',#6792,(#6797,#6804),.PCURVE_S1.);
#6792 = CIRCLE('',#6793,60.);
#6793 = AXIS2_PLACEMENT_3D('',#6794,#6795,#6796);
#6794 = CARTESIAN_POINT('',(379.988,-84.894,59.500007713));
#6795 = DIRECTION('',(0.,0.,1.));
#6796 = DIRECTION('',(1.,0.,0.));
#6797 = PCURVE('',#2391,#6798);
#6798 = DEFINITIONAL_REPRESENTATION('',(#6799),#6803);
#6799 = CIRCLE('',#6800,60.);
#6800 = AXIS2_PLACEMENT_2D('',#6801,#6802);
#6801 = CARTESIAN_POINT('',(4.375808424126E-15,-4.679120177894E-16));
#6802 = DIRECTION('',(1.,0.));
#6803 = ( GEOMETRIC_REPRESENTATION_CONTEXT(2) 
PARAMETRIC_REPRESENTATION_CONTEXT() REPRESENTATION_CONTEXT('2D SPACE',''
  ) );
#6804 = PCURVE('',#5411,#6805);
#6805 = DEFINITIONAL_REPRESENTATION('',(#6806),#6810);
#6806 = LINE('',#6807,#6808);
#6807 = CARTESIAN_POINT('',(0.,-104.737992287));
#6808 = VECTOR('',#6809,1.);
#6809 = DIRECTION('',(1.,0.));
#6810 = ( GEOMETRIC_REPRESENTATION_CONTEXT(2) 
PARAMETRIC_REPRESENTATION_CONTEXT() REPRESENTATION_CONTEXT('2D SPACE',''
  ) );
#6811 = ORIENTED_EDGE('',*,*,#6747,.T.);
#6812 = ORIENTED_EDGE('',*,*,#2374,.F.);
#6813 = ADVANCED_FACE('',(#6814),#2363,.F.);
#6814 = FACE_BOUND('',#6815,.F.);
#6815 = EDGE_LOOP('',(#6816,#6817,#6818,#6837));
#6816 = ORIENTED_EDGE('',*,*,#2348,.T.);
#6817 = ORIENTED_EDGE('',*,*,#6057,.T.);
#6818 = ORIENTED_EDGE('',*,*,#6819,.F.);
#6819 = EDGE_CURVE('',#6770,#6058,#6820,.T.);
#6820 = SURFACE_CURVE('',#6821,(#6825,#6831),.PCURVE_S1.);
#6821 = LINE('',#6822,#6823);
#6822 = CARTESIAN_POINT('',(439.14879783099,-74.894,164.238));
#6823 = VECTOR('',#6824,1.);
#6824 = DIRECTION('',(0.,0.,1.));
#6825 = PCURVE('',#2363,#6826);
#6826 = DEFINITIONAL_REPRESENTATION('',(#6827),#6830);
#6827 = B_SPLINE_CURVE_WITH_KNOTS('',1,(#6828,#6829),.UNSPECIFIED.,.F.,
  .F.,(2,2),(-104.737992887,-29.9999994),.PIECEWISE_BEZIER_KNOTS.);
#6828 = CARTESIAN_POINT('',(49.160797830996,-7.112999995229E-06));
#6829 = CARTESIAN_POINT('',(49.160797830996,-74.7380006));
#6830 = ( GEOMETRIC_REPRESENTATION_CONTEXT(2) 
PARAMETRIC_REPRESENTATION_CONTEXT() REPRESENTATION_CONTEXT('2D SPACE',''
  ) );
#6831 = PCURVE('',#5411,#6832);
#6832 = DEFINITIONAL_REPRESENTATION('',(#6833),#6836);
#6833 = B_SPLINE_CURVE_WITH_KNOTS('',1,(#6834,#6835),.UNSPECIFIED.,.F.,
  .F.,(2,2),(-104.737992887,-29.9999994),.PIECEWISE_BEZIER_KNOTS.);
#6834 = CARTESIAN_POINT('',(0.16744807922,-104.737992887));
#6835 = CARTESIAN_POINT('',(0.16744807922,-29.9999994));
#6836 = ( GEOMETRIC_REPRESENTATION_CONTEXT(2) 
PARAMETRIC_REPRESENTATION_CONTEXT() REPRESENTATION_CONTEXT('2D SPACE',''
  ) );
#6837 = ORIENTED_EDGE('',*,*,#6769,.T.);
#6838 = ADVANCED_FACE('',(#6839),#2826,.F.);
#6839 = FACE_BOUND('',#6840,.F.);
#6840 = EDGE_LOOP('',(#6841,#6867,#6888,#6889,#6890,#6913));
#6841 = ORIENTED_EDGE('',*,*,#6842,.T.);
#6842 = EDGE_CURVE('',#6843,#6845,#6847,.T.);
#6843 = VERTEX_POINT('',#6844);
#6844 = CARTESIAN_POINT('',(339.988,0.106,134.237992287));
#6845 = VERTEX_POINT('',#6846);
#6846 = CARTESIAN_POINT('',(339.14879783099,10.106,134.237992287));
#6847 = SURFACE_CURVE('',#6848,(#6853,#6860),.PCURVE_S1.);
#6848 = CIRCLE('',#6849,60.);
#6849 = AXIS2_PLACEMENT_3D('',#6850,#6851,#6852);
#6850 = CARTESIAN_POINT('',(279.988,0.106,134.237992287));
#6851 = DIRECTION('',(0.,0.,1.));
#6852 = DIRECTION('',(1.,0.,-0.));
#6853 = PCURVE('',#2826,#6854);
#6854 = DEFINITIONAL_REPRESENTATION('',(#6855),#6859);
#6855 = CIRCLE('',#6856,60.);
#6856 = AXIS2_PLACEMENT_2D('',#6857,#6858);
#6857 = CARTESIAN_POINT('',(-100.,1.638966740103E-14));
#6858 = DIRECTION('',(1.,0.));
#6859 = ( GEOMETRIC_REPRESENTATION_CONTEXT(2) 
PARAMETRIC_REPRESENTATION_CONTEXT() REPRESENTATION_CONTEXT('2D SPACE',''
  ) );
#6860 = PCURVE('',#5516,#6861);
#6861 = DEFINITIONAL_REPRESENTATION('',(#6862),#6866);
#6862 = LINE('',#6863,#6864);
#6863 = CARTESIAN_POINT('',(0.,-30.000007713));
#6864 = VECTOR('',#6865,1.);
#6865 = DIRECTION('',(1.,0.));
#6866 = ( GEOMETRIC_REPRESENTATION_CONTEXT(2) 
PARAMETRIC_REPRESENTATION_CONTEXT() REPRESENTATION_CONTEXT('2D SPACE',''
  ) );
#6867 = ORIENTED_EDGE('',*,*,#6868,.F.);
#6868 = EDGE_CURVE('',#2810,#6845,#6869,.T.);
#6869 = SURFACE_CURVE('',#6870,(#6874,#6881),.PCURVE_S1.);
#6870 = LINE('',#6871,#6872);
#6871 = CARTESIAN_POINT('',(219.8272,10.106,134.237992287));
#6872 = VECTOR('',#6873,1.);
#6873 = DIRECTION('',(1.,0.,0.));
#6874 = PCURVE('',#2826,#6875);
#6875 = DEFINITIONAL_REPRESENTATION('',(#6876),#6880);
#6876 = LINE('',#6877,#6878);
#6877 = CARTESIAN_POINT('',(-160.1608,10.));
#6878 = VECTOR('',#6879,1.);
#6879 = DIRECTION('',(1.,0.));
#6880 = ( GEOMETRIC_REPRESENTATION_CONTEXT(2) 
PARAMETRIC_REPRESENTATION_CONTEXT() REPRESENTATION_CONTEXT('2D SPACE',''
  ) );
#6881 = PCURVE('',#2853,#6882);
#6882 = DEFINITIONAL_REPRESENTATION('',(#6883),#6887);
#6883 = LINE('',#6884,#6885);
#6884 = CARTESIAN_POINT('',(-70.1608,-74.737992287));
#6885 = VECTOR('',#6886,1.);
#6886 = DIRECTION('',(1.,0.));
#6887 = ( GEOMETRIC_REPRESENTATION_CONTEXT(2) 
PARAMETRIC_REPRESENTATION_CONTEXT() REPRESENTATION_CONTEXT('2D SPACE',''
  ) );
#6888 = ORIENTED_EDGE('',*,*,#2809,.F.);
#6889 = ORIENTED_EDGE('',*,*,#3249,.F.);
#6890 = ORIENTED_EDGE('',*,*,#6891,.F.);
#6891 = EDGE_CURVE('',#6892,#3224,#6894,.T.);
#6892 = VERTEX_POINT('',#6893);
#6893 = CARTESIAN_POINT('',(339.14879783099,-9.894,134.237992287));
#6894 = SURFACE_CURVE('',#6895,(#6899,#6906),.PCURVE_S1.);
#6895 = LINE('',#6896,#6897);
#6896 = CARTESIAN_POINT('',(540.1488,-9.894,134.237992287));
#6897 = VECTOR('',#6898,1.);
#6898 = DIRECTION('',(-1.,0.,0.));
#6899 = PCURVE('',#2826,#6900);
#6900 = DEFINITIONAL_REPRESENTATION('',(#6901),#6905);
#6901 = LINE('',#6902,#6903);
#6902 = CARTESIAN_POINT('',(160.1608,-10.));
#6903 = VECTOR('',#6904,1.);
#6904 = DIRECTION('',(-1.,0.));
#6905 = ( GEOMETRIC_REPRESENTATION_CONTEXT(2) 
PARAMETRIC_REPRESENTATION_CONTEXT() REPRESENTATION_CONTEXT('2D SPACE',''
  ) );
#6906 = PCURVE('',#3238,#6907);
#6907 = DEFINITIONAL_REPRESENTATION('',(#6908),#6912);
#6908 = LINE('',#6909,#6910);
#6909 = CARTESIAN_POINT('',(-170.1608,-74.737992287));
#6910 = VECTOR('',#6911,1.);
#6911 = DIRECTION('',(1.,0.));
#6912 = ( GEOMETRIC_REPRESENTATION_CONTEXT(2) 
PARAMETRIC_REPRESENTATION_CONTEXT() REPRESENTATION_CONTEXT('2D SPACE',''
  ) );
#6913 = ORIENTED_EDGE('',*,*,#6914,.T.);
#6914 = EDGE_CURVE('',#6892,#6843,#6915,.T.);
#6915 = SURFACE_CURVE('',#6916,(#6921,#6928),.PCURVE_S1.);
#6916 = CIRCLE('',#6917,60.);
#6917 = AXIS2_PLACEMENT_3D('',#6918,#6919,#6920);
#6918 = CARTESIAN_POINT('',(279.988,0.106,134.237992287));
#6919 = DIRECTION('',(0.,0.,1.));
#6920 = DIRECTION('',(1.,0.,-0.));
#6921 = PCURVE('',#2826,#6922);
#6922 = DEFINITIONAL_REPRESENTATION('',(#6923),#6927);
#6923 = CIRCLE('',#6924,60.);
#6924 = AXIS2_PLACEMENT_2D('',#6925,#6926);
#6925 = CARTESIAN_POINT('',(-100.,1.638966740103E-14));
#6926 = DIRECTION('',(1.,0.));
#6927 = ( GEOMETRIC_REPRESENTATION_CONTEXT(2) 
PARAMETRIC_REPRESENTATION_CONTEXT() REPRESENTATION_CONTEXT('2D SPACE',''
  ) );
#6928 = PCURVE('',#5516,#6929);
#6929 = DEFINITIONAL_REPRESENTATION('',(#6930),#6934);
#6930 = LINE('',#6931,#6932);
#6931 = CARTESIAN_POINT('',(0.,-30.000007713));
#6932 = VECTOR('',#6933,1.);
#6933 = DIRECTION('',(1.,0.));
#6934 = ( GEOMETRIC_REPRESENTATION_CONTEXT(2) 
PARAMETRIC_REPRESENTATION_CONTEXT() REPRESENTATION_CONTEXT('2D SPACE',''
  ) );
#6935 = ADVANCED_FACE('',(#6936),#3238,.F.);
#6936 = FACE_BOUND('',#6937,.F.);
#6937 = EDGE_LOOP('',(#6938,#6959,#6960,#6961));
#6938 = ORIENTED_EDGE('',*,*,#6939,.T.);
#6939 = EDGE_CURVE('',#6940,#6892,#6942,.T.);
#6940 = VERTEX_POINT('',#6941);
#6941 = CARTESIAN_POINT('',(339.14879783099,-9.894,59.500007713));
#6942 = SURFACE_CURVE('',#6943,(#6947,#6953),.PCURVE_S1.);
#6943 = LINE('',#6944,#6945);
#6944 = CARTESIAN_POINT('',(339.14879783099,-9.894,164.238));
#6945 = VECTOR('',#6946,1.);
#6946 = DIRECTION('',(0.,0.,1.));
#6947 = PCURVE('',#3238,#6948);
#6948 = DEFINITIONAL_REPRESENTATION('',(#6949),#6952);
#6949 = B_SPLINE_CURVE_WITH_KNOTS('',1,(#6950,#6951),.UNSPECIFIED.,.F.,
  .F.,(2,2),(-104.737992887,-29.9999994),.PIECEWISE_BEZIER_KNOTS.);
#6950 = CARTESIAN_POINT('',(30.839202169004,-7.112999995229E-06));
#6951 = CARTESIAN_POINT('',(30.839202169004,-74.7380006));
#6952 = ( GEOMETRIC_REPRESENTATION_CONTEXT(2) 
PARAMETRIC_REPRESENTATION_CONTEXT() REPRESENTATION_CONTEXT('2D SPACE',''
  ) );
#6953 = PCURVE('',#5516,#6954);
#6954 = DEFINITIONAL_REPRESENTATION('',(#6955),#6958);
#6955 = B_SPLINE_CURVE_WITH_KNOTS('',1,(#6956,#6957),.UNSPECIFIED.,.F.,
  .F.,(2,2),(-104.737992887,-29.9999994),.PIECEWISE_BEZIER_KNOTS.);
#6956 = CARTESIAN_POINT('',(6.11573722796,-104.737992887));
#6957 = CARTESIAN_POINT('',(6.11573722796,-29.9999994));
#6958 = ( GEOMETRIC_REPRESENTATION_CONTEXT(2) 
PARAMETRIC_REPRESENTATION_CONTEXT() REPRESENTATION_CONTEXT('2D SPACE',''
  ) );
#6959 = ORIENTED_EDGE('',*,*,#6891,.T.);
#6960 = ORIENTED_EDGE('',*,*,#3223,.F.);
#6961 = ORIENTED_EDGE('',*,*,#6962,.T.);
#6962 = EDGE_CURVE('',#3195,#6940,#6963,.T.);
#6963 = SURFACE_CURVE('',#6964,(#6968,#6974),.PCURVE_S1.);
#6964 = LINE('',#6965,#6966);
#6965 = CARTESIAN_POINT('',(324.988,-9.894,59.500007713));
#6966 = VECTOR('',#6967,1.);
#6967 = DIRECTION('',(1.,0.,-0.));
#6968 = PCURVE('',#3238,#6969);
#6969 = DEFINITIONAL_REPRESENTATION('',(#6970),#6973);
#6970 = B_SPLINE_CURVE_WITH_KNOTS('',1,(#6971,#6972),.UNSPECIFIED.,.F.,
  .F.,(2,2),(-35.,15.),.PIECEWISE_BEZIER_KNOTS.);
#6971 = CARTESIAN_POINT('',(80.,-7.713000002241E-06));
#6972 = CARTESIAN_POINT('',(30.,-7.713000002241E-06));
#6973 = ( GEOMETRIC_REPRESENTATION_CONTEXT(2) 
PARAMETRIC_REPRESENTATION_CONTEXT() REPRESENTATION_CONTEXT('2D SPACE',''
  ) );
#6974 = PCURVE('',#3211,#6975);
#6975 = DEFINITIONAL_REPRESENTATION('',(#6976),#6979);
#6976 = B_SPLINE_CURVE_WITH_KNOTS('',1,(#6977,#6978),.UNSPECIFIED.,.F.,
  .F.,(2,2),(-35.,15.),.PIECEWISE_BEZIER_KNOTS.);
#6977 = CARTESIAN_POINT('',(10.,-10.));
#6978 = CARTESIAN_POINT('',(60.,-10.));
#6979 = ( GEOMETRIC_REPRESENTATION_CONTEXT(2) 
PARAMETRIC_REPRESENTATION_CONTEXT() REPRESENTATION_CONTEXT('2D SPACE',''
  ) );
#6980 = ADVANCED_FACE('',(#6981),#3211,.F.);
#6981 = FACE_BOUND('',#6982,.F.);
#6982 = EDGE_LOOP('',(#6983,#7007,#7008,#7009));
#6983 = ORIENTED_EDGE('',*,*,#6984,.T.);
#6984 = EDGE_CURVE('',#6985,#6940,#6987,.T.);
#6985 = VERTEX_POINT('',#6986);
#6986 = CARTESIAN_POINT('',(289.988,-59.05479783099,59.500007713));
#6987 = SURFACE_CURVE('',#6988,(#6993,#7000),.PCURVE_S1.);
#6988 = CIRCLE('',#6989,60.);
#6989 = AXIS2_PLACEMENT_3D('',#6990,#6991,#6992);
#6990 = CARTESIAN_POINT('',(279.988,0.106,59.500007713));
#6991 = DIRECTION('',(0.,0.,1.));
#6992 = DIRECTION('',(1.,0.,0.));
#6993 = PCURVE('',#3211,#6994);
#6994 = DEFINITIONAL_REPRESENTATION('',(#6995),#6999);
#6995 = CIRCLE('',#6996,60.);
#6996 = AXIS2_PLACEMENT_2D('',#6997,#6998);
#6997 = CARTESIAN_POINT('',(4.375808424126E-15,-4.679120177894E-16));
#6998 = DIRECTION('',(1.,0.));
#6999 = ( GEOMETRIC_REPRESENTATION_CONTEXT(2) 
PARAMETRIC_REPRESENTATION_CONTEXT() REPRESENTATION_CONTEXT('2D SPACE',''
  ) );
#7000 = PCURVE('',#5516,#7001);
#7001 = DEFINITIONAL_REPRESENTATION('',(#7002),#7006);
#7002 = LINE('',#7003,#7004);
#7003 = CARTESIAN_POINT('',(0.,-104.737992287));
#7004 = VECTOR('',#7005,1.);
#7005 = DIRECTION('',(1.,0.));
#7006 = ( GEOMETRIC_REPRESENTATION_CONTEXT(2) 
PARAMETRIC_REPRESENTATION_CONTEXT() REPRESENTATION_CONTEXT('2D SPACE',''
  ) );
#7007 = ORIENTED_EDGE('',*,*,#6962,.F.);
#7008 = ORIENTED_EDGE('',*,*,#3194,.F.);
#7009 = ORIENTED_EDGE('',*,*,#7010,.T.);
#7010 = EDGE_CURVE('',#3169,#6985,#7011,.T.);
#7011 = SURFACE_CURVE('',#7012,(#7016,#7022),.PCURVE_S1.);
#7012 = LINE('',#7013,#7014);
#7013 = CARTESIAN_POINT('',(289.988,-29.9744,59.500007713));
#7014 = VECTOR('',#7015,1.);
#7015 = DIRECTION('',(0.,-1.,0.));
#7016 = PCURVE('',#3211,#7017);
#7017 = DEFINITIONAL_REPRESENTATION('',(#7018),#7021);
#7018 = B_SPLINE_CURVE_WITH_KNOTS('',1,(#7019,#7020),.UNSPECIFIED.,.F.,
  .F.,(2,2),(-20.0804,29.9196),.PIECEWISE_BEZIER_KNOTS.);
#7019 = CARTESIAN_POINT('',(10.,-10.));
#7020 = CARTESIAN_POINT('',(10.,-60.));
#7021 = ( GEOMETRIC_REPRESENTATION_CONTEXT(2) 
PARAMETRIC_REPRESENTATION_CONTEXT() REPRESENTATION_CONTEXT('2D SPACE',''
  ) );
#7022 = PCURVE('',#3183,#7023);
#7023 = DEFINITIONAL_REPRESENTATION('',(#7024),#7027);
#7024 = B_SPLINE_CURVE_WITH_KNOTS('',1,(#7025,#7026),.UNSPECIFIED.,.F.,
  .F.,(2,2),(-20.0804,29.9196),.PIECEWISE_BEZIER_KNOTS.);
#7025 = CARTESIAN_POINT('',(50.1608,-7.713000002241E-06));
#7026 = CARTESIAN_POINT('',(0.1608,-7.713000002241E-06));
#7027 = ( GEOMETRIC_REPRESENTATION_CONTEXT(2) 
PARAMETRIC_REPRESENTATION_CONTEXT() REPRESENTATION_CONTEXT('2D SPACE',''
  ) );
#7028 = ADVANCED_FACE('',(#7029),#3183,.T.);
#7029 = FACE_BOUND('',#7030,.T.);
#7030 = EDGE_LOOP('',(#7031,#7052,#7073,#7074));
#7031 = ORIENTED_EDGE('',*,*,#7032,.T.);
#7032 = EDGE_CURVE('',#6985,#7033,#7035,.T.);
#7033 = VERTEX_POINT('',#7034);
#7034 = CARTESIAN_POINT('',(289.988,-59.05479783099,134.237992287));
#7035 = SURFACE_CURVE('',#7036,(#7040,#7046),.PCURVE_S1.);
#7036 = LINE('',#7037,#7038);
#7037 = CARTESIAN_POINT('',(289.988,-59.05479783099,164.238));
#7038 = VECTOR('',#7039,1.);
#7039 = DIRECTION('',(0.,0.,1.));
#7040 = PCURVE('',#3183,#7041);
#7041 = DEFINITIONAL_REPRESENTATION('',(#7042),#7045);
#7042 = B_SPLINE_CURVE_WITH_KNOTS('',1,(#7043,#7044),.UNSPECIFIED.,.F.,
  .F.,(2,2),(-104.737992887,-29.9999994),.PIECEWISE_BEZIER_KNOTS.);
#7043 = CARTESIAN_POINT('',(1.000002169004,-7.112999995229E-06));
#7044 = CARTESIAN_POINT('',(1.000002169004,-74.7380006));
#7045 = ( GEOMETRIC_REPRESENTATION_CONTEXT(2) 
PARAMETRIC_REPRESENTATION_CONTEXT() REPRESENTATION_CONTEXT('2D SPACE',''
  ) );
#7046 = PCURVE('',#5516,#7047);
#7047 = DEFINITIONAL_REPRESENTATION('',(#7048),#7051);
#7048 = B_SPLINE_CURVE_WITH_KNOTS('',1,(#7049,#7050),.UNSPECIFIED.,.F.,
  .F.,(2,2),(-104.737992887,-29.9999994),.PIECEWISE_BEZIER_KNOTS.);
#7049 = CARTESIAN_POINT('',(4.879837059604,-104.737992887));
#7050 = CARTESIAN_POINT('',(4.879837059604,-29.9999994));
#7051 = ( GEOMETRIC_REPRESENTATION_CONTEXT(2) 
PARAMETRIC_REPRESENTATION_CONTEXT() REPRESENTATION_CONTEXT('2D SPACE',''
  ) );
#7052 = ORIENTED_EDGE('',*,*,#7053,.T.);
#7053 = EDGE_CURVE('',#7033,#3140,#7054,.T.);
#7054 = SURFACE_CURVE('',#7055,(#7059,#7066),.PCURVE_S1.);
#7055 = LINE('',#7056,#7057);
#7056 = CARTESIAN_POINT('',(289.988,-60.0548,134.237992287));
#7057 = VECTOR('',#7058,1.);
#7058 = DIRECTION('',(0.,1.,0.));
#7059 = PCURVE('',#3183,#7060);
#7060 = DEFINITIONAL_REPRESENTATION('',(#7061),#7065);
#7061 = LINE('',#7062,#7063);
#7062 = CARTESIAN_POINT('',(0.,-74.737992287));
#7063 = VECTOR('',#7064,1.);
#7064 = DIRECTION('',(1.,0.));
#7065 = ( GEOMETRIC_REPRESENTATION_CONTEXT(2) 
PARAMETRIC_REPRESENTATION_CONTEXT() REPRESENTATION_CONTEXT('2D SPACE',''
  ) );
#7066 = PCURVE('',#3156,#7067);
#7067 = DEFINITIONAL_REPRESENTATION('',(#7068),#7072);
#7068 = LINE('',#7069,#7070);
#7069 = CARTESIAN_POINT('',(-90.,-60.1608));
#7070 = VECTOR('',#7071,1.);
#7071 = DIRECTION('',(0.,1.));
#7072 = ( GEOMETRIC_REPRESENTATION_CONTEXT(2) 
PARAMETRIC_REPRESENTATION_CONTEXT() REPRESENTATION_CONTEXT('2D SPACE',''
  ) );
#7073 = ORIENTED_EDGE('',*,*,#3168,.F.);
#7074 = ORIENTED_EDGE('',*,*,#7010,.T.);
#7075 = ADVANCED_FACE('',(#7076),#3156,.F.);
#7076 = FACE_BOUND('',#7077,.F.);
#7077 = EDGE_LOOP('',(#7078,#7079,#7080,#7103));
#7078 = ORIENTED_EDGE('',*,*,#7053,.T.);
#7079 = ORIENTED_EDGE('',*,*,#3139,.F.);
#7080 = ORIENTED_EDGE('',*,*,#7081,.T.);
#7081 = EDGE_CURVE('',#3114,#7082,#7084,.T.);
#7082 = VERTEX_POINT('',#7083);
#7083 = CARTESIAN_POINT('',(269.988,-59.05479783099,134.237992287));
#7084 = SURFACE_CURVE('',#7085,(#7089,#7096),.PCURVE_S1.);
#7085 = LINE('',#7086,#7087);
#7086 = CARTESIAN_POINT('',(269.988,60.2668,134.237992287));
#7087 = VECTOR('',#7088,1.);
#7088 = DIRECTION('',(0.,-1.,0.));
#7089 = PCURVE('',#3156,#7090);
#7090 = DEFINITIONAL_REPRESENTATION('',(#7091),#7095);
#7091 = LINE('',#7092,#7093);
#7092 = CARTESIAN_POINT('',(-110.,60.1608));
#7093 = VECTOR('',#7094,1.);
#7094 = DIRECTION('',(0.,-1.));
#7095 = ( GEOMETRIC_REPRESENTATION_CONTEXT(2) 
PARAMETRIC_REPRESENTATION_CONTEXT() REPRESENTATION_CONTEXT('2D SPACE',''
  ) );
#7096 = PCURVE('',#3128,#7097);
#7097 = DEFINITIONAL_REPRESENTATION('',(#7098),#7102);
#7098 = LINE('',#7099,#7100);
#7099 = CARTESIAN_POINT('',(-70.1608,-74.737992287));
#7100 = VECTOR('',#7101,1.);
#7101 = DIRECTION('',(1.,0.));
#7102 = ( GEOMETRIC_REPRESENTATION_CONTEXT(2) 
PARAMETRIC_REPRESENTATION_CONTEXT() REPRESENTATION_CONTEXT('2D SPACE',''
  ) );
#7103 = ORIENTED_EDGE('',*,*,#7104,.T.);
#7104 = EDGE_CURVE('',#7082,#7033,#7105,.T.);
#7105 = SURFACE_CURVE('',#7106,(#7111,#7118),.PCURVE_S1.);
#7106 = CIRCLE('',#7107,60.);
#7107 = AXIS2_PLACEMENT_3D('',#7108,#7109,#7110);
#7108 = CARTESIAN_POINT('',(279.988,0.106,134.237992287));
#7109 = DIRECTION('',(0.,0.,1.));
#7110 = DIRECTION('',(1.,0.,-0.));
#7111 = PCURVE('',#3156,#7112);
#7112 = DEFINITIONAL_REPRESENTATION('',(#7113),#7117);
#7113 = CIRCLE('',#7114,60.);
#7114 = AXIS2_PLACEMENT_2D('',#7115,#7116);
#7115 = CARTESIAN_POINT('',(-100.,1.638966740103E-14));
#7116 = DIRECTION('',(1.,0.));
#7117 = ( GEOMETRIC_REPRESENTATION_CONTEXT(2) 
PARAMETRIC_REPRESENTATION_CONTEXT() REPRESENTATION_CONTEXT('2D SPACE',''
  ) );
#7118 = PCURVE('',#5516,#7119);
#7119 = DEFINITIONAL_REPRESENTATION('',(#7120),#7124);
#7120 = LINE('',#7121,#7122);
#7121 = CARTESIAN_POINT('',(0.,-30.000007713));
#7122 = VECTOR('',#7123,1.);
#7123 = DIRECTION('',(1.,0.));
#7124 = ( GEOMETRIC_REPRESENTATION_CONTEXT(2) 
PARAMETRIC_REPRESENTATION_CONTEXT() REPRESENTATION_CONTEXT('2D SPACE',''
  ) );
#7125 = ADVANCED_FACE('',(#7126),#3128,.T.);
#7126 = FACE_BOUND('',#7127,.T.);
#7127 = EDGE_LOOP('',(#7128,#7129,#7130,#7151));
#7128 = ORIENTED_EDGE('',*,*,#3113,.T.);
#7129 = ORIENTED_EDGE('',*,*,#7081,.T.);
#7130 = ORIENTED_EDGE('',*,*,#7131,.F.);
#7131 = EDGE_CURVE('',#7132,#7082,#7134,.T.);
#7132 = VERTEX_POINT('',#7133);
#7133 = CARTESIAN_POINT('',(269.988,-59.05479783099,59.500007713));
#7134 = SURFACE_CURVE('',#7135,(#7139,#7145),.PCURVE_S1.);
#7135 = LINE('',#7136,#7137);
#7136 = CARTESIAN_POINT('',(269.988,-59.05479783099,164.238));
#7137 = VECTOR('',#7138,1.);
#7138 = DIRECTION('',(0.,0.,1.));
#7139 = PCURVE('',#3128,#7140);
#7140 = DEFINITIONAL_REPRESENTATION('',(#7141),#7144);
#7141 = B_SPLINE_CURVE_WITH_KNOTS('',1,(#7142,#7143),.UNSPECIFIED.,.F.,
  .F.,(2,2),(-104.737992887,-29.9999994),.PIECEWISE_BEZIER_KNOTS.);
#7142 = CARTESIAN_POINT('',(49.160797830996,-7.112999995229E-06));
#7143 = CARTESIAN_POINT('',(49.160797830996,-74.7380006));
#7144 = ( GEOMETRIC_REPRESENTATION_CONTEXT(2) 
PARAMETRIC_REPRESENTATION_CONTEXT() REPRESENTATION_CONTEXT('2D SPACE',''
  ) );
#7145 = PCURVE('',#5516,#7146);
#7146 = DEFINITIONAL_REPRESENTATION('',(#7147),#7150);
#7147 = B_SPLINE_CURVE_WITH_KNOTS('',1,(#7148,#7149),.UNSPECIFIED.,.F.,
  .F.,(2,2),(-104.737992887,-29.9999994),.PIECEWISE_BEZIER_KNOTS.);
#7148 = CARTESIAN_POINT('',(4.544940901165,-104.737992887));
#7149 = CARTESIAN_POINT('',(4.544940901165,-29.9999994));
#7150 = ( GEOMETRIC_REPRESENTATION_CONTEXT(2) 
PARAMETRIC_REPRESENTATION_CONTEXT() REPRESENTATION_CONTEXT('2D SPACE',''
  ) );
#7151 = ORIENTED_EDGE('',*,*,#7152,.T.);
#7152 = EDGE_CURVE('',#7132,#3085,#7153,.T.);
#7153 = SURFACE_CURVE('',#7154,(#7158,#7164),.PCURVE_S1.);
#7154 = LINE('',#7155,#7156);
#7155 = CARTESIAN_POINT('',(269.988,-4.894,59.500007713));
#7156 = VECTOR('',#7157,1.);
#7157 = DIRECTION('',(-0.,1.,0.));
#7158 = PCURVE('',#3128,#7159);
#7159 = DEFINITIONAL_REPRESENTATION('',(#7160),#7163);
#7160 = B_SPLINE_CURVE_WITH_KNOTS('',1,(#7161,#7162),.UNSPECIFIED.,.F.,
  .F.,(2,2),(-55.,-5.),.PIECEWISE_BEZIER_KNOTS.);
#7161 = CARTESIAN_POINT('',(50.,-7.713000002241E-06));
#7162 = CARTESIAN_POINT('',(-3.552713678801E-15,-7.713000002241E-06));
#7163 = ( GEOMETRIC_REPRESENTATION_CONTEXT(2) 
PARAMETRIC_REPRESENTATION_CONTEXT() REPRESENTATION_CONTEXT('2D SPACE',''
  ) );
#7164 = PCURVE('',#3101,#7165);
#7165 = DEFINITIONAL_REPRESENTATION('',(#7166),#7169);
#7166 = B_SPLINE_CURVE_WITH_KNOTS('',1,(#7167,#7168),.UNSPECIFIED.,.F.,
  .F.,(2,2),(-55.,-5.),.PIECEWISE_BEZIER_KNOTS.);
#7167 = CARTESIAN_POINT('',(-10.,-60.));
#7168 = CARTESIAN_POINT('',(-10.,-10.));
#7169 = ( GEOMETRIC_REPRESENTATION_CONTEXT(2) 
PARAMETRIC_REPRESENTATION_CONTEXT() REPRESENTATION_CONTEXT('2D SPACE',''
  ) );
#7170 = ADVANCED_FACE('',(#7171),#3101,.F.);
#7171 = FACE_BOUND('',#7172,.F.);
#7172 = EDGE_LOOP('',(#7173,#7197,#7198,#7199));
#7173 = ORIENTED_EDGE('',*,*,#7174,.T.);
#7174 = EDGE_CURVE('',#7175,#7132,#7177,.T.);
#7175 = VERTEX_POINT('',#7176);
#7176 = CARTESIAN_POINT('',(220.827202169,-9.894,59.500007713));
#7177 = SURFACE_CURVE('',#7178,(#7183,#7190),.PCURVE_S1.);
#7178 = CIRCLE('',#7179,60.);
#7179 = AXIS2_PLACEMENT_3D('',#7180,#7181,#7182);
#7180 = CARTESIAN_POINT('',(279.988,0.106,59.500007713));
#7181 = DIRECTION('',(0.,0.,1.));
#7182 = DIRECTION('',(1.,0.,0.));
#7183 = PCURVE('',#3101,#7184);
#7184 = DEFINITIONAL_REPRESENTATION('',(#7185),#7189);
#7185 = CIRCLE('',#7186,60.);
#7186 = AXIS2_PLACEMENT_2D('',#7187,#7188);
#7187 = CARTESIAN_POINT('',(4.375808424126E-15,-4.679120177894E-16));
#7188 = DIRECTION('',(1.,0.));
#7189 = ( GEOMETRIC_REPRESENTATION_CONTEXT(2) 
PARAMETRIC_REPRESENTATION_CONTEXT() REPRESENTATION_CONTEXT('2D SPACE',''
  ) );
#7190 = PCURVE('',#5516,#7191);
#7191 = DEFINITIONAL_REPRESENTATION('',(#7192),#7196);
#7192 = LINE('',#7193,#7194);
#7193 = CARTESIAN_POINT('',(0.,-104.737992287));
#7194 = VECTOR('',#7195,1.);
#7195 = DIRECTION('',(1.,0.));
#7196 = ( GEOMETRIC_REPRESENTATION_CONTEXT(2) 
PARAMETRIC_REPRESENTATION_CONTEXT() REPRESENTATION_CONTEXT('2D SPACE',''
  ) );
#7197 = ORIENTED_EDGE('',*,*,#7152,.T.);
#7198 = ORIENTED_EDGE('',*,*,#3084,.F.);
#7199 = ORIENTED_EDGE('',*,*,#7200,.F.);
#7200 = EDGE_CURVE('',#7175,#3059,#7201,.T.);
#7201 = SURFACE_CURVE('',#7202,(#7206,#7212),.PCURVE_S1.);
#7202 = LINE('',#7203,#7204);
#7203 = CARTESIAN_POINT('',(274.988,-9.894,59.500007713));
#7204 = VECTOR('',#7205,1.);
#7205 = DIRECTION('',(1.,0.,-0.));
#7206 = PCURVE('',#3101,#7207);
#7207 = DEFINITIONAL_REPRESENTATION('',(#7208),#7211);
#7208 = B_SPLINE_CURVE_WITH_KNOTS('',1,(#7209,#7210),.UNSPECIFIED.,.F.,
  .F.,(2,2),(-55.,-5.),.PIECEWISE_BEZIER_KNOTS.);
#7209 = CARTESIAN_POINT('',(-60.,-10.));
#7210 = CARTESIAN_POINT('',(-10.,-10.));
#7211 = ( GEOMETRIC_REPRESENTATION_CONTEXT(2) 
PARAMETRIC_REPRESENTATION_CONTEXT() REPRESENTATION_CONTEXT('2D SPACE',''
  ) );
#7212 = PCURVE('',#3073,#7213);
#7213 = DEFINITIONAL_REPRESENTATION('',(#7214),#7217);
#7214 = B_SPLINE_CURVE_WITH_KNOTS('',1,(#7215,#7216),.UNSPECIFIED.,.F.,
  .F.,(2,2),(-55.,-5.),.PIECEWISE_BEZIER_KNOTS.);
#7215 = CARTESIAN_POINT('',(50.,-7.713000002241E-06));
#7216 = CARTESIAN_POINT('',(0.,-7.713000002241E-06));
#7217 = ( GEOMETRIC_REPRESENTATION_CONTEXT(2) 
PARAMETRIC_REPRESENTATION_CONTEXT() REPRESENTATION_CONTEXT('2D SPACE',''
  ) );
#7218 = ADVANCED_FACE('',(#7219),#3073,.F.);
#7219 = FACE_BOUND('',#7220,.F.);
#7220 = EDGE_LOOP('',(#7221,#7222,#7245,#7264));
#7221 = ORIENTED_EDGE('',*,*,#3058,.T.);
#7222 = ORIENTED_EDGE('',*,*,#7223,.T.);
#7223 = EDGE_CURVE('',#3030,#7224,#7226,.T.);
#7224 = VERTEX_POINT('',#7225);
#7225 = CARTESIAN_POINT('',(220.827202169,-9.894,134.237992287));
#7226 = SURFACE_CURVE('',#7227,(#7231,#7238),.PCURVE_S1.);
#7227 = LINE('',#7228,#7229);
#7228 = CARTESIAN_POINT('',(540.1488,-9.894,134.237992287));
#7229 = VECTOR('',#7230,1.);
#7230 = DIRECTION('',(-1.,0.,0.));
#7231 = PCURVE('',#3073,#7232);
#7232 = DEFINITIONAL_REPRESENTATION('',(#7233),#7237);
#7233 = LINE('',#7234,#7235);
#7234 = CARTESIAN_POINT('',(-270.1608,-74.737992287));
#7235 = VECTOR('',#7236,1.);
#7236 = DIRECTION('',(1.,0.));
#7237 = ( GEOMETRIC_REPRESENTATION_CONTEXT(2) 
PARAMETRIC_REPRESENTATION_CONTEXT() REPRESENTATION_CONTEXT('2D SPACE',''
  ) );
#7238 = PCURVE('',#3046,#7239);
#7239 = DEFINITIONAL_REPRESENTATION('',(#7240),#7244);
#7240 = LINE('',#7241,#7242);
#7241 = CARTESIAN_POINT('',(160.1608,-10.));
#7242 = VECTOR('',#7243,1.);
#7243 = DIRECTION('',(-1.,0.));
#7244 = ( GEOMETRIC_REPRESENTATION_CONTEXT(2) 
PARAMETRIC_REPRESENTATION_CONTEXT() REPRESENTATION_CONTEXT('2D SPACE',''
  ) );
#7245 = ORIENTED_EDGE('',*,*,#7246,.F.);
#7246 = EDGE_CURVE('',#7175,#7224,#7247,.T.);
#7247 = SURFACE_CURVE('',#7248,(#7252,#7258),.PCURVE_S1.);
#7248 = LINE('',#7249,#7250);
#7249 = CARTESIAN_POINT('',(220.827202169,-9.894,164.238));
#7250 = VECTOR('',#7251,1.);
#7251 = DIRECTION('',(0.,0.,1.));
#7252 = PCURVE('',#3073,#7253);
#7253 = DEFINITIONAL_REPRESENTATION('',(#7254),#7257);
#7254 = B_SPLINE_CURVE_WITH_KNOTS('',1,(#7255,#7256),.UNSPECIFIED.,.F.,
  .F.,(2,2),(-104.737992887,-29.9999994),.PIECEWISE_BEZIER_KNOTS.);
#7255 = CARTESIAN_POINT('',(49.160797830996,-7.112999995229E-06));
#7256 = CARTESIAN_POINT('',(49.160797830996,-74.7380006));
#7257 = ( GEOMETRIC_REPRESENTATION_CONTEXT(2) 
PARAMETRIC_REPRESENTATION_CONTEXT() REPRESENTATION_CONTEXT('2D SPACE',''
  ) );
#7258 = PCURVE('',#5516,#7259);
#7259 = DEFINITIONAL_REPRESENTATION('',(#7260),#7263);
#7260 = B_SPLINE_CURVE_WITH_KNOTS('',1,(#7261,#7262),.UNSPECIFIED.,.F.,
  .F.,(2,2),(-104.737992887,-29.9999994),.PIECEWISE_BEZIER_KNOTS.);
#7261 = CARTESIAN_POINT('',(3.309040732809,-104.737992887));
#7262 = CARTESIAN_POINT('',(3.309040732809,-29.9999994));
#7263 = ( GEOMETRIC_REPRESENTATION_CONTEXT(2) 
PARAMETRIC_REPRESENTATION_CONTEXT() REPRESENTATION_CONTEXT('2D SPACE',''
  ) );
#7264 = ORIENTED_EDGE('',*,*,#7200,.T.);
#7265 = ADVANCED_FACE('',(#7266),#3046,.F.);
#7266 = FACE_BOUND('',#7267,.F.);
#7267 = EDGE_LOOP('',(#7268,#7269,#7292,#7314));
#7268 = ORIENTED_EDGE('',*,*,#3029,.F.);
#7269 = ORIENTED_EDGE('',*,*,#7270,.F.);
#7270 = EDGE_CURVE('',#7271,#3004,#7273,.T.);
#7271 = VERTEX_POINT('',#7272);
#7272 = CARTESIAN_POINT('',(220.827202169,10.106,134.237992287));
#7273 = SURFACE_CURVE('',#7274,(#7278,#7285),.PCURVE_S1.);
#7274 = LINE('',#7275,#7276);
#7275 = CARTESIAN_POINT('',(219.8272,10.106,134.237992287));
#7276 = VECTOR('',#7277,1.);
#7277 = DIRECTION('',(1.,0.,0.));
#7278 = PCURVE('',#3046,#7279);
#7279 = DEFINITIONAL_REPRESENTATION('',(#7280),#7284);
#7280 = LINE('',#7281,#7282);
#7281 = CARTESIAN_POINT('',(-160.1608,10.));
#7282 = VECTOR('',#7283,1.);
#7283 = DIRECTION('',(1.,0.));
#7284 = ( GEOMETRIC_REPRESENTATION_CONTEXT(2) 
PARAMETRIC_REPRESENTATION_CONTEXT() REPRESENTATION_CONTEXT('2D SPACE',''
  ) );
#7285 = PCURVE('',#3018,#7286);
#7286 = DEFINITIONAL_REPRESENTATION('',(#7287),#7291);
#7287 = LINE('',#7288,#7289);
#7288 = CARTESIAN_POINT('',(0.,-74.737992287));
#7289 = VECTOR('',#7290,1.);
#7290 = DIRECTION('',(1.,0.));
#7291 = ( GEOMETRIC_REPRESENTATION_CONTEXT(2) 
PARAMETRIC_REPRESENTATION_CONTEXT() REPRESENTATION_CONTEXT('2D SPACE',''
  ) );
#7292 = ORIENTED_EDGE('',*,*,#7293,.T.);
#7293 = EDGE_CURVE('',#7271,#7224,#7294,.T.);
#7294 = SURFACE_CURVE('',#7295,(#7300,#7307),.PCURVE_S1.);
#7295 = CIRCLE('',#7296,60.);
#7296 = AXIS2_PLACEMENT_3D('',#7297,#7298,#7299);
#7297 = CARTESIAN_POINT('',(279.988,0.106,134.237992287));
#7298 = DIRECTION('',(0.,0.,1.));
#7299 = DIRECTION('',(1.,0.,-0.));
#7300 = PCURVE('',#3046,#7301);
#7301 = DEFINITIONAL_REPRESENTATION('',(#7302),#7306);
#7302 = CIRCLE('',#7303,60.);
#7303 = AXIS2_PLACEMENT_2D('',#7304,#7305);
#7304 = CARTESIAN_POINT('',(-100.,1.638966740103E-14));
#7305 = DIRECTION('',(1.,0.));
#7306 = ( GEOMETRIC_REPRESENTATION_CONTEXT(2) 
PARAMETRIC_REPRESENTATION_CONTEXT() REPRESENTATION_CONTEXT('2D SPACE',''
  ) );
#7307 = PCURVE('',#5516,#7308);
#7308 = DEFINITIONAL_REPRESENTATION('',(#7309),#7313);
#7309 = LINE('',#7310,#7311);
#7310 = CARTESIAN_POINT('',(0.,-30.000007713));
#7311 = VECTOR('',#7312,1.);
#7312 = DIRECTION('',(1.,0.));
#7313 = ( GEOMETRIC_REPRESENTATION_CONTEXT(2) 
PARAMETRIC_REPRESENTATION_CONTEXT() REPRESENTATION_CONTEXT('2D SPACE',''
  ) );
#7314 = ORIENTED_EDGE('',*,*,#7223,.F.);
#7315 = ADVANCED_FACE('',(#7316),#3018,.F.);
#7316 = FACE_BOUND('',#7317,.F.);
#7317 = EDGE_LOOP('',(#7318,#7339,#7340,#7341));
#7318 = ORIENTED_EDGE('',*,*,#7319,.T.);
#7319 = EDGE_CURVE('',#7320,#7271,#7322,.T.);
#7320 = VERTEX_POINT('',#7321);
#7321 = CARTESIAN_POINT('',(220.827202169,10.106,59.500007713));
#7322 = SURFACE_CURVE('',#7323,(#7327,#7333),.PCURVE_S1.);
#7323 = LINE('',#7324,#7325);
#7324 = CARTESIAN_POINT('',(220.827202169,10.106,164.238));
#7325 = VECTOR('',#7326,1.);
#7326 = DIRECTION('',(0.,0.,1.));
#7327 = PCURVE('',#3018,#7328);
#7328 = DEFINITIONAL_REPRESENTATION('',(#7329),#7332);
#7329 = B_SPLINE_CURVE_WITH_KNOTS('',1,(#7330,#7331),.UNSPECIFIED.,.F.,
  .F.,(2,2),(-104.737992887,-29.9999994),.PIECEWISE_BEZIER_KNOTS.);
#7330 = CARTESIAN_POINT('',(1.000002169004,-7.112999995229E-06));
#7331 = CARTESIAN_POINT('',(1.000002169004,-74.7380006));
#7332 = ( GEOMETRIC_REPRESENTATION_CONTEXT(2) 
PARAMETRIC_REPRESENTATION_CONTEXT() REPRESENTATION_CONTEXT('2D SPACE',''
  ) );
#7333 = PCURVE('',#5516,#7334);
#7334 = DEFINITIONAL_REPRESENTATION('',(#7335),#7338);
#7335 = B_SPLINE_CURVE_WITH_KNOTS('',1,(#7336,#7337),.UNSPECIFIED.,.F.,
  .F.,(2,2),(-104.737992887,-29.9999994),.PIECEWISE_BEZIER_KNOTS.);
#7336 = CARTESIAN_POINT('',(2.97414457437,-104.737992887));
#7337 = CARTESIAN_POINT('',(2.97414457437,-29.9999994));
#7338 = ( GEOMETRIC_REPRESENTATION_CONTEXT(2) 
PARAMETRIC_REPRESENTATION_CONTEXT() REPRESENTATION_CONTEXT('2D SPACE',''
  ) );
#7339 = ORIENTED_EDGE('',*,*,#7270,.T.);
#7340 = ORIENTED_EDGE('',*,*,#3003,.F.);
#7341 = ORIENTED_EDGE('',*,*,#7342,.T.);
#7342 = EDGE_CURVE('',#2975,#7320,#7343,.T.);
#7343 = SURFACE_CURVE('',#7344,(#7348,#7354),.PCURVE_S1.);
#7344 = LINE('',#7345,#7346);
#7345 = CARTESIAN_POINT('',(249.9076,10.106,59.500007713));
#7346 = VECTOR('',#7347,1.);
#7347 = DIRECTION('',(-1.,0.,0.));
#7348 = PCURVE('',#3018,#7349);
#7349 = DEFINITIONAL_REPRESENTATION('',(#7350),#7353);
#7350 = B_SPLINE_CURVE_WITH_KNOTS('',1,(#7351,#7352),.UNSPECIFIED.,.F.,
  .F.,(2,2),(-20.0804,29.9196),.PIECEWISE_BEZIER_KNOTS.);
#7351 = CARTESIAN_POINT('',(50.1608,-7.713000002241E-06));
#7352 = CARTESIAN_POINT('',(0.1608,-7.713000002241E-06));
#7353 = ( GEOMETRIC_REPRESENTATION_CONTEXT(2) 
PARAMETRIC_REPRESENTATION_CONTEXT() REPRESENTATION_CONTEXT('2D SPACE',''
  ) );
#7354 = PCURVE('',#2991,#7355);
#7355 = DEFINITIONAL_REPRESENTATION('',(#7356),#7359);
#7356 = B_SPLINE_CURVE_WITH_KNOTS('',1,(#7357,#7358),.UNSPECIFIED.,.F.,
  .F.,(2,2),(-20.0804,29.9196),.PIECEWISE_BEZIER_KNOTS.);
#7357 = CARTESIAN_POINT('',(-10.,10.));
#7358 = CARTESIAN_POINT('',(-60.,10.));
#7359 = ( GEOMETRIC_REPRESENTATION_CONTEXT(2) 
PARAMETRIC_REPRESENTATION_CONTEXT() REPRESENTATION_CONTEXT('2D SPACE',''
  ) );
#7360 = ADVANCED_FACE('',(#7361),#2991,.F.);
#7361 = FACE_BOUND('',#7362,.F.);
#7362 = EDGE_LOOP('',(#7363,#7384,#7406,#7407));
#7363 = ORIENTED_EDGE('',*,*,#7364,.T.);
#7364 = EDGE_CURVE('',#2949,#7365,#7367,.T.);
#7365 = VERTEX_POINT('',#7366);
#7366 = CARTESIAN_POINT('',(269.988,59.266797830996,59.500007713));
#7367 = SURFACE_CURVE('',#7368,(#7372,#7378),.PCURVE_S1.);
#7368 = LINE('',#7369,#7370);
#7369 = CARTESIAN_POINT('',(269.988,30.1864,59.500007713));
#7370 = VECTOR('',#7371,1.);
#7371 = DIRECTION('',(-0.,1.,0.));
#7372 = PCURVE('',#2991,#7373);
#7373 = DEFINITIONAL_REPRESENTATION('',(#7374),#7377);
#7374 = B_SPLINE_CURVE_WITH_KNOTS('',1,(#7375,#7376),.UNSPECIFIED.,.F.,
  .F.,(2,2),(-20.0804,29.9196),.PIECEWISE_BEZIER_KNOTS.);
#7375 = CARTESIAN_POINT('',(-10.,10.));
#7376 = CARTESIAN_POINT('',(-10.,60.));
#7377 = ( GEOMETRIC_REPRESENTATION_CONTEXT(2) 
PARAMETRIC_REPRESENTATION_CONTEXT() REPRESENTATION_CONTEXT('2D SPACE',''
  ) );
#7378 = PCURVE('',#2963,#7379);
#7379 = DEFINITIONAL_REPRESENTATION('',(#7380),#7383);
#7380 = B_SPLINE_CURVE_WITH_KNOTS('',1,(#7381,#7382),.UNSPECIFIED.,.F.,
  .F.,(2,2),(-20.0804,29.9196),.PIECEWISE_BEZIER_KNOTS.);
#7381 = CARTESIAN_POINT('',(50.1608,-7.713000002241E-06));
#7382 = CARTESIAN_POINT('',(0.1608,-7.713000002241E-06));
#7383 = ( GEOMETRIC_REPRESENTATION_CONTEXT(2) 
PARAMETRIC_REPRESENTATION_CONTEXT() REPRESENTATION_CONTEXT('2D SPACE',''
  ) );
#7384 = ORIENTED_EDGE('',*,*,#7385,.T.);
#7385 = EDGE_CURVE('',#7365,#7320,#7386,.T.);
#7386 = SURFACE_CURVE('',#7387,(#7392,#7399),.PCURVE_S1.);
#7387 = CIRCLE('',#7388,60.);
#7388 = AXIS2_PLACEMENT_3D('',#7389,#7390,#7391);
#7389 = CARTESIAN_POINT('',(279.988,0.106,59.500007713));
#7390 = DIRECTION('',(0.,0.,1.));
#7391 = DIRECTION('',(1.,0.,0.));
#7392 = PCURVE('',#2991,#7393);
#7393 = DEFINITIONAL_REPRESENTATION('',(#7394),#7398);
#7394 = CIRCLE('',#7395,60.);
#7395 = AXIS2_PLACEMENT_2D('',#7396,#7397);
#7396 = CARTESIAN_POINT('',(4.375808424126E-15,-4.679120177894E-16));
#7397 = DIRECTION('',(1.,0.));
#7398 = ( GEOMETRIC_REPRESENTATION_CONTEXT(2) 
PARAMETRIC_REPRESENTATION_CONTEXT() REPRESENTATION_CONTEXT('2D SPACE',''
  ) );
#7399 = PCURVE('',#5516,#7400);
#7400 = DEFINITIONAL_REPRESENTATION('',(#7401),#7405);
#7401 = LINE('',#7402,#7403);
#7402 = CARTESIAN_POINT('',(0.,-104.737992287));
#7403 = VECTOR('',#7404,1.);
#7404 = DIRECTION('',(1.,0.));
#7405 = ( GEOMETRIC_REPRESENTATION_CONTEXT(2) 
PARAMETRIC_REPRESENTATION_CONTEXT() REPRESENTATION_CONTEXT('2D SPACE',''
  ) );
#7406 = ORIENTED_EDGE('',*,*,#7342,.F.);
#7407 = ORIENTED_EDGE('',*,*,#2974,.F.);
#7408 = ADVANCED_FACE('',(#7409),#2963,.T.);
#7409 = FACE_BOUND('',#7410,.T.);
#7410 = EDGE_LOOP('',(#7411,#7432,#7453,#7454));
#7411 = ORIENTED_EDGE('',*,*,#7412,.T.);
#7412 = EDGE_CURVE('',#7365,#7413,#7415,.T.);
#7413 = VERTEX_POINT('',#7414);
#7414 = CARTESIAN_POINT('',(269.988,59.266797830996,134.237992287));
#7415 = SURFACE_CURVE('',#7416,(#7420,#7426),.PCURVE_S1.);
#7416 = LINE('',#7417,#7418);
#7417 = CARTESIAN_POINT('',(269.988,59.266797830996,164.238));
#7418 = VECTOR('',#7419,1.);
#7419 = DIRECTION('',(0.,0.,1.));
#7420 = PCURVE('',#2963,#7421);
#7421 = DEFINITIONAL_REPRESENTATION('',(#7422),#7425);
#7422 = B_SPLINE_CURVE_WITH_KNOTS('',1,(#7423,#7424),.UNSPECIFIED.,.F.,
  .F.,(2,2),(-104.737992887,-29.9999994),.PIECEWISE_BEZIER_KNOTS.);
#7423 = CARTESIAN_POINT('',(1.000002169004,-7.112999995229E-06));
#7424 = CARTESIAN_POINT('',(1.000002169004,-74.7380006));
#7425 = ( GEOMETRIC_REPRESENTATION_CONTEXT(2) 
PARAMETRIC_REPRESENTATION_CONTEXT() REPRESENTATION_CONTEXT('2D SPACE',''
  ) );
#7426 = PCURVE('',#5516,#7427);
#7427 = DEFINITIONAL_REPRESENTATION('',(#7428),#7431);
#7428 = B_SPLINE_CURVE_WITH_KNOTS('',1,(#7429,#7430),.UNSPECIFIED.,.F.,
  .F.,(2,2),(-104.737992887,-29.9999994),.PIECEWISE_BEZIER_KNOTS.);
#7429 = CARTESIAN_POINT('',(1.738244406015,-104.737992887));
#7430 = CARTESIAN_POINT('',(1.738244406015,-29.9999994));
#7431 = ( GEOMETRIC_REPRESENTATION_CONTEXT(2) 
PARAMETRIC_REPRESENTATION_CONTEXT() REPRESENTATION_CONTEXT('2D SPACE',''
  ) );
#7432 = ORIENTED_EDGE('',*,*,#7433,.T.);
#7433 = EDGE_CURVE('',#7413,#2920,#7434,.T.);
#7434 = SURFACE_CURVE('',#7435,(#7439,#7446),.PCURVE_S1.);
#7435 = LINE('',#7436,#7437);
#7436 = CARTESIAN_POINT('',(269.988,60.2668,134.237992287));
#7437 = VECTOR('',#7438,1.);
#7438 = DIRECTION('',(0.,-1.,0.));
#7439 = PCURVE('',#2963,#7440);
#7440 = DEFINITIONAL_REPRESENTATION('',(#7441),#7445);
#7441 = LINE('',#7442,#7443);
#7442 = CARTESIAN_POINT('',(0.,-74.737992287));
#7443 = VECTOR('',#7444,1.);
#7444 = DIRECTION('',(1.,0.));
#7445 = ( GEOMETRIC_REPRESENTATION_CONTEXT(2) 
PARAMETRIC_REPRESENTATION_CONTEXT() REPRESENTATION_CONTEXT('2D SPACE',''
  ) );
#7446 = PCURVE('',#2936,#7447);
#7447 = DEFINITIONAL_REPRESENTATION('',(#7448),#7452);
#7448 = LINE('',#7449,#7450);
#7449 = CARTESIAN_POINT('',(-110.,60.1608));
#7450 = VECTOR('',#7451,1.);
#7451 = DIRECTION('',(0.,-1.));
#7452 = ( GEOMETRIC_REPRESENTATION_CONTEXT(2) 
PARAMETRIC_REPRESENTATION_CONTEXT() REPRESENTATION_CONTEXT('2D SPACE',''
  ) );
#7453 = ORIENTED_EDGE('',*,*,#2948,.F.);
#7454 = ORIENTED_EDGE('',*,*,#7364,.T.);
#7455 = ADVANCED_FACE('',(#7456),#2936,.F.);
#7456 = FACE_BOUND('',#7457,.F.);
#7457 = EDGE_LOOP('',(#7458,#7459,#7482,#7504));
#7458 = ORIENTED_EDGE('',*,*,#2919,.F.);
#7459 = ORIENTED_EDGE('',*,*,#7460,.T.);
#7460 = EDGE_CURVE('',#2894,#7461,#7463,.T.);
#7461 = VERTEX_POINT('',#7462);
#7462 = CARTESIAN_POINT('',(289.988,59.266797830996,134.237992287));
#7463 = SURFACE_CURVE('',#7464,(#7468,#7475),.PCURVE_S1.);
#7464 = LINE('',#7465,#7466);
#7465 = CARTESIAN_POINT('',(289.988,-60.0548,134.237992287));
#7466 = VECTOR('',#7467,1.);
#7467 = DIRECTION('',(0.,1.,0.));
#7468 = PCURVE('',#2936,#7469);
#7469 = DEFINITIONAL_REPRESENTATION('',(#7470),#7474);
#7470 = LINE('',#7471,#7472);
#7471 = CARTESIAN_POINT('',(-90.,-60.1608));
#7472 = VECTOR('',#7473,1.);
#7473 = DIRECTION('',(0.,1.));
#7474 = ( GEOMETRIC_REPRESENTATION_CONTEXT(2) 
PARAMETRIC_REPRESENTATION_CONTEXT() REPRESENTATION_CONTEXT('2D SPACE',''
  ) );
#7475 = PCURVE('',#2908,#7476);
#7476 = DEFINITIONAL_REPRESENTATION('',(#7477),#7481);
#7477 = LINE('',#7478,#7479);
#7478 = CARTESIAN_POINT('',(-70.1608,-74.737992287));
#7479 = VECTOR('',#7480,1.);
#7480 = DIRECTION('',(1.,0.));
#7481 = ( GEOMETRIC_REPRESENTATION_CONTEXT(2) 
PARAMETRIC_REPRESENTATION_CONTEXT() REPRESENTATION_CONTEXT('2D SPACE',''
  ) );
#7482 = ORIENTED_EDGE('',*,*,#7483,.T.);
#7483 = EDGE_CURVE('',#7461,#7413,#7484,.T.);
#7484 = SURFACE_CURVE('',#7485,(#7490,#7497),.PCURVE_S1.);
#7485 = CIRCLE('',#7486,60.);
#7486 = AXIS2_PLACEMENT_3D('',#7487,#7488,#7489);
#7487 = CARTESIAN_POINT('',(279.988,0.106,134.237992287));
#7488 = DIRECTION('',(0.,0.,1.));
#7489 = DIRECTION('',(1.,0.,-0.));
#7490 = PCURVE('',#2936,#7491);
#7491 = DEFINITIONAL_REPRESENTATION('',(#7492),#7496);
#7492 = CIRCLE('',#7493,60.);
#7493 = AXIS2_PLACEMENT_2D('',#7494,#7495);
#7494 = CARTESIAN_POINT('',(-100.,1.638966740103E-14));
#7495 = DIRECTION('',(1.,0.));
#7496 = ( GEOMETRIC_REPRESENTATION_CONTEXT(2) 
PARAMETRIC_REPRESENTATION_CONTEXT() REPRESENTATION_CONTEXT('2D SPACE',''
  ) );
#7497 = PCURVE('',#5516,#7498);
#7498 = DEFINITIONAL_REPRESENTATION('',(#7499),#7503);
#7499 = LINE('',#7500,#7501);
#7500 = CARTESIAN_POINT('',(0.,-30.000007713));
#7501 = VECTOR('',#7502,1.);
#7502 = DIRECTION('',(1.,0.));
#7503 = ( GEOMETRIC_REPRESENTATION_CONTEXT(2) 
PARAMETRIC_REPRESENTATION_CONTEXT() REPRESENTATION_CONTEXT('2D SPACE',''
  ) );
#7504 = ORIENTED_EDGE('',*,*,#7433,.T.);
#7505 = ADVANCED_FACE('',(#7506),#2908,.T.);
#7506 = FACE_BOUND('',#7507,.T.);
#7507 = EDGE_LOOP('',(#7508,#7509,#7510,#7531));
#7508 = ORIENTED_EDGE('',*,*,#2893,.T.);
#7509 = ORIENTED_EDGE('',*,*,#7460,.T.);
#7510 = ORIENTED_EDGE('',*,*,#7511,.F.);
#7511 = EDGE_CURVE('',#7512,#7461,#7514,.T.);
#7512 = VERTEX_POINT('',#7513);
#7513 = CARTESIAN_POINT('',(289.988,59.266797830996,59.500007713));
#7514 = SURFACE_CURVE('',#7515,(#7519,#7525),.PCURVE_S1.);
#7515 = LINE('',#7516,#7517);
#7516 = CARTESIAN_POINT('',(289.988,59.266797830996,164.238));
#7517 = VECTOR('',#7518,1.);
#7518 = DIRECTION('',(0.,0.,1.));
#7519 = PCURVE('',#2908,#7520);
#7520 = DEFINITIONAL_REPRESENTATION('',(#7521),#7524);
#7521 = B_SPLINE_CURVE_WITH_KNOTS('',1,(#7522,#7523),.UNSPECIFIED.,.F.,
  .F.,(2,2),(-104.737992887,-29.9999994),.PIECEWISE_BEZIER_KNOTS.);
#7522 = CARTESIAN_POINT('',(49.160797830996,-7.112999995229E-06));
#7523 = CARTESIAN_POINT('',(49.160797830996,-74.7380006));
#7524 = ( GEOMETRIC_REPRESENTATION_CONTEXT(2) 
PARAMETRIC_REPRESENTATION_CONTEXT() REPRESENTATION_CONTEXT('2D SPACE',''
  ) );
#7525 = PCURVE('',#5516,#7526);
#7526 = DEFINITIONAL_REPRESENTATION('',(#7527),#7530);
#7527 = B_SPLINE_CURVE_WITH_KNOTS('',1,(#7528,#7529),.UNSPECIFIED.,.F.,
  .F.,(2,2),(-104.737992887,-29.9999994),.PIECEWISE_BEZIER_KNOTS.);
#7528 = CARTESIAN_POINT('',(1.403348247575,-104.737992887));
#7529 = CARTESIAN_POINT('',(1.403348247575,-29.9999994));
#7530 = ( GEOMETRIC_REPRESENTATION_CONTEXT(2) 
PARAMETRIC_REPRESENTATION_CONTEXT() REPRESENTATION_CONTEXT('2D SPACE',''
  ) );
#7531 = ORIENTED_EDGE('',*,*,#7532,.T.);
#7532 = EDGE_CURVE('',#7512,#2865,#7533,.T.);
#7533 = SURFACE_CURVE('',#7534,(#7538,#7544),.PCURVE_S1.);
#7534 = LINE('',#7535,#7536);
#7535 = CARTESIAN_POINT('',(289.988,5.106,59.500007713));
#7536 = VECTOR('',#7537,1.);
#7537 = DIRECTION('',(0.,-1.,0.));
#7538 = PCURVE('',#2908,#7539);
#7539 = DEFINITIONAL_REPRESENTATION('',(#7540),#7543);
#7540 = B_SPLINE_CURVE_WITH_KNOTS('',1,(#7541,#7542),.UNSPECIFIED.,.F.,
  .F.,(2,2),(-55.,-5.),.PIECEWISE_BEZIER_KNOTS.);
#7541 = CARTESIAN_POINT('',(50.,-7.713000002241E-06));
#7542 = CARTESIAN_POINT('',(0.,-7.713000002241E-06));
#7543 = ( GEOMETRIC_REPRESENTATION_CONTEXT(2) 
PARAMETRIC_REPRESENTATION_CONTEXT() REPRESENTATION_CONTEXT('2D SPACE',''
  ) );
#7544 = PCURVE('',#2881,#7545);
#7545 = DEFINITIONAL_REPRESENTATION('',(#7546),#7549);
#7546 = B_SPLINE_CURVE_WITH_KNOTS('',1,(#7547,#7548),.UNSPECIFIED.,.F.,
  .F.,(2,2),(-55.,-5.),.PIECEWISE_BEZIER_KNOTS.);
#7547 = CARTESIAN_POINT('',(10.,60.));
#7548 = CARTESIAN_POINT('',(10.,10.));
#7549 = ( GEOMETRIC_REPRESENTATION_CONTEXT(2) 
PARAMETRIC_REPRESENTATION_CONTEXT() REPRESENTATION_CONTEXT('2D SPACE',''
  ) );
#7550 = ADVANCED_FACE('',(#7551),#2881,.F.);
#7551 = FACE_BOUND('',#7552,.F.);
#7552 = EDGE_LOOP('',(#7553,#7574,#7596,#7597));
#7553 = ORIENTED_EDGE('',*,*,#7554,.F.);
#7554 = EDGE_CURVE('',#7555,#2839,#7557,.T.);
#7555 = VERTEX_POINT('',#7556);
#7556 = CARTESIAN_POINT('',(339.14879783099,10.106,59.500007713));
#7557 = SURFACE_CURVE('',#7558,(#7562,#7568),.PCURVE_S1.);
#7558 = LINE('',#7559,#7560);
#7559 = CARTESIAN_POINT('',(284.988,10.106,59.500007713));
#7560 = VECTOR('',#7561,1.);
#7561 = DIRECTION('',(-1.,0.,0.));
#7562 = PCURVE('',#2881,#7563);
#7563 = DEFINITIONAL_REPRESENTATION('',(#7564),#7567);
#7564 = B_SPLINE_CURVE_WITH_KNOTS('',1,(#7565,#7566),.UNSPECIFIED.,.F.,
  .F.,(2,2),(-55.,-5.),.PIECEWISE_BEZIER_KNOTS.);
#7565 = CARTESIAN_POINT('',(60.,10.));
#7566 = CARTESIAN_POINT('',(10.,10.));
#7567 = ( GEOMETRIC_REPRESENTATION_CONTEXT(2) 
PARAMETRIC_REPRESENTATION_CONTEXT() REPRESENTATION_CONTEXT('2D SPACE',''
  ) );
#7568 = PCURVE('',#2853,#7569);
#7569 = DEFINITIONAL_REPRESENTATION('',(#7570),#7573);
#7570 = B_SPLINE_CURVE_WITH_KNOTS('',1,(#7571,#7572),.UNSPECIFIED.,.F.,
  .F.,(2,2),(-55.,-5.),.PIECEWISE_BEZIER_KNOTS.);
#7571 = CARTESIAN_POINT('',(50.,-7.713000002241E-06));
#7572 = CARTESIAN_POINT('',(0.,-7.713000002241E-06));
#7573 = ( GEOMETRIC_REPRESENTATION_CONTEXT(2) 
PARAMETRIC_REPRESENTATION_CONTEXT() REPRESENTATION_CONTEXT('2D SPACE',''
  ) );
#7574 = ORIENTED_EDGE('',*,*,#7575,.T.);
#7575 = EDGE_CURVE('',#7555,#7512,#7576,.T.);
#7576 = SURFACE_CURVE('',#7577,(#7582,#7589),.PCURVE_S1.);
#7577 = CIRCLE('',#7578,60.);
#7578 = AXIS2_PLACEMENT_3D('',#7579,#7580,#7581);
#7579 = CARTESIAN_POINT('',(279.988,0.106,59.500007713));
#7580 = DIRECTION('',(0.,0.,1.));
#7581 = DIRECTION('',(1.,0.,0.));
#7582 = PCURVE('',#2881,#7583);
#7583 = DEFINITIONAL_REPRESENTATION('',(#7584),#7588);
#7584 = CIRCLE('',#7585,60.);
#7585 = AXIS2_PLACEMENT_2D('',#7586,#7587);
#7586 = CARTESIAN_POINT('',(4.375808424126E-15,-4.679120177894E-16));
#7587 = DIRECTION('',(1.,0.));
#7588 = ( GEOMETRIC_REPRESENTATION_CONTEXT(2) 
PARAMETRIC_REPRESENTATION_CONTEXT() REPRESENTATION_CONTEXT('2D SPACE',''
  ) );
#7589 = PCURVE('',#5516,#7590);
#7590 = DEFINITIONAL_REPRESENTATION('',(#7591),#7595);
#7591 = LINE('',#7592,#7593);
#7592 = CARTESIAN_POINT('',(0.,-104.737992287));
#7593 = VECTOR('',#7594,1.);
#7594 = DIRECTION('',(1.,0.));
#7595 = ( GEOMETRIC_REPRESENTATION_CONTEXT(2) 
PARAMETRIC_REPRESENTATION_CONTEXT() REPRESENTATION_CONTEXT('2D SPACE',''
  ) );
#7596 = ORIENTED_EDGE('',*,*,#7532,.T.);
#7597 = ORIENTED_EDGE('',*,*,#2864,.F.);
#7598 = ADVANCED_FACE('',(#7599),#2853,.F.);
#7599 = FACE_BOUND('',#7600,.F.);
#7600 = EDGE_LOOP('',(#7601,#7602,#7603,#7622));
#7601 = ORIENTED_EDGE('',*,*,#2838,.T.);
#7602 = ORIENTED_EDGE('',*,*,#6868,.T.);
#7603 = ORIENTED_EDGE('',*,*,#7604,.F.);
#7604 = EDGE_CURVE('',#7555,#6845,#7605,.T.);
#7605 = SURFACE_CURVE('',#7606,(#7610,#7616),.PCURVE_S1.);
#7606 = LINE('',#7607,#7608);
#7607 = CARTESIAN_POINT('',(339.14879783099,10.106,164.238));
#7608 = VECTOR('',#7609,1.);
#7609 = DIRECTION('',(0.,0.,1.));
#7610 = PCURVE('',#2853,#7611);
#7611 = DEFINITIONAL_REPRESENTATION('',(#7612),#7615);
#7612 = B_SPLINE_CURVE_WITH_KNOTS('',1,(#7613,#7614),.UNSPECIFIED.,.F.,
  .F.,(2,2),(-104.737992887,-29.9999994),.PIECEWISE_BEZIER_KNOTS.);
#7613 = CARTESIAN_POINT('',(49.160797830996,-7.112999995229E-06));
#7614 = CARTESIAN_POINT('',(49.160797830996,-74.7380006));
#7615 = ( GEOMETRIC_REPRESENTATION_CONTEXT(2) 
PARAMETRIC_REPRESENTATION_CONTEXT() REPRESENTATION_CONTEXT('2D SPACE',''
  ) );
#7616 = PCURVE('',#5516,#7617);
#7617 = DEFINITIONAL_REPRESENTATION('',(#7618),#7621);
#7618 = B_SPLINE_CURVE_WITH_KNOTS('',1,(#7619,#7620),.UNSPECIFIED.,.F.,
  .F.,(2,2),(-104.737992887,-29.9999994),.PIECEWISE_BEZIER_KNOTS.);
#7619 = CARTESIAN_POINT('',(0.16744807922,-104.737992887));
#7620 = CARTESIAN_POINT('',(0.16744807922,-29.9999994));
#7621 = ( GEOMETRIC_REPRESENTATION_CONTEXT(2) 
PARAMETRIC_REPRESENTATION_CONTEXT() REPRESENTATION_CONTEXT('2D SPACE',''
  ) );
#7622 = ORIENTED_EDGE('',*,*,#7554,.T.);
#7623 = ADVANCED_FACE('',(#7624),#3316,.F.);
#7624 = FACE_BOUND('',#7625,.F.);
#7625 = EDGE_LOOP('',(#7626,#7649,#7650,#7651,#7674,#7698));
#7626 = ORIENTED_EDGE('',*,*,#7627,.F.);
#7627 = EDGE_CURVE('',#3300,#7628,#7630,.T.);
#7628 = VERTEX_POINT('',#7629);
#7629 = CARTESIAN_POINT('',(539.14879783099,10.106,134.237992287));
#7630 = SURFACE_CURVE('',#7631,(#7635,#7642),.PCURVE_S1.);
#7631 = LINE('',#7632,#7633);
#7632 = CARTESIAN_POINT('',(219.8272,10.106,134.237992287));
#7633 = VECTOR('',#7634,1.);
#7634 = DIRECTION('',(1.,0.,0.));
#7635 = PCURVE('',#3316,#7636);
#7636 = DEFINITIONAL_REPRESENTATION('',(#7637),#7641);
#7637 = LINE('',#7638,#7639);
#7638 = CARTESIAN_POINT('',(-160.1608,10.));
#7639 = VECTOR('',#7640,1.);
#7640 = DIRECTION('',(1.,0.));
#7641 = ( GEOMETRIC_REPRESENTATION_CONTEXT(2) 
PARAMETRIC_REPRESENTATION_CONTEXT() REPRESENTATION_CONTEXT('2D SPACE',''
  ) );
#7642 = PCURVE('',#3343,#7643);
#7643 = DEFINITIONAL_REPRESENTATION('',(#7644),#7648);
#7644 = LINE('',#7645,#7646);
#7645 = CARTESIAN_POINT('',(-270.1608,-74.737992287));
#7646 = VECTOR('',#7647,1.);
#7647 = DIRECTION('',(1.,0.));
#7648 = ( GEOMETRIC_REPRESENTATION_CONTEXT(2) 
PARAMETRIC_REPRESENTATION_CONTEXT() REPRESENTATION_CONTEXT('2D SPACE',''
  ) );
#7649 = ORIENTED_EDGE('',*,*,#3299,.F.);
#7650 = ORIENTED_EDGE('',*,*,#3739,.F.);
#7651 = ORIENTED_EDGE('',*,*,#7652,.F.);
#7652 = EDGE_CURVE('',#7653,#3714,#7655,.T.);
#7653 = VERTEX_POINT('',#7654);
#7654 = CARTESIAN_POINT('',(539.14879783099,-9.894,134.237992287));
#7655 = SURFACE_CURVE('',#7656,(#7660,#7667),.PCURVE_S1.);
#7656 = LINE('',#7657,#7658);
#7657 = CARTESIAN_POINT('',(540.1488,-9.894,134.237992287));
#7658 = VECTOR('',#7659,1.);
#7659 = DIRECTION('',(-1.,0.,0.));
#7660 = PCURVE('',#3316,#7661);
#7661 = DEFINITIONAL_REPRESENTATION('',(#7662),#7666);
#7662 = LINE('',#7663,#7664);
#7663 = CARTESIAN_POINT('',(160.1608,-10.));
#7664 = VECTOR('',#7665,1.);
#7665 = DIRECTION('',(-1.,0.));
#7666 = ( GEOMETRIC_REPRESENTATION_CONTEXT(2) 
PARAMETRIC_REPRESENTATION_CONTEXT() REPRESENTATION_CONTEXT('2D SPACE',''
  ) );
#7667 = PCURVE('',#3728,#7668);
#7668 = DEFINITIONAL_REPRESENTATION('',(#7669),#7673);
#7669 = LINE('',#7670,#7671);
#7670 = CARTESIAN_POINT('',(0.,-74.737992287));
#7671 = VECTOR('',#7672,1.);
#7672 = DIRECTION('',(1.,0.));
#7673 = ( GEOMETRIC_REPRESENTATION_CONTEXT(2) 
PARAMETRIC_REPRESENTATION_CONTEXT() REPRESENTATION_CONTEXT('2D SPACE',''
  ) );
#7674 = ORIENTED_EDGE('',*,*,#7675,.T.);
#7675 = EDGE_CURVE('',#7653,#7676,#7678,.T.);
#7676 = VERTEX_POINT('',#7677);
#7677 = CARTESIAN_POINT('',(539.988,0.106,134.237992287));
#7678 = SURFACE_CURVE('',#7679,(#7684,#7691),.PCURVE_S1.);
#7679 = CIRCLE('',#7680,60.);
#7680 = AXIS2_PLACEMENT_3D('',#7681,#7682,#7683);
#7681 = CARTESIAN_POINT('',(479.988,0.106,134.237992287));
#7682 = DIRECTION('',(0.,0.,1.));
#7683 = DIRECTION('',(1.,0.,-0.));
#7684 = PCURVE('',#3316,#7685);
#7685 = DEFINITIONAL_REPRESENTATION('',(#7686),#7690);
#7686 = CIRCLE('',#7687,60.);
#7687 = AXIS2_PLACEMENT_2D('',#7688,#7689);
#7688 = CARTESIAN_POINT('',(100.,1.638966740103E-14));
#7689 = DIRECTION('',(1.,0.));
#7690 = ( GEOMETRIC_REPRESENTATION_CONTEXT(2) 
PARAMETRIC_REPRESENTATION_CONTEXT() REPRESENTATION_CONTEXT('2D SPACE',''
  ) );
#7691 = PCURVE('',#5481,#7692);
#7692 = DEFINITIONAL_REPRESENTATION('',(#7693),#7697);
#7693 = LINE('',#7694,#7695);
#7694 = CARTESIAN_POINT('',(0.,-30.000007713));
#7695 = VECTOR('',#7696,1.);
#7696 = DIRECTION('',(1.,0.));
#7697 = ( GEOMETRIC_REPRESENTATION_CONTEXT(2) 
PARAMETRIC_REPRESENTATION_CONTEXT() REPRESENTATION_CONTEXT('2D SPACE',''
  ) );
#7698 = ORIENTED_EDGE('',*,*,#7699,.T.);
#7699 = EDGE_CURVE('',#7676,#7628,#7700,.T.);
#7700 = SURFACE_CURVE('',#7701,(#7706,#7713),.PCURVE_S1.);
#7701 = CIRCLE('',#7702,60.);
#7702 = AXIS2_PLACEMENT_3D('',#7703,#7704,#7705);
#7703 = CARTESIAN_POINT('',(479.988,0.106,134.237992287));
#7704 = DIRECTION('',(0.,0.,1.));
#7705 = DIRECTION('',(1.,0.,-0.));
#7706 = PCURVE('',#3316,#7707);
#7707 = DEFINITIONAL_REPRESENTATION('',(#7708),#7712);
#7708 = CIRCLE('',#7709,60.);
#7709 = AXIS2_PLACEMENT_2D('',#7710,#7711);
#7710 = CARTESIAN_POINT('',(100.,1.638966740103E-14));
#7711 = DIRECTION('',(1.,0.));
#7712 = ( GEOMETRIC_REPRESENTATION_CONTEXT(2) 
PARAMETRIC_REPRESENTATION_CONTEXT() REPRESENTATION_CONTEXT('2D SPACE',''
  ) );
#7713 = PCURVE('',#5481,#7714);
#7714 = DEFINITIONAL_REPRESENTATION('',(#7715),#7719);
#7715 = LINE('',#7716,#7717);
#7716 = CARTESIAN_POINT('',(0.,-30.000007713));
#7717 = VECTOR('',#7718,1.);
#7718 = DIRECTION('',(1.,0.));
#7719 = ( GEOMETRIC_REPRESENTATION_CONTEXT(2) 
PARAMETRIC_REPRESENTATION_CONTEXT() REPRESENTATION_CONTEXT('2D SPACE',''
  ) );
#7720 = ADVANCED_FACE('',(#7721),#3728,.F.);
#7721 = FACE_BOUND('',#7722,.F.);
#7722 = EDGE_LOOP('',(#7723,#7744,#7745,#7746));
#7723 = ORIENTED_EDGE('',*,*,#7724,.T.);
#7724 = EDGE_CURVE('',#7725,#7653,#7727,.T.);
#7725 = VERTEX_POINT('',#7726);
#7726 = CARTESIAN_POINT('',(539.14879783099,-9.894,59.500007713));
#7727 = SURFACE_CURVE('',#7728,(#7732,#7738),.PCURVE_S1.);
#7728 = LINE('',#7729,#7730);
#7729 = CARTESIAN_POINT('',(539.14879783099,-9.894,164.238));
#7730 = VECTOR('',#7731,1.);
#7731 = DIRECTION('',(0.,0.,1.));
#7732 = PCURVE('',#3728,#7733);
#7733 = DEFINITIONAL_REPRESENTATION('',(#7734),#7737);
#7734 = B_SPLINE_CURVE_WITH_KNOTS('',1,(#7735,#7736),.UNSPECIFIED.,.F.,
  .F.,(2,2),(-104.737992887,-29.9999994),.PIECEWISE_BEZIER_KNOTS.);
#7735 = CARTESIAN_POINT('',(1.000002169004,-7.112999995229E-06));
#7736 = CARTESIAN_POINT('',(1.000002169004,-74.7380006));
#7737 = ( GEOMETRIC_REPRESENTATION_CONTEXT(2) 
PARAMETRIC_REPRESENTATION_CONTEXT() REPRESENTATION_CONTEXT('2D SPACE',''
  ) );
#7738 = PCURVE('',#5481,#7739);
#7739 = DEFINITIONAL_REPRESENTATION('',(#7740),#7743);
#7740 = B_SPLINE_CURVE_WITH_KNOTS('',1,(#7741,#7742),.UNSPECIFIED.,.F.,
  .F.,(2,2),(-104.737992887,-29.9999994),.PIECEWISE_BEZIER_KNOTS.);
#7741 = CARTESIAN_POINT('',(6.11573722796,-104.737992887));
#7742 = CARTESIAN_POINT('',(6.11573722796,-29.9999994));
#7743 = ( GEOMETRIC_REPRESENTATION_CONTEXT(2) 
PARAMETRIC_REPRESENTATION_CONTEXT() REPRESENTATION_CONTEXT('2D SPACE',''
  ) );
#7744 = ORIENTED_EDGE('',*,*,#7652,.T.);
#7745 = ORIENTED_EDGE('',*,*,#3713,.F.);
#7746 = ORIENTED_EDGE('',*,*,#7747,.T.);
#7747 = EDGE_CURVE('',#3685,#7725,#7748,.T.);
#7748 = SURFACE_CURVE('',#7749,(#7753,#7759),.PCURVE_S1.);
#7749 = LINE('',#7750,#7751);
#7750 = CARTESIAN_POINT('',(510.0684,-9.894,59.500007713));
#7751 = VECTOR('',#7752,1.);
#7752 = DIRECTION('',(1.,0.,-0.));
#7753 = PCURVE('',#3728,#7754);
#7754 = DEFINITIONAL_REPRESENTATION('',(#7755),#7758);
#7755 = B_SPLINE_CURVE_WITH_KNOTS('',1,(#7756,#7757),.UNSPECIFIED.,.F.,
  .F.,(2,2),(-20.0804,29.9196),.PIECEWISE_BEZIER_KNOTS.);
#7756 = CARTESIAN_POINT('',(50.1608,-7.713000002241E-06));
#7757 = CARTESIAN_POINT('',(0.1608,-7.713000002241E-06));
#7758 = ( GEOMETRIC_REPRESENTATION_CONTEXT(2) 
PARAMETRIC_REPRESENTATION_CONTEXT() REPRESENTATION_CONTEXT('2D SPACE',''
  ) );
#7759 = PCURVE('',#3701,#7760);
#7760 = DEFINITIONAL_REPRESENTATION('',(#7761),#7764);
#7761 = B_SPLINE_CURVE_WITH_KNOTS('',1,(#7762,#7763),.UNSPECIFIED.,.F.,
  .F.,(2,2),(-20.0804,29.9196),.PIECEWISE_BEZIER_KNOTS.);
#7762 = CARTESIAN_POINT('',(10.,-10.));
#7763 = CARTESIAN_POINT('',(60.,-10.));
#7764 = ( GEOMETRIC_REPRESENTATION_CONTEXT(2) 
PARAMETRIC_REPRESENTATION_CONTEXT() REPRESENTATION_CONTEXT('2D SPACE',''
  ) );
#7765 = ADVANCED_FACE('',(#7766),#3701,.F.);
#7766 = FACE_BOUND('',#7767,.F.);
#7767 = EDGE_LOOP('',(#7768,#7792,#7793,#7794));
#7768 = ORIENTED_EDGE('',*,*,#7769,.T.);
#7769 = EDGE_CURVE('',#7770,#7725,#7772,.T.);
#7770 = VERTEX_POINT('',#7771);
#7771 = CARTESIAN_POINT('',(489.988,-59.05479783099,59.500007713));
#7772 = SURFACE_CURVE('',#7773,(#7778,#7785),.PCURVE_S1.);
#7773 = CIRCLE('',#7774,60.);
#7774 = AXIS2_PLACEMENT_3D('',#7775,#7776,#7777);
#7775 = CARTESIAN_POINT('',(479.988,0.106,59.500007713));
#7776 = DIRECTION('',(0.,0.,1.));
#7777 = DIRECTION('',(1.,0.,0.));
#7778 = PCURVE('',#3701,#7779);
#7779 = DEFINITIONAL_REPRESENTATION('',(#7780),#7784);
#7780 = CIRCLE('',#7781,60.);
#7781 = AXIS2_PLACEMENT_2D('',#7782,#7783);
#7782 = CARTESIAN_POINT('',(4.375808424126E-15,-4.679120177894E-16));
#7783 = DIRECTION('',(1.,0.));
#7784 = ( GEOMETRIC_REPRESENTATION_CONTEXT(2) 
PARAMETRIC_REPRESENTATION_CONTEXT() REPRESENTATION_CONTEXT('2D SPACE',''
  ) );
#7785 = PCURVE('',#5481,#7786);
#7786 = DEFINITIONAL_REPRESENTATION('',(#7787),#7791);
#7787 = LINE('',#7788,#7789);
#7788 = CARTESIAN_POINT('',(0.,-104.737992287));
#7789 = VECTOR('',#7790,1.);
#7790 = DIRECTION('',(1.,0.));
#7791 = ( GEOMETRIC_REPRESENTATION_CONTEXT(2) 
PARAMETRIC_REPRESENTATION_CONTEXT() REPRESENTATION_CONTEXT('2D SPACE',''
  ) );
#7792 = ORIENTED_EDGE('',*,*,#7747,.F.);
#7793 = ORIENTED_EDGE('',*,*,#3684,.F.);
#7794 = ORIENTED_EDGE('',*,*,#7795,.T.);
#7795 = EDGE_CURVE('',#3659,#7770,#7796,.T.);
#7796 = SURFACE_CURVE('',#7797,(#7801,#7807),.PCURVE_S1.);
#7797 = LINE('',#7798,#7799);
#7798 = CARTESIAN_POINT('',(489.988,-29.9744,59.500007713));
#7799 = VECTOR('',#7800,1.);
#7800 = DIRECTION('',(0.,-1.,0.));
#7801 = PCURVE('',#3701,#7802);
#7802 = DEFINITIONAL_REPRESENTATION('',(#7803),#7806);
#7803 = B_SPLINE_CURVE_WITH_KNOTS('',1,(#7804,#7805),.UNSPECIFIED.,.F.,
  .F.,(2,2),(-20.0804,29.9196),.PIECEWISE_BEZIER_KNOTS.);
#7804 = CARTESIAN_POINT('',(10.,-10.));
#7805 = CARTESIAN_POINT('',(10.,-60.));
#7806 = ( GEOMETRIC_REPRESENTATION_CONTEXT(2) 
PARAMETRIC_REPRESENTATION_CONTEXT() REPRESENTATION_CONTEXT('2D SPACE',''
  ) );
#7807 = PCURVE('',#3673,#7808);
#7808 = DEFINITIONAL_REPRESENTATION('',(#7809),#7812);
#7809 = B_SPLINE_CURVE_WITH_KNOTS('',1,(#7810,#7811),.UNSPECIFIED.,.F.,
  .F.,(2,2),(-20.0804,29.9196),.PIECEWISE_BEZIER_KNOTS.);
#7810 = CARTESIAN_POINT('',(50.1608,-7.713000002241E-06));
#7811 = CARTESIAN_POINT('',(0.1608,-7.713000002241E-06));
#7812 = ( GEOMETRIC_REPRESENTATION_CONTEXT(2) 
PARAMETRIC_REPRESENTATION_CONTEXT() REPRESENTATION_CONTEXT('2D SPACE',''
  ) );
#7813 = ADVANCED_FACE('',(#7814),#3673,.T.);
#7814 = FACE_BOUND('',#7815,.T.);
#7815 = EDGE_LOOP('',(#7816,#7837,#7858,#7859));
#7816 = ORIENTED_EDGE('',*,*,#7817,.T.);
#7817 = EDGE_CURVE('',#7770,#7818,#7820,.T.);
#7818 = VERTEX_POINT('',#7819);
#7819 = CARTESIAN_POINT('',(489.988,-59.05479783099,134.237992287));
#7820 = SURFACE_CURVE('',#7821,(#7825,#7831),.PCURVE_S1.);
#7821 = LINE('',#7822,#7823);
#7822 = CARTESIAN_POINT('',(489.988,-59.05479783099,164.238));
#7823 = VECTOR('',#7824,1.);
#7824 = DIRECTION('',(0.,0.,1.));
#7825 = PCURVE('',#3673,#7826);
#7826 = DEFINITIONAL_REPRESENTATION('',(#7827),#7830);
#7827 = B_SPLINE_CURVE_WITH_KNOTS('',1,(#7828,#7829),.UNSPECIFIED.,.F.,
  .F.,(2,2),(-104.737992887,-29.9999994),.PIECEWISE_BEZIER_KNOTS.);
#7828 = CARTESIAN_POINT('',(1.000002169004,-7.112999995229E-06));
#7829 = CARTESIAN_POINT('',(1.000002169004,-74.7380006));
#7830 = ( GEOMETRIC_REPRESENTATION_CONTEXT(2) 
PARAMETRIC_REPRESENTATION_CONTEXT() REPRESENTATION_CONTEXT('2D SPACE',''
  ) );
#7831 = PCURVE('',#5481,#7832);
#7832 = DEFINITIONAL_REPRESENTATION('',(#7833),#7836);
#7833 = B_SPLINE_CURVE_WITH_KNOTS('',1,(#7834,#7835),.UNSPECIFIED.,.F.,
  .F.,(2,2),(-104.737992887,-29.9999994),.PIECEWISE_BEZIER_KNOTS.);
#7834 = CARTESIAN_POINT('',(4.879837059604,-104.737992887));
#7835 = CARTESIAN_POINT('',(4.879837059604,-29.9999994));
#7836 = ( GEOMETRIC_REPRESENTATION_CONTEXT(2) 
PARAMETRIC_REPRESENTATION_CONTEXT() REPRESENTATION_CONTEXT('2D SPACE',''
  ) );
#7837 = ORIENTED_EDGE('',*,*,#7838,.T.);
#7838 = EDGE_CURVE('',#7818,#3630,#7839,.T.);
#7839 = SURFACE_CURVE('',#7840,(#7844,#7851),.PCURVE_S1.);
#7840 = LINE('',#7841,#7842);
#7841 = CARTESIAN_POINT('',(489.988,-60.0548,134.237992287));
#7842 = VECTOR('',#7843,1.);
#7843 = DIRECTION('',(0.,1.,0.));
#7844 = PCURVE('',#3673,#7845);
#7845 = DEFINITIONAL_REPRESENTATION('',(#7846),#7850);
#7846 = LINE('',#7847,#7848);
#7847 = CARTESIAN_POINT('',(0.,-74.737992287));
#7848 = VECTOR('',#7849,1.);
#7849 = DIRECTION('',(1.,0.));
#7850 = ( GEOMETRIC_REPRESENTATION_CONTEXT(2) 
PARAMETRIC_REPRESENTATION_CONTEXT() REPRESENTATION_CONTEXT('2D SPACE',''
  ) );
#7851 = PCURVE('',#3646,#7852);
#7852 = DEFINITIONAL_REPRESENTATION('',(#7853),#7857);
#7853 = LINE('',#7854,#7855);
#7854 = CARTESIAN_POINT('',(110.,-60.1608));
#7855 = VECTOR('',#7856,1.);
#7856 = DIRECTION('',(0.,1.));
#7857 = ( GEOMETRIC_REPRESENTATION_CONTEXT(2) 
PARAMETRIC_REPRESENTATION_CONTEXT() REPRESENTATION_CONTEXT('2D SPACE',''
  ) );
#7858 = ORIENTED_EDGE('',*,*,#3658,.F.);
#7859 = ORIENTED_EDGE('',*,*,#7795,.T.);
#7860 = ADVANCED_FACE('',(#7861),#3646,.F.);
#7861 = FACE_BOUND('',#7862,.F.);
#7862 = EDGE_LOOP('',(#7863,#7864,#7887,#7909));
#7863 = ORIENTED_EDGE('',*,*,#3629,.F.);
#7864 = ORIENTED_EDGE('',*,*,#7865,.T.);
#7865 = EDGE_CURVE('',#3604,#7866,#7868,.T.);
#7866 = VERTEX_POINT('',#7867);
#7867 = CARTESIAN_POINT('',(469.988,-59.05479783099,134.237992287));
#7868 = SURFACE_CURVE('',#7869,(#7873,#7880),.PCURVE_S1.);
#7869 = LINE('',#7870,#7871);
#7870 = CARTESIAN_POINT('',(469.988,60.2668,134.237992287));
#7871 = VECTOR('',#7872,1.);
#7872 = DIRECTION('',(0.,-1.,0.));
#7873 = PCURVE('',#3646,#7874);
#7874 = DEFINITIONAL_REPRESENTATION('',(#7875),#7879);
#7875 = LINE('',#7876,#7877);
#7876 = CARTESIAN_POINT('',(90.,60.1608));
#7877 = VECTOR('',#7878,1.);
#7878 = DIRECTION('',(0.,-1.));
#7879 = ( GEOMETRIC_REPRESENTATION_CONTEXT(2) 
PARAMETRIC_REPRESENTATION_CONTEXT() REPRESENTATION_CONTEXT('2D SPACE',''
  ) );
#7880 = PCURVE('',#3618,#7881);
#7881 = DEFINITIONAL_REPRESENTATION('',(#7882),#7886);
#7882 = LINE('',#7883,#7884);
#7883 = CARTESIAN_POINT('',(-70.1608,-74.737992287));
#7884 = VECTOR('',#7885,1.);
#7885 = DIRECTION('',(1.,0.));
#7886 = ( GEOMETRIC_REPRESENTATION_CONTEXT(2) 
PARAMETRIC_REPRESENTATION_CONTEXT() REPRESENTATION_CONTEXT('2D SPACE',''
  ) );
#7887 = ORIENTED_EDGE('',*,*,#7888,.T.);
#7888 = EDGE_CURVE('',#7866,#7818,#7889,.T.);
#7889 = SURFACE_CURVE('',#7890,(#7895,#7902),.PCURVE_S1.);
#7890 = CIRCLE('',#7891,60.);
#7891 = AXIS2_PLACEMENT_3D('',#7892,#7893,#7894);
#7892 = CARTESIAN_POINT('',(479.988,0.106,134.237992287));
#7893 = DIRECTION('',(0.,0.,1.));
#7894 = DIRECTION('',(1.,0.,-0.));
#7895 = PCURVE('',#3646,#7896);
#7896 = DEFINITIONAL_REPRESENTATION('',(#7897),#7901);
#7897 = CIRCLE('',#7898,60.);
#7898 = AXIS2_PLACEMENT_2D('',#7899,#7900);
#7899 = CARTESIAN_POINT('',(100.,1.638966740103E-14));
#7900 = DIRECTION('',(1.,0.));
#7901 = ( GEOMETRIC_REPRESENTATION_CONTEXT(2) 
PARAMETRIC_REPRESENTATION_CONTEXT() REPRESENTATION_CONTEXT('2D SPACE',''
  ) );
#7902 = PCURVE('',#5481,#7903);
#7903 = DEFINITIONAL_REPRESENTATION('',(#7904),#7908);
#7904 = LINE('',#7905,#7906);
#7905 = CARTESIAN_POINT('',(0.,-30.000007713));
#7906 = VECTOR('',#7907,1.);
#7907 = DIRECTION('',(1.,0.));
#7908 = ( GEOMETRIC_REPRESENTATION_CONTEXT(2) 
PARAMETRIC_REPRESENTATION_CONTEXT() REPRESENTATION_CONTEXT('2D SPACE',''
  ) );
#7909 = ORIENTED_EDGE('',*,*,#7838,.T.);
#7910 = ADVANCED_FACE('',(#7911),#3618,.T.);
#7911 = FACE_BOUND('',#7912,.T.);
#7912 = EDGE_LOOP('',(#7913,#7914,#7915,#7936));
#7913 = ORIENTED_EDGE('',*,*,#3603,.T.);
#7914 = ORIENTED_EDGE('',*,*,#7865,.T.);
#7915 = ORIENTED_EDGE('',*,*,#7916,.F.);
#7916 = EDGE_CURVE('',#7917,#7866,#7919,.T.);
#7917 = VERTEX_POINT('',#7918);
#7918 = CARTESIAN_POINT('',(469.988,-59.05479783099,59.500007713));
#7919 = SURFACE_CURVE('',#7920,(#7924,#7930),.PCURVE_S1.);
#7920 = LINE('',#7921,#7922);
#7921 = CARTESIAN_POINT('',(469.988,-59.05479783099,164.238));
#7922 = VECTOR('',#7923,1.);
#7923 = DIRECTION('',(0.,0.,1.));
#7924 = PCURVE('',#3618,#7925);
#7925 = DEFINITIONAL_REPRESENTATION('',(#7926),#7929);
#7926 = B_SPLINE_CURVE_WITH_KNOTS('',1,(#7927,#7928),.UNSPECIFIED.,.F.,
  .F.,(2,2),(-104.737992887,-29.9999994),.PIECEWISE_BEZIER_KNOTS.);
#7927 = CARTESIAN_POINT('',(49.160797830996,-7.112999995229E-06));
#7928 = CARTESIAN_POINT('',(49.160797830996,-74.7380006));
#7929 = ( GEOMETRIC_REPRESENTATION_CONTEXT(2) 
PARAMETRIC_REPRESENTATION_CONTEXT() REPRESENTATION_CONTEXT('2D SPACE',''
  ) );
#7930 = PCURVE('',#5481,#7931);
#7931 = DEFINITIONAL_REPRESENTATION('',(#7932),#7935);
#7932 = B_SPLINE_CURVE_WITH_KNOTS('',1,(#7933,#7934),.UNSPECIFIED.,.F.,
  .F.,(2,2),(-104.737992887,-29.9999994),.PIECEWISE_BEZIER_KNOTS.);
#7933 = CARTESIAN_POINT('',(4.544940901165,-104.737992887));
#7934 = CARTESIAN_POINT('',(4.544940901165,-29.9999994));
#7935 = ( GEOMETRIC_REPRESENTATION_CONTEXT(2) 
PARAMETRIC_REPRESENTATION_CONTEXT() REPRESENTATION_CONTEXT('2D SPACE',''
  ) );
#7936 = ORIENTED_EDGE('',*,*,#7937,.T.);
#7937 = EDGE_CURVE('',#7917,#3575,#7938,.T.);
#7938 = SURFACE_CURVE('',#7939,(#7943,#7949),.PCURVE_S1.);
#7939 = LINE('',#7940,#7941);
#7940 = CARTESIAN_POINT('',(469.988,-4.894,59.500007713));
#7941 = VECTOR('',#7942,1.);
#7942 = DIRECTION('',(-0.,1.,0.));
#7943 = PCURVE('',#3618,#7944);
#7944 = DEFINITIONAL_REPRESENTATION('',(#7945),#7948);
#7945 = B_SPLINE_CURVE_WITH_KNOTS('',1,(#7946,#7947),.UNSPECIFIED.,.F.,
  .F.,(2,2),(-55.,-5.),.PIECEWISE_BEZIER_KNOTS.);
#7946 = CARTESIAN_POINT('',(50.,-7.713000002241E-06));
#7947 = CARTESIAN_POINT('',(-3.552713678801E-15,-7.713000002241E-06));
#7948 = ( GEOMETRIC_REPRESENTATION_CONTEXT(2) 
PARAMETRIC_REPRESENTATION_CONTEXT() REPRESENTATION_CONTEXT('2D SPACE',''
  ) );
#7949 = PCURVE('',#3591,#7950);
#7950 = DEFINITIONAL_REPRESENTATION('',(#7951),#7954);
#7951 = B_SPLINE_CURVE_WITH_KNOTS('',1,(#7952,#7953),.UNSPECIFIED.,.F.,
  .F.,(2,2),(-55.,-5.),.PIECEWISE_BEZIER_KNOTS.);
#7952 = CARTESIAN_POINT('',(-10.,-60.));
#7953 = CARTESIAN_POINT('',(-10.,-10.));
#7954 = ( GEOMETRIC_REPRESENTATION_CONTEXT(2) 
PARAMETRIC_REPRESENTATION_CONTEXT() REPRESENTATION_CONTEXT('2D SPACE',''
  ) );
#7955 = ADVANCED_FACE('',(#7956),#3591,.F.);
#7956 = FACE_BOUND('',#7957,.F.);
#7957 = EDGE_LOOP('',(#7958,#7982,#7983,#7984));
#7958 = ORIENTED_EDGE('',*,*,#7959,.T.);
#7959 = EDGE_CURVE('',#7960,#7917,#7962,.T.);
#7960 = VERTEX_POINT('',#7961);
#7961 = CARTESIAN_POINT('',(420.827202169,-9.894,59.500007713));
#7962 = SURFACE_CURVE('',#7963,(#7968,#7975),.PCURVE_S1.);
#7963 = CIRCLE('',#7964,60.);
#7964 = AXIS2_PLACEMENT_3D('',#7965,#7966,#7967);
#7965 = CARTESIAN_POINT('',(479.988,0.106,59.500007713));
#7966 = DIRECTION('',(0.,0.,1.));
#7967 = DIRECTION('',(1.,0.,0.));
#7968 = PCURVE('',#3591,#7969);
#7969 = DEFINITIONAL_REPRESENTATION('',(#7970),#7974);
#7970 = CIRCLE('',#7971,60.);
#7971 = AXIS2_PLACEMENT_2D('',#7972,#7973);
#7972 = CARTESIAN_POINT('',(4.375808424126E-15,-4.679120177894E-16));
#7973 = DIRECTION('',(1.,0.));
#7974 = ( GEOMETRIC_REPRESENTATION_CONTEXT(2) 
PARAMETRIC_REPRESENTATION_CONTEXT() REPRESENTATION_CONTEXT('2D SPACE',''
  ) );
#7975 = PCURVE('',#5481,#7976);
#7976 = DEFINITIONAL_REPRESENTATION('',(#7977),#7981);
#7977 = LINE('',#7978,#7979);
#7978 = CARTESIAN_POINT('',(0.,-104.737992287));
#7979 = VECTOR('',#7980,1.);
#7980 = DIRECTION('',(1.,0.));
#7981 = ( GEOMETRIC_REPRESENTATION_CONTEXT(2) 
PARAMETRIC_REPRESENTATION_CONTEXT() REPRESENTATION_CONTEXT('2D SPACE',''
  ) );
#7982 = ORIENTED_EDGE('',*,*,#7937,.T.);
#7983 = ORIENTED_EDGE('',*,*,#3574,.F.);
#7984 = ORIENTED_EDGE('',*,*,#7985,.F.);
#7985 = EDGE_CURVE('',#7960,#3549,#7986,.T.);
#7986 = SURFACE_CURVE('',#7987,(#7991,#7997),.PCURVE_S1.);
#7987 = LINE('',#7988,#7989);
#7988 = CARTESIAN_POINT('',(474.988,-9.894,59.500007713));
#7989 = VECTOR('',#7990,1.);
#7990 = DIRECTION('',(1.,0.,-0.));
#7991 = PCURVE('',#3591,#7992);
#7992 = DEFINITIONAL_REPRESENTATION('',(#7993),#7996);
#7993 = B_SPLINE_CURVE_WITH_KNOTS('',1,(#7994,#7995),.UNSPECIFIED.,.F.,
  .F.,(2,2),(-55.,-5.),.PIECEWISE_BEZIER_KNOTS.);
#7994 = CARTESIAN_POINT('',(-60.,-10.));
#7995 = CARTESIAN_POINT('',(-10.,-10.));
#7996 = ( GEOMETRIC_REPRESENTATION_CONTEXT(2) 
PARAMETRIC_REPRESENTATION_CONTEXT() REPRESENTATION_CONTEXT('2D SPACE',''
  ) );
#7997 = PCURVE('',#3563,#7998);
#7998 = DEFINITIONAL_REPRESENTATION('',(#7999),#8002);
#7999 = B_SPLINE_CURVE_WITH_KNOTS('',1,(#8000,#8001),.UNSPECIFIED.,.F.,
  .F.,(2,2),(-55.,-5.),.PIECEWISE_BEZIER_KNOTS.);
#8000 = CARTESIAN_POINT('',(50.,-7.713000002241E-06));
#8001 = CARTESIAN_POINT('',(0.,-7.713000002241E-06));
#8002 = ( GEOMETRIC_REPRESENTATION_CONTEXT(2) 
PARAMETRIC_REPRESENTATION_CONTEXT() REPRESENTATION_CONTEXT('2D SPACE',''
  ) );
#8003 = ADVANCED_FACE('',(#8004),#3563,.F.);
#8004 = FACE_BOUND('',#8005,.F.);
#8005 = EDGE_LOOP('',(#8006,#8007,#8030,#8049));
#8006 = ORIENTED_EDGE('',*,*,#3548,.T.);
#8007 = ORIENTED_EDGE('',*,*,#8008,.T.);
#8008 = EDGE_CURVE('',#3520,#8009,#8011,.T.);
#8009 = VERTEX_POINT('',#8010);
#8010 = CARTESIAN_POINT('',(420.827202169,-9.894,134.237992287));
#8011 = SURFACE_CURVE('',#8012,(#8016,#8023),.PCURVE_S1.);
#8012 = LINE('',#8013,#8014);
#8013 = CARTESIAN_POINT('',(540.1488,-9.894,134.237992287));
#8014 = VECTOR('',#8015,1.);
#8015 = DIRECTION('',(-1.,0.,0.));
#8016 = PCURVE('',#3563,#8017);
#8017 = DEFINITIONAL_REPRESENTATION('',(#8018),#8022);
#8018 = LINE('',#8019,#8020);
#8019 = CARTESIAN_POINT('',(-70.1608,-74.737992287));
#8020 = VECTOR('',#8021,1.);
#8021 = DIRECTION('',(1.,0.));
#8022 = ( GEOMETRIC_REPRESENTATION_CONTEXT(2) 
PARAMETRIC_REPRESENTATION_CONTEXT() REPRESENTATION_CONTEXT('2D SPACE',''
  ) );
#8023 = PCURVE('',#3536,#8024);
#8024 = DEFINITIONAL_REPRESENTATION('',(#8025),#8029);
#8025 = LINE('',#8026,#8027);
#8026 = CARTESIAN_POINT('',(160.1608,-10.));
#8027 = VECTOR('',#8028,1.);
#8028 = DIRECTION('',(-1.,0.));
#8029 = ( GEOMETRIC_REPRESENTATION_CONTEXT(2) 
PARAMETRIC_REPRESENTATION_CONTEXT() REPRESENTATION_CONTEXT('2D SPACE',''
  ) );
#8030 = ORIENTED_EDGE('',*,*,#8031,.F.);
#8031 = EDGE_CURVE('',#7960,#8009,#8032,.T.);
#8032 = SURFACE_CURVE('',#8033,(#8037,#8043),.PCURVE_S1.);
#8033 = LINE('',#8034,#8035);
#8034 = CARTESIAN_POINT('',(420.827202169,-9.894,164.238));
#8035 = VECTOR('',#8036,1.);
#8036 = DIRECTION('',(0.,0.,1.));
#8037 = PCURVE('',#3563,#8038);
#8038 = DEFINITIONAL_REPRESENTATION('',(#8039),#8042);
#8039 = B_SPLINE_CURVE_WITH_KNOTS('',1,(#8040,#8041),.UNSPECIFIED.,.F.,
  .F.,(2,2),(-104.737992887,-29.9999994),.PIECEWISE_BEZIER_KNOTS.);
#8040 = CARTESIAN_POINT('',(49.160797830996,-7.112999995229E-06));
#8041 = CARTESIAN_POINT('',(49.160797830996,-74.7380006));
#8042 = ( GEOMETRIC_REPRESENTATION_CONTEXT(2) 
PARAMETRIC_REPRESENTATION_CONTEXT() REPRESENTATION_CONTEXT('2D SPACE',''
  ) );
#8043 = PCURVE('',#5481,#8044);
#8044 = DEFINITIONAL_REPRESENTATION('',(#8045),#8048);
#8045 = B_SPLINE_CURVE_WITH_KNOTS('',1,(#8046,#8047),.UNSPECIFIED.,.F.,
  .F.,(2,2),(-104.737992887,-29.9999994),.PIECEWISE_BEZIER_KNOTS.);
#8046 = CARTESIAN_POINT('',(3.309040732809,-104.737992887));
#8047 = CARTESIAN_POINT('',(3.309040732809,-29.9999994));
#8048 = ( GEOMETRIC_REPRESENTATION_CONTEXT(2) 
PARAMETRIC_REPRESENTATION_CONTEXT() REPRESENTATION_CONTEXT('2D SPACE',''
  ) );
#8049 = ORIENTED_EDGE('',*,*,#7985,.T.);
#8050 = ADVANCED_FACE('',(#8051),#3536,.F.);
#8051 = FACE_BOUND('',#8052,.F.);
#8052 = EDGE_LOOP('',(#8053,#8076,#8098,#8099));
#8053 = ORIENTED_EDGE('',*,*,#8054,.F.);
#8054 = EDGE_CURVE('',#8055,#3494,#8057,.T.);
#8055 = VERTEX_POINT('',#8056);
#8056 = CARTESIAN_POINT('',(420.827202169,10.106,134.237992287));
#8057 = SURFACE_CURVE('',#8058,(#8062,#8069),.PCURVE_S1.);
#8058 = LINE('',#8059,#8060);
#8059 = CARTESIAN_POINT('',(219.8272,10.106,134.237992287));
#8060 = VECTOR('',#8061,1.);
#8061 = DIRECTION('',(1.,0.,0.));
#8062 = PCURVE('',#3536,#8063);
#8063 = DEFINITIONAL_REPRESENTATION('',(#8064),#8068);
#8064 = LINE('',#8065,#8066);
#8065 = CARTESIAN_POINT('',(-160.1608,10.));
#8066 = VECTOR('',#8067,1.);
#8067 = DIRECTION('',(1.,0.));
#8068 = ( GEOMETRIC_REPRESENTATION_CONTEXT(2) 
PARAMETRIC_REPRESENTATION_CONTEXT() REPRESENTATION_CONTEXT('2D SPACE',''
  ) );
#8069 = PCURVE('',#3508,#8070);
#8070 = DEFINITIONAL_REPRESENTATION('',(#8071),#8075);
#8071 = LINE('',#8072,#8073);
#8072 = CARTESIAN_POINT('',(-170.1608,-74.737992287));
#8073 = VECTOR('',#8074,1.);
#8074 = DIRECTION('',(1.,0.));
#8075 = ( GEOMETRIC_REPRESENTATION_CONTEXT(2) 
PARAMETRIC_REPRESENTATION_CONTEXT() REPRESENTATION_CONTEXT('2D SPACE',''
  ) );
#8076 = ORIENTED_EDGE('',*,*,#8077,.T.);
#8077 = EDGE_CURVE('',#8055,#8009,#8078,.T.);
#8078 = SURFACE_CURVE('',#8079,(#8084,#8091),.PCURVE_S1.);
#8079 = CIRCLE('',#8080,60.);
#8080 = AXIS2_PLACEMENT_3D('',#8081,#8082,#8083);
#8081 = CARTESIAN_POINT('',(479.988,0.106,134.237992287));
#8082 = DIRECTION('',(0.,0.,1.));
#8083 = DIRECTION('',(1.,0.,-0.));
#8084 = PCURVE('',#3536,#8085);
#8085 = DEFINITIONAL_REPRESENTATION('',(#8086),#8090);
#8086 = CIRCLE('',#8087,60.);
#8087 = AXIS2_PLACEMENT_2D('',#8088,#8089);
#8088 = CARTESIAN_POINT('',(100.,1.638966740103E-14));
#8089 = DIRECTION('',(1.,0.));
#8090 = ( GEOMETRIC_REPRESENTATION_CONTEXT(2) 
PARAMETRIC_REPRESENTATION_CONTEXT() REPRESENTATION_CONTEXT('2D SPACE',''
  ) );
#8091 = PCURVE('',#5481,#8092);
#8092 = DEFINITIONAL_REPRESENTATION('',(#8093),#8097);
#8093 = LINE('',#8094,#8095);
#8094 = CARTESIAN_POINT('',(0.,-30.000007713));
#8095 = VECTOR('',#8096,1.);
#8096 = DIRECTION('',(1.,0.));
#8097 = ( GEOMETRIC_REPRESENTATION_CONTEXT(2) 
PARAMETRIC_REPRESENTATION_CONTEXT() REPRESENTATION_CONTEXT('2D SPACE',''
  ) );
#8098 = ORIENTED_EDGE('',*,*,#8008,.F.);
#8099 = ORIENTED_EDGE('',*,*,#3519,.F.);
#8100 = ADVANCED_FACE('',(#8101),#3508,.F.);
#8101 = FACE_BOUND('',#8102,.F.);
#8102 = EDGE_LOOP('',(#8103,#8124,#8125,#8126));
#8103 = ORIENTED_EDGE('',*,*,#8104,.T.);
#8104 = EDGE_CURVE('',#8105,#8055,#8107,.T.);
#8105 = VERTEX_POINT('',#8106);
#8106 = CARTESIAN_POINT('',(420.827202169,10.106,59.500007713));
#8107 = SURFACE_CURVE('',#8108,(#8112,#8118),.PCURVE_S1.);
#8108 = LINE('',#8109,#8110);
#8109 = CARTESIAN_POINT('',(420.827202169,10.106,164.238));
#8110 = VECTOR('',#8111,1.);
#8111 = DIRECTION('',(0.,0.,1.));
#8112 = PCURVE('',#3508,#8113);
#8113 = DEFINITIONAL_REPRESENTATION('',(#8114),#8117);
#8114 = B_SPLINE_CURVE_WITH_KNOTS('',1,(#8115,#8116),.UNSPECIFIED.,.F.,
  .F.,(2,2),(-104.737992887,-29.9999994),.PIECEWISE_BEZIER_KNOTS.);
#8115 = CARTESIAN_POINT('',(30.839202169004,-7.112999995229E-06));
#8116 = CARTESIAN_POINT('',(30.839202169004,-74.7380006));
#8117 = ( GEOMETRIC_REPRESENTATION_CONTEXT(2) 
PARAMETRIC_REPRESENTATION_CONTEXT() REPRESENTATION_CONTEXT('2D SPACE',''
  ) );
#8118 = PCURVE('',#5481,#8119);
#8119 = DEFINITIONAL_REPRESENTATION('',(#8120),#8123);
#8120 = B_SPLINE_CURVE_WITH_KNOTS('',1,(#8121,#8122),.UNSPECIFIED.,.F.,
  .F.,(2,2),(-104.737992887,-29.9999994),.PIECEWISE_BEZIER_KNOTS.);
#8121 = CARTESIAN_POINT('',(2.97414457437,-104.737992887));
#8122 = CARTESIAN_POINT('',(2.97414457437,-29.9999994));
#8123 = ( GEOMETRIC_REPRESENTATION_CONTEXT(2) 
PARAMETRIC_REPRESENTATION_CONTEXT() REPRESENTATION_CONTEXT('2D SPACE',''
  ) );
#8124 = ORIENTED_EDGE('',*,*,#8054,.T.);
#8125 = ORIENTED_EDGE('',*,*,#3493,.F.);
#8126 = ORIENTED_EDGE('',*,*,#8127,.T.);
#8127 = EDGE_CURVE('',#3465,#8105,#8128,.T.);
#8128 = SURFACE_CURVE('',#8129,(#8133,#8139),.PCURVE_S1.);
#8129 = LINE('',#8130,#8131);
#8130 = CARTESIAN_POINT('',(434.988,10.106,59.500007713));
#8131 = VECTOR('',#8132,1.);
#8132 = DIRECTION('',(-1.,0.,0.));
#8133 = PCURVE('',#3508,#8134);
#8134 = DEFINITIONAL_REPRESENTATION('',(#8135),#8138);
#8135 = B_SPLINE_CURVE_WITH_KNOTS('',1,(#8136,#8137),.UNSPECIFIED.,.F.,
  .F.,(2,2),(-35.,15.),.PIECEWISE_BEZIER_KNOTS.);
#8136 = CARTESIAN_POINT('',(80.,-7.713000002241E-06));
#8137 = CARTESIAN_POINT('',(30.,-7.713000002241E-06));
#8138 = ( GEOMETRIC_REPRESENTATION_CONTEXT(2) 
PARAMETRIC_REPRESENTATION_CONTEXT() REPRESENTATION_CONTEXT('2D SPACE',''
  ) );
#8139 = PCURVE('',#3481,#8140);
#8140 = DEFINITIONAL_REPRESENTATION('',(#8141),#8144);
#8141 = B_SPLINE_CURVE_WITH_KNOTS('',1,(#8142,#8143),.UNSPECIFIED.,.F.,
  .F.,(2,2),(-35.,15.),.PIECEWISE_BEZIER_KNOTS.);
#8142 = CARTESIAN_POINT('',(-10.,10.));
#8143 = CARTESIAN_POINT('',(-60.,10.));
#8144 = ( GEOMETRIC_REPRESENTATION_CONTEXT(2) 
PARAMETRIC_REPRESENTATION_CONTEXT() REPRESENTATION_CONTEXT('2D SPACE',''
  ) );
#8145 = ADVANCED_FACE('',(#8146),#3481,.F.);
#8146 = FACE_BOUND('',#8147,.F.);
#8147 = EDGE_LOOP('',(#8148,#8169,#8191,#8192));
#8148 = ORIENTED_EDGE('',*,*,#8149,.T.);
#8149 = EDGE_CURVE('',#3439,#8150,#8152,.T.);
#8150 = VERTEX_POINT('',#8151);
#8151 = CARTESIAN_POINT('',(469.988,59.266797830996,59.500007713));
#8152 = SURFACE_CURVE('',#8153,(#8157,#8163),.PCURVE_S1.);
#8153 = LINE('',#8154,#8155);
#8154 = CARTESIAN_POINT('',(469.988,30.1864,59.500007713));
#8155 = VECTOR('',#8156,1.);
#8156 = DIRECTION('',(-0.,1.,0.));
#8157 = PCURVE('',#3481,#8158);
#8158 = DEFINITIONAL_REPRESENTATION('',(#8159),#8162);
#8159 = B_SPLINE_CURVE_WITH_KNOTS('',1,(#8160,#8161),.UNSPECIFIED.,.F.,
  .F.,(2,2),(-20.0804,29.9196),.PIECEWISE_BEZIER_KNOTS.);
#8160 = CARTESIAN_POINT('',(-10.,10.));
#8161 = CARTESIAN_POINT('',(-10.,60.));
#8162 = ( GEOMETRIC_REPRESENTATION_CONTEXT(2) 
PARAMETRIC_REPRESENTATION_CONTEXT() REPRESENTATION_CONTEXT('2D SPACE',''
  ) );
#8163 = PCURVE('',#3453,#8164);
#8164 = DEFINITIONAL_REPRESENTATION('',(#8165),#8168);
#8165 = B_SPLINE_CURVE_WITH_KNOTS('',1,(#8166,#8167),.UNSPECIFIED.,.F.,
  .F.,(2,2),(-20.0804,29.9196),.PIECEWISE_BEZIER_KNOTS.);
#8166 = CARTESIAN_POINT('',(50.1608,-7.713000002241E-06));
#8167 = CARTESIAN_POINT('',(0.1608,-7.713000002241E-06));
#8168 = ( GEOMETRIC_REPRESENTATION_CONTEXT(2) 
PARAMETRIC_REPRESENTATION_CONTEXT() REPRESENTATION_CONTEXT('2D SPACE',''
  ) );
#8169 = ORIENTED_EDGE('',*,*,#8170,.T.);
#8170 = EDGE_CURVE('',#8150,#8105,#8171,.T.);
#8171 = SURFACE_CURVE('',#8172,(#8177,#8184),.PCURVE_S1.);
#8172 = CIRCLE('',#8173,60.);
#8173 = AXIS2_PLACEMENT_3D('',#8174,#8175,#8176);
#8174 = CARTESIAN_POINT('',(479.988,0.106,59.500007713));
#8175 = DIRECTION('',(0.,0.,1.));
#8176 = DIRECTION('',(1.,0.,0.));
#8177 = PCURVE('',#3481,#8178);
#8178 = DEFINITIONAL_REPRESENTATION('',(#8179),#8183);
#8179 = CIRCLE('',#8180,60.);
#8180 = AXIS2_PLACEMENT_2D('',#8181,#8182);
#8181 = CARTESIAN_POINT('',(4.375808424126E-15,-4.679120177894E-16));
#8182 = DIRECTION('',(1.,0.));
#8183 = ( GEOMETRIC_REPRESENTATION_CONTEXT(2) 
PARAMETRIC_REPRESENTATION_CONTEXT() REPRESENTATION_CONTEXT('2D SPACE',''
  ) );
#8184 = PCURVE('',#5481,#8185);
#8185 = DEFINITIONAL_REPRESENTATION('',(#8186),#8190);
#8186 = LINE('',#8187,#8188);
#8187 = CARTESIAN_POINT('',(0.,-104.737992287));
#8188 = VECTOR('',#8189,1.);
#8189 = DIRECTION('',(1.,0.));
#8190 = ( GEOMETRIC_REPRESENTATION_CONTEXT(2) 
PARAMETRIC_REPRESENTATION_CONTEXT() REPRESENTATION_CONTEXT('2D SPACE',''
  ) );
#8191 = ORIENTED_EDGE('',*,*,#8127,.F.);
#8192 = ORIENTED_EDGE('',*,*,#3464,.F.);
#8193 = ADVANCED_FACE('',(#8194),#3453,.T.);
#8194 = FACE_BOUND('',#8195,.T.);
#8195 = EDGE_LOOP('',(#8196,#8217,#8238,#8239));
#8196 = ORIENTED_EDGE('',*,*,#8197,.T.);
#8197 = EDGE_CURVE('',#8150,#8198,#8200,.T.);
#8198 = VERTEX_POINT('',#8199);
#8199 = CARTESIAN_POINT('',(469.988,59.266797830996,134.237992287));
#8200 = SURFACE_CURVE('',#8201,(#8205,#8211),.PCURVE_S1.);
#8201 = LINE('',#8202,#8203);
#8202 = CARTESIAN_POINT('',(469.988,59.266797830996,164.238));
#8203 = VECTOR('',#8204,1.);
#8204 = DIRECTION('',(0.,0.,1.));
#8205 = PCURVE('',#3453,#8206);
#8206 = DEFINITIONAL_REPRESENTATION('',(#8207),#8210);
#8207 = B_SPLINE_CURVE_WITH_KNOTS('',1,(#8208,#8209),.UNSPECIFIED.,.F.,
  .F.,(2,2),(-104.737992887,-29.9999994),.PIECEWISE_BEZIER_KNOTS.);
#8208 = CARTESIAN_POINT('',(1.000002169004,-7.112999995229E-06));
#8209 = CARTESIAN_POINT('',(1.000002169004,-74.7380006));
#8210 = ( GEOMETRIC_REPRESENTATION_CONTEXT(2) 
PARAMETRIC_REPRESENTATION_CONTEXT() REPRESENTATION_CONTEXT('2D SPACE',''
  ) );
#8211 = PCURVE('',#5481,#8212);
#8212 = DEFINITIONAL_REPRESENTATION('',(#8213),#8216);
#8213 = B_SPLINE_CURVE_WITH_KNOTS('',1,(#8214,#8215),.UNSPECIFIED.,.F.,
  .F.,(2,2),(-104.737992887,-29.9999994),.PIECEWISE_BEZIER_KNOTS.);
#8214 = CARTESIAN_POINT('',(1.738244406015,-104.737992887));
#8215 = CARTESIAN_POINT('',(1.738244406015,-29.9999994));
#8216 = ( GEOMETRIC_REPRESENTATION_CONTEXT(2) 
PARAMETRIC_REPRESENTATION_CONTEXT() REPRESENTATION_CONTEXT('2D SPACE',''
  ) );
#8217 = ORIENTED_EDGE('',*,*,#8218,.T.);
#8218 = EDGE_CURVE('',#8198,#3410,#8219,.T.);
#8219 = SURFACE_CURVE('',#8220,(#8224,#8231),.PCURVE_S1.);
#8220 = LINE('',#8221,#8222);
#8221 = CARTESIAN_POINT('',(469.988,60.2668,134.237992287));
#8222 = VECTOR('',#8223,1.);
#8223 = DIRECTION('',(0.,-1.,0.));
#8224 = PCURVE('',#3453,#8225);
#8225 = DEFINITIONAL_REPRESENTATION('',(#8226),#8230);
#8226 = LINE('',#8227,#8228);
#8227 = CARTESIAN_POINT('',(0.,-74.737992287));
#8228 = VECTOR('',#8229,1.);
#8229 = DIRECTION('',(1.,0.));
#8230 = ( GEOMETRIC_REPRESENTATION_CONTEXT(2) 
PARAMETRIC_REPRESENTATION_CONTEXT() REPRESENTATION_CONTEXT('2D SPACE',''
  ) );
#8231 = PCURVE('',#3426,#8232);
#8232 = DEFINITIONAL_REPRESENTATION('',(#8233),#8237);
#8233 = LINE('',#8234,#8235);
#8234 = CARTESIAN_POINT('',(90.,60.1608));
#8235 = VECTOR('',#8236,1.);
#8236 = DIRECTION('',(0.,-1.));
#8237 = ( GEOMETRIC_REPRESENTATION_CONTEXT(2) 
PARAMETRIC_REPRESENTATION_CONTEXT() REPRESENTATION_CONTEXT('2D SPACE',''
  ) );
#8238 = ORIENTED_EDGE('',*,*,#3438,.F.);
#8239 = ORIENTED_EDGE('',*,*,#8149,.T.);
#8240 = ADVANCED_FACE('',(#8241),#3426,.F.);
#8241 = FACE_BOUND('',#8242,.F.);
#8242 = EDGE_LOOP('',(#8243,#8244,#8245,#8268));
#8243 = ORIENTED_EDGE('',*,*,#8218,.T.);
#8244 = ORIENTED_EDGE('',*,*,#3409,.F.);
#8245 = ORIENTED_EDGE('',*,*,#8246,.T.);
#8246 = EDGE_CURVE('',#3384,#8247,#8249,.T.);
#8247 = VERTEX_POINT('',#8248);
#8248 = CARTESIAN_POINT('',(489.988,59.266797830996,134.237992287));
#8249 = SURFACE_CURVE('',#8250,(#8254,#8261),.PCURVE_S1.);
#8250 = LINE('',#8251,#8252);
#8251 = CARTESIAN_POINT('',(489.988,-60.0548,134.237992287));
#8252 = VECTOR('',#8253,1.);
#8253 = DIRECTION('',(0.,1.,0.));
#8254 = PCURVE('',#3426,#8255);
#8255 = DEFINITIONAL_REPRESENTATION('',(#8256),#8260);
#8256 = LINE('',#8257,#8258);
#8257 = CARTESIAN_POINT('',(110.,-60.1608));
#8258 = VECTOR('',#8259,1.);
#8259 = DIRECTION('',(0.,1.));
#8260 = ( GEOMETRIC_REPRESENTATION_CONTEXT(2) 
PARAMETRIC_REPRESENTATION_CONTEXT() REPRESENTATION_CONTEXT('2D SPACE',''
  ) );
#8261 = PCURVE('',#3398,#8262);
#8262 = DEFINITIONAL_REPRESENTATION('',(#8263),#8267);
#8263 = LINE('',#8264,#8265);
#8264 = CARTESIAN_POINT('',(-70.1608,-74.737992287));
#8265 = VECTOR('',#8266,1.);
#8266 = DIRECTION('',(1.,0.));
#8267 = ( GEOMETRIC_REPRESENTATION_CONTEXT(2) 
PARAMETRIC_REPRESENTATION_CONTEXT() REPRESENTATION_CONTEXT('2D SPACE',''
  ) );
#8268 = ORIENTED_EDGE('',*,*,#8269,.T.);
#8269 = EDGE_CURVE('',#8247,#8198,#8270,.T.);
#8270 = SURFACE_CURVE('',#8271,(#8276,#8283),.PCURVE_S1.);
#8271 = CIRCLE('',#8272,60.);
#8272 = AXIS2_PLACEMENT_3D('',#8273,#8274,#8275);
#8273 = CARTESIAN_POINT('',(479.988,0.106,134.237992287));
#8274 = DIRECTION('',(0.,0.,1.));
#8275 = DIRECTION('',(1.,0.,-0.));
#8276 = PCURVE('',#3426,#8277);
#8277 = DEFINITIONAL_REPRESENTATION('',(#8278),#8282);
#8278 = CIRCLE('',#8279,60.);
#8279 = AXIS2_PLACEMENT_2D('',#8280,#8281);
#8280 = CARTESIAN_POINT('',(100.,1.638966740103E-14));
#8281 = DIRECTION('',(1.,0.));
#8282 = ( GEOMETRIC_REPRESENTATION_CONTEXT(2) 
PARAMETRIC_REPRESENTATION_CONTEXT() REPRESENTATION_CONTEXT('2D SPACE',''
  ) );
#8283 = PCURVE('',#5481,#8284);
#8284 = DEFINITIONAL_REPRESENTATION('',(#8285),#8289);
#8285 = LINE('',#8286,#8287);
#8286 = CARTESIAN_POINT('',(0.,-30.000007713));
#8287 = VECTOR('',#8288,1.);
#8288 = DIRECTION('',(1.,0.));
#8289 = ( GEOMETRIC_REPRESENTATION_CONTEXT(2) 
PARAMETRIC_REPRESENTATION_CONTEXT() REPRESENTATION_CONTEXT('2D SPACE',''
  ) );
#8290 = ADVANCED_FACE('',(#8291),#3398,.T.);
#8291 = FACE_BOUND('',#8292,.T.);
#8292 = EDGE_LOOP('',(#8293,#8294,#8295,#8316));
#8293 = ORIENTED_EDGE('',*,*,#3383,.T.);
#8294 = ORIENTED_EDGE('',*,*,#8246,.T.);
#8295 = ORIENTED_EDGE('',*,*,#8296,.F.);
#8296 = EDGE_CURVE('',#8297,#8247,#8299,.T.);
#8297 = VERTEX_POINT('',#8298);
#8298 = CARTESIAN_POINT('',(489.988,59.266797830996,59.500007713));
#8299 = SURFACE_CURVE('',#8300,(#8304,#8310),.PCURVE_S1.);
#8300 = LINE('',#8301,#8302);
#8301 = CARTESIAN_POINT('',(489.988,59.266797830996,164.238));
#8302 = VECTOR('',#8303,1.);
#8303 = DIRECTION('',(0.,0.,1.));
#8304 = PCURVE('',#3398,#8305);
#8305 = DEFINITIONAL_REPRESENTATION('',(#8306),#8309);
#8306 = B_SPLINE_CURVE_WITH_KNOTS('',1,(#8307,#8308),.UNSPECIFIED.,.F.,
  .F.,(2,2),(-104.737992887,-29.9999994),.PIECEWISE_BEZIER_KNOTS.);
#8307 = CARTESIAN_POINT('',(49.160797830996,-7.112999995229E-06));
#8308 = CARTESIAN_POINT('',(49.160797830996,-74.7380006));
#8309 = ( GEOMETRIC_REPRESENTATION_CONTEXT(2) 
PARAMETRIC_REPRESENTATION_CONTEXT() REPRESENTATION_CONTEXT('2D SPACE',''
  ) );
#8310 = PCURVE('',#5481,#8311);
#8311 = DEFINITIONAL_REPRESENTATION('',(#8312),#8315);
#8312 = B_SPLINE_CURVE_WITH_KNOTS('',1,(#8313,#8314),.UNSPECIFIED.,.F.,
  .F.,(2,2),(-104.737992887,-29.9999994),.PIECEWISE_BEZIER_KNOTS.);
#8313 = CARTESIAN_POINT('',(1.403348247575,-104.737992887));
#8314 = CARTESIAN_POINT('',(1.403348247575,-29.9999994));
#8315 = ( GEOMETRIC_REPRESENTATION_CONTEXT(2) 
PARAMETRIC_REPRESENTATION_CONTEXT() REPRESENTATION_CONTEXT('2D SPACE',''
  ) );
#8316 = ORIENTED_EDGE('',*,*,#8317,.T.);
#8317 = EDGE_CURVE('',#8297,#3355,#8318,.T.);
#8318 = SURFACE_CURVE('',#8319,(#8323,#8329),.PCURVE_S1.);
#8319 = LINE('',#8320,#8321);
#8320 = CARTESIAN_POINT('',(489.988,5.106,59.500007713));
#8321 = VECTOR('',#8322,1.);
#8322 = DIRECTION('',(0.,-1.,0.));
#8323 = PCURVE('',#3398,#8324);
#8324 = DEFINITIONAL_REPRESENTATION('',(#8325),#8328);
#8325 = B_SPLINE_CURVE_WITH_KNOTS('',1,(#8326,#8327),.UNSPECIFIED.,.F.,
  .F.,(2,2),(-55.,-5.),.PIECEWISE_BEZIER_KNOTS.);
#8326 = CARTESIAN_POINT('',(50.,-7.713000002241E-06));
#8327 = CARTESIAN_POINT('',(0.,-7.713000002241E-06));
#8328 = ( GEOMETRIC_REPRESENTATION_CONTEXT(2) 
PARAMETRIC_REPRESENTATION_CONTEXT() REPRESENTATION_CONTEXT('2D SPACE',''
  ) );
#8329 = PCURVE('',#3371,#8330);
#8330 = DEFINITIONAL_REPRESENTATION('',(#8331),#8334);
#8331 = B_SPLINE_CURVE_WITH_KNOTS('',1,(#8332,#8333),.UNSPECIFIED.,.F.,
  .F.,(2,2),(-55.,-5.),.PIECEWISE_BEZIER_KNOTS.);
#8332 = CARTESIAN_POINT('',(10.,60.));
#8333 = CARTESIAN_POINT('',(10.,10.));
#8334 = ( GEOMETRIC_REPRESENTATION_CONTEXT(2) 
PARAMETRIC_REPRESENTATION_CONTEXT() REPRESENTATION_CONTEXT('2D SPACE',''
  ) );
#8335 = ADVANCED_FACE('',(#8336),#3371,.F.);
#8336 = FACE_BOUND('',#8337,.F.);
#8337 = EDGE_LOOP('',(#8338,#8359,#8381,#8382));
#8338 = ORIENTED_EDGE('',*,*,#8339,.F.);
#8339 = EDGE_CURVE('',#8340,#3329,#8342,.T.);
#8340 = VERTEX_POINT('',#8341);
#8341 = CARTESIAN_POINT('',(539.14879783099,10.106,59.500007713));
#8342 = SURFACE_CURVE('',#8343,(#8347,#8353),.PCURVE_S1.);
#8343 = LINE('',#8344,#8345);
#8344 = CARTESIAN_POINT('',(484.988,10.106,59.500007713));
#8345 = VECTOR('',#8346,1.);
#8346 = DIRECTION('',(-1.,0.,0.));
#8347 = PCURVE('',#3371,#8348);
#8348 = DEFINITIONAL_REPRESENTATION('',(#8349),#8352);
#8349 = B_SPLINE_CURVE_WITH_KNOTS('',1,(#8350,#8351),.UNSPECIFIED.,.F.,
  .F.,(2,2),(-55.,-5.),.PIECEWISE_BEZIER_KNOTS.);
#8350 = CARTESIAN_POINT('',(60.,10.));
#8351 = CARTESIAN_POINT('',(10.,10.));
#8352 = ( GEOMETRIC_REPRESENTATION_CONTEXT(2) 
PARAMETRIC_REPRESENTATION_CONTEXT() REPRESENTATION_CONTEXT('2D SPACE',''
  ) );
#8353 = PCURVE('',#3343,#8354);
#8354 = DEFINITIONAL_REPRESENTATION('',(#8355),#8358);
#8355 = B_SPLINE_CURVE_WITH_KNOTS('',1,(#8356,#8357),.UNSPECIFIED.,.F.,
  .F.,(2,2),(-55.,-5.),.PIECEWISE_BEZIER_KNOTS.);
#8356 = CARTESIAN_POINT('',(50.,-7.713000002241E-06));
#8357 = CARTESIAN_POINT('',(0.,-7.713000002241E-06));
#8358 = ( GEOMETRIC_REPRESENTATION_CONTEXT(2) 
PARAMETRIC_REPRESENTATION_CONTEXT() REPRESENTATION_CONTEXT('2D SPACE',''
  ) );
#8359 = ORIENTED_EDGE('',*,*,#8360,.T.);
#8360 = EDGE_CURVE('',#8340,#8297,#8361,.T.);
#8361 = SURFACE_CURVE('',#8362,(#8367,#8374),.PCURVE_S1.);
#8362 = CIRCLE('',#8363,60.);
#8363 = AXIS2_PLACEMENT_3D('',#8364,#8365,#8366);
#8364 = CARTESIAN_POINT('',(479.988,0.106,59.500007713));
#8365 = DIRECTION('',(0.,0.,1.));
#8366 = DIRECTION('',(1.,0.,0.));
#8367 = PCURVE('',#3371,#8368);
#8368 = DEFINITIONAL_REPRESENTATION('',(#8369),#8373);
#8369 = CIRCLE('',#8370,60.);
#8370 = AXIS2_PLACEMENT_2D('',#8371,#8372);
#8371 = CARTESIAN_POINT('',(4.375808424126E-15,-4.679120177894E-16));
#8372 = DIRECTION('',(1.,0.));
#8373 = ( GEOMETRIC_REPRESENTATION_CONTEXT(2) 
PARAMETRIC_REPRESENTATION_CONTEXT() REPRESENTATION_CONTEXT('2D SPACE',''
  ) );
#8374 = PCURVE('',#5481,#8375);
#8375 = DEFINITIONAL_REPRESENTATION('',(#8376),#8380);
#8376 = LINE('',#8377,#8378);
#8377 = CARTESIAN_POINT('',(0.,-104.737992287));
#8378 = VECTOR('',#8379,1.);
#8379 = DIRECTION('',(1.,0.));
#8380 = ( GEOMETRIC_REPRESENTATION_CONTEXT(2) 
PARAMETRIC_REPRESENTATION_CONTEXT() REPRESENTATION_CONTEXT('2D SPACE',''
  ) );
#8381 = ORIENTED_EDGE('',*,*,#8317,.T.);
#8382 = ORIENTED_EDGE('',*,*,#3354,.F.);
#8383 = ADVANCED_FACE('',(#8384),#3343,.F.);
#8384 = FACE_BOUND('',#8385,.F.);
#8385 = EDGE_LOOP('',(#8386,#8387,#8388,#8407));
#8386 = ORIENTED_EDGE('',*,*,#3328,.T.);
#8387 = ORIENTED_EDGE('',*,*,#7627,.T.);
#8388 = ORIENTED_EDGE('',*,*,#8389,.F.);
#8389 = EDGE_CURVE('',#8340,#7628,#8390,.T.);
#8390 = SURFACE_CURVE('',#8391,(#8395,#8401),.PCURVE_S1.);
#8391 = LINE('',#8392,#8393);
#8392 = CARTESIAN_POINT('',(539.14879783099,10.106,164.238));
#8393 = VECTOR('',#8394,1.);
#8394 = DIRECTION('',(0.,0.,1.));
#8395 = PCURVE('',#3343,#8396);
#8396 = DEFINITIONAL_REPRESENTATION('',(#8397),#8400);
#8397 = B_SPLINE_CURVE_WITH_KNOTS('',1,(#8398,#8399),.UNSPECIFIED.,.F.,
  .F.,(2,2),(-104.737992887,-29.9999994),.PIECEWISE_BEZIER_KNOTS.);
#8398 = CARTESIAN_POINT('',(49.160797830996,-7.112999995229E-06));
#8399 = CARTESIAN_POINT('',(49.160797830996,-74.7380006));
#8400 = ( GEOMETRIC_REPRESENTATION_CONTEXT(2) 
PARAMETRIC_REPRESENTATION_CONTEXT() REPRESENTATION_CONTEXT('2D SPACE',''
  ) );
#8401 = PCURVE('',#5481,#8402);
#8402 = DEFINITIONAL_REPRESENTATION('',(#8403),#8406);
#8403 = B_SPLINE_CURVE_WITH_KNOTS('',1,(#8404,#8405),.UNSPECIFIED.,.F.,
  .F.,(2,2),(-104.737992887,-29.9999994),.PIECEWISE_BEZIER_KNOTS.);
#8404 = CARTESIAN_POINT('',(0.16744807922,-104.737992887));
#8405 = CARTESIAN_POINT('',(0.16744807922,-29.9999994));
#8406 = ( GEOMETRIC_REPRESENTATION_CONTEXT(2) 
PARAMETRIC_REPRESENTATION_CONTEXT() REPRESENTATION_CONTEXT('2D SPACE',''
  ) );
#8407 = ORIENTED_EDGE('',*,*,#8339,.T.);
#8408 = ADVANCED_FACE('',(#8409),#3806,.F.);
#8409 = FACE_BOUND('',#8410,.F.);
#8410 = EDGE_LOOP('',(#8411,#8412,#8435,#8459,#8483,#8504));
#8411 = ORIENTED_EDGE('',*,*,#4229,.F.);
#8412 = ORIENTED_EDGE('',*,*,#8413,.F.);
#8413 = EDGE_CURVE('',#8414,#4204,#8416,.T.);
#8414 = VERTEX_POINT('',#8415);
#8415 = CARTESIAN_POINT('',(439.14879783099,75.106,134.237992287));
#8416 = SURFACE_CURVE('',#8417,(#8421,#8428),.PCURVE_S1.);
#8417 = LINE('',#8418,#8419);
#8418 = CARTESIAN_POINT('',(440.1488,75.106,134.237992287));
#8419 = VECTOR('',#8420,1.);
#8420 = DIRECTION('',(-1.,0.,0.));
#8421 = PCURVE('',#3806,#8422);
#8422 = DEFINITIONAL_REPRESENTATION('',(#8423),#8427);
#8423 = LINE('',#8424,#8425);
#8424 = CARTESIAN_POINT('',(60.1608,75.));
#8425 = VECTOR('',#8426,1.);
#8426 = DIRECTION('',(-1.,0.));
#8427 = ( GEOMETRIC_REPRESENTATION_CONTEXT(2) 
PARAMETRIC_REPRESENTATION_CONTEXT() REPRESENTATION_CONTEXT('2D SPACE',''
  ) );
#8428 = PCURVE('',#4218,#8429);
#8429 = DEFINITIONAL_REPRESENTATION('',(#8430),#8434);
#8430 = LINE('',#8431,#8432);
#8431 = CARTESIAN_POINT('',(0.,-74.737992287));
#8432 = VECTOR('',#8433,1.);
#8433 = DIRECTION('',(1.,0.));
#8434 = ( GEOMETRIC_REPRESENTATION_CONTEXT(2) 
PARAMETRIC_REPRESENTATION_CONTEXT() REPRESENTATION_CONTEXT('2D SPACE',''
  ) );
#8435 = ORIENTED_EDGE('',*,*,#8436,.T.);
#8436 = EDGE_CURVE('',#8414,#8437,#8439,.T.);
#8437 = VERTEX_POINT('',#8438);
#8438 = CARTESIAN_POINT('',(439.988,85.106,134.237992287));
#8439 = SURFACE_CURVE('',#8440,(#8445,#8452),.PCURVE_S1.);
#8440 = CIRCLE('',#8441,60.);
#8441 = AXIS2_PLACEMENT_3D('',#8442,#8443,#8444);
#8442 = CARTESIAN_POINT('',(379.988,85.106,134.237992287));
#8443 = DIRECTION('',(0.,0.,1.));
#8444 = DIRECTION('',(1.,0.,-0.));
#8445 = PCURVE('',#3806,#8446);
#8446 = DEFINITIONAL_REPRESENTATION('',(#8447),#8451);
#8447 = CIRCLE('',#8448,60.);
#8448 = AXIS2_PLACEMENT_2D('',#8449,#8450);
#8449 = CARTESIAN_POINT('',(0.,85.));
#8450 = DIRECTION('',(1.,0.));
#8451 = ( GEOMETRIC_REPRESENTATION_CONTEXT(2) 
PARAMETRIC_REPRESENTATION_CONTEXT() REPRESENTATION_CONTEXT('2D SPACE',''
  ) );
#8452 = PCURVE('',#5551,#8453);
#8453 = DEFINITIONAL_REPRESENTATION('',(#8454),#8458);
#8454 = LINE('',#8455,#8456);
#8455 = CARTESIAN_POINT('',(0.,-30.000007713));
#8456 = VECTOR('',#8457,1.);
#8457 = DIRECTION('',(1.,0.));
#8458 = ( GEOMETRIC_REPRESENTATION_CONTEXT(2) 
PARAMETRIC_REPRESENTATION_CONTEXT() REPRESENTATION_CONTEXT('2D SPACE',''
  ) );
#8459 = ORIENTED_EDGE('',*,*,#8460,.T.);
#8460 = EDGE_CURVE('',#8437,#8461,#8463,.T.);
#8461 = VERTEX_POINT('',#8462);
#8462 = CARTESIAN_POINT('',(439.14879783099,95.106,134.237992287));
#8463 = SURFACE_CURVE('',#8464,(#8469,#8476),.PCURVE_S1.);
#8464 = CIRCLE('',#8465,60.);
#8465 = AXIS2_PLACEMENT_3D('',#8466,#8467,#8468);
#8466 = CARTESIAN_POINT('',(379.988,85.106,134.237992287));
#8467 = DIRECTION('',(0.,0.,1.));
#8468 = DIRECTION('',(1.,0.,-0.));
#8469 = PCURVE('',#3806,#8470);
#8470 = DEFINITIONAL_REPRESENTATION('',(#8471),#8475);
#8471 = CIRCLE('',#8472,60.);
#8472 = AXIS2_PLACEMENT_2D('',#8473,#8474);
#8473 = CARTESIAN_POINT('',(0.,85.));
#8474 = DIRECTION('',(1.,0.));
#8475 = ( GEOMETRIC_REPRESENTATION_CONTEXT(2) 
PARAMETRIC_REPRESENTATION_CONTEXT() REPRESENTATION_CONTEXT('2D SPACE',''
  ) );
#8476 = PCURVE('',#5551,#8477);
#8477 = DEFINITIONAL_REPRESENTATION('',(#8478),#8482);
#8478 = LINE('',#8479,#8480);
#8479 = CARTESIAN_POINT('',(0.,-30.000007713));
#8480 = VECTOR('',#8481,1.);
#8481 = DIRECTION('',(1.,0.));
#8482 = ( GEOMETRIC_REPRESENTATION_CONTEXT(2) 
PARAMETRIC_REPRESENTATION_CONTEXT() REPRESENTATION_CONTEXT('2D SPACE',''
  ) );
#8483 = ORIENTED_EDGE('',*,*,#8484,.F.);
#8484 = EDGE_CURVE('',#3790,#8461,#8485,.T.);
#8485 = SURFACE_CURVE('',#8486,(#8490,#8497),.PCURVE_S1.);
#8486 = LINE('',#8487,#8488);
#8487 = CARTESIAN_POINT('',(319.8272,95.106,134.237992287));
#8488 = VECTOR('',#8489,1.);
#8489 = DIRECTION('',(1.,0.,0.));
#8490 = PCURVE('',#3806,#8491);
#8491 = DEFINITIONAL_REPRESENTATION('',(#8492),#8496);
#8492 = LINE('',#8493,#8494);
#8493 = CARTESIAN_POINT('',(-60.1608,95.));
#8494 = VECTOR('',#8495,1.);
#8495 = DIRECTION('',(1.,0.));
#8496 = ( GEOMETRIC_REPRESENTATION_CONTEXT(2) 
PARAMETRIC_REPRESENTATION_CONTEXT() REPRESENTATION_CONTEXT('2D SPACE',''
  ) );
#8497 = PCURVE('',#3833,#8498);
#8498 = DEFINITIONAL_REPRESENTATION('',(#8499),#8503);
#8499 = LINE('',#8500,#8501);
#8500 = CARTESIAN_POINT('',(-70.1608,-74.737992287));
#8501 = VECTOR('',#8502,1.);
#8502 = DIRECTION('',(1.,0.));
#8503 = ( GEOMETRIC_REPRESENTATION_CONTEXT(2) 
PARAMETRIC_REPRESENTATION_CONTEXT() REPRESENTATION_CONTEXT('2D SPACE',''
  ) );
#8504 = ORIENTED_EDGE('',*,*,#3789,.F.);
#8505 = ADVANCED_FACE('',(#8506),#4218,.F.);
#8506 = FACE_BOUND('',#8507,.F.);
#8507 = EDGE_LOOP('',(#8508,#8529,#8530,#8531));
#8508 = ORIENTED_EDGE('',*,*,#8509,.T.);
#8509 = EDGE_CURVE('',#8510,#8414,#8512,.T.);
#8510 = VERTEX_POINT('',#8511);
#8511 = CARTESIAN_POINT('',(439.14879783099,75.106,59.500007713));
#8512 = SURFACE_CURVE('',#8513,(#8517,#8523),.PCURVE_S1.);
#8513 = LINE('',#8514,#8515);
#8514 = CARTESIAN_POINT('',(439.14879783099,75.106,164.238));
#8515 = VECTOR('',#8516,1.);
#8516 = DIRECTION('',(0.,0.,1.));
#8517 = PCURVE('',#4218,#8518);
#8518 = DEFINITIONAL_REPRESENTATION('',(#8519),#8522);
#8519 = B_SPLINE_CURVE_WITH_KNOTS('',1,(#8520,#8521),.UNSPECIFIED.,.F.,
  .F.,(2,2),(-104.737992887,-29.9999994),.PIECEWISE_BEZIER_KNOTS.);
#8520 = CARTESIAN_POINT('',(1.000002169004,-7.112999995229E-06));
#8521 = CARTESIAN_POINT('',(1.000002169004,-74.7380006));
#8522 = ( GEOMETRIC_REPRESENTATION_CONTEXT(2) 
PARAMETRIC_REPRESENTATION_CONTEXT() REPRESENTATION_CONTEXT('2D SPACE',''
  ) );
#8523 = PCURVE('',#5551,#8524);
#8524 = DEFINITIONAL_REPRESENTATION('',(#8525),#8528);
#8525 = B_SPLINE_CURVE_WITH_KNOTS('',1,(#8526,#8527),.UNSPECIFIED.,.F.,
  .F.,(2,2),(-104.737992887,-29.9999994),.PIECEWISE_BEZIER_KNOTS.);
#8526 = CARTESIAN_POINT('',(6.11573722796,-104.737992887));
#8527 = CARTESIAN_POINT('',(6.11573722796,-29.9999994));
#8528 = ( GEOMETRIC_REPRESENTATION_CONTEXT(2) 
PARAMETRIC_REPRESENTATION_CONTEXT() REPRESENTATION_CONTEXT('2D SPACE',''
  ) );
#8529 = ORIENTED_EDGE('',*,*,#8413,.T.);
#8530 = ORIENTED_EDGE('',*,*,#4203,.F.);
#8531 = ORIENTED_EDGE('',*,*,#8532,.T.);
#8532 = EDGE_CURVE('',#4175,#8510,#8533,.T.);
#8533 = SURFACE_CURVE('',#8534,(#8538,#8544),.PCURVE_S1.);
#8534 = LINE('',#8535,#8536);
#8535 = CARTESIAN_POINT('',(410.0684,75.106,59.500007713));
#8536 = VECTOR('',#8537,1.);
#8537 = DIRECTION('',(1.,0.,-0.));
#8538 = PCURVE('',#4218,#8539);
#8539 = DEFINITIONAL_REPRESENTATION('',(#8540),#8543);
#8540 = B_SPLINE_CURVE_WITH_KNOTS('',1,(#8541,#8542),.UNSPECIFIED.,.F.,
  .F.,(2,2),(-20.0804,29.9196),.PIECEWISE_BEZIER_KNOTS.);
#8541 = CARTESIAN_POINT('',(50.1608,-7.713000002241E-06));
#8542 = CARTESIAN_POINT('',(0.1608,-7.713000002241E-06));
#8543 = ( GEOMETRIC_REPRESENTATION_CONTEXT(2) 
PARAMETRIC_REPRESENTATION_CONTEXT() REPRESENTATION_CONTEXT('2D SPACE',''
  ) );
#8544 = PCURVE('',#4191,#8545);
#8545 = DEFINITIONAL_REPRESENTATION('',(#8546),#8549);
#8546 = B_SPLINE_CURVE_WITH_KNOTS('',1,(#8547,#8548),.UNSPECIFIED.,.F.,
  .F.,(2,2),(-20.0804,29.9196),.PIECEWISE_BEZIER_KNOTS.);
#8547 = CARTESIAN_POINT('',(10.,-10.));
#8548 = CARTESIAN_POINT('',(60.,-10.));
#8549 = ( GEOMETRIC_REPRESENTATION_CONTEXT(2) 
PARAMETRIC_REPRESENTATION_CONTEXT() REPRESENTATION_CONTEXT('2D SPACE',''
  ) );
#8550 = ADVANCED_FACE('',(#8551),#4191,.F.);
#8551 = FACE_BOUND('',#8552,.F.);
#8552 = EDGE_LOOP('',(#8553,#8577,#8578,#8579));
#8553 = ORIENTED_EDGE('',*,*,#8554,.T.);
#8554 = EDGE_CURVE('',#8555,#8510,#8557,.T.);
#8555 = VERTEX_POINT('',#8556);
#8556 = CARTESIAN_POINT('',(389.988,25.945202169004,59.500007713));
#8557 = SURFACE_CURVE('',#8558,(#8563,#8570),.PCURVE_S1.);
#8558 = CIRCLE('',#8559,60.);
#8559 = AXIS2_PLACEMENT_3D('',#8560,#8561,#8562);
#8560 = CARTESIAN_POINT('',(379.988,85.106,59.500007713));
#8561 = DIRECTION('',(0.,0.,1.));
#8562 = DIRECTION('',(1.,0.,0.));
#8563 = PCURVE('',#4191,#8564);
#8564 = DEFINITIONAL_REPRESENTATION('',(#8565),#8569);
#8565 = CIRCLE('',#8566,60.);
#8566 = AXIS2_PLACEMENT_2D('',#8567,#8568);
#8567 = CARTESIAN_POINT('',(4.375808424126E-15,-4.679120177894E-16));
#8568 = DIRECTION('',(1.,0.));
#8569 = ( GEOMETRIC_REPRESENTATION_CONTEXT(2) 
PARAMETRIC_REPRESENTATION_CONTEXT() REPRESENTATION_CONTEXT('2D SPACE',''
  ) );
#8570 = PCURVE('',#5551,#8571);
#8571 = DEFINITIONAL_REPRESENTATION('',(#8572),#8576);
#8572 = LINE('',#8573,#8574);
#8573 = CARTESIAN_POINT('',(0.,-104.737992287));
#8574 = VECTOR('',#8575,1.);
#8575 = DIRECTION('',(1.,0.));
#8576 = ( GEOMETRIC_REPRESENTATION_CONTEXT(2) 
PARAMETRIC_REPRESENTATION_CONTEXT() REPRESENTATION_CONTEXT('2D SPACE',''
  ) );
#8577 = ORIENTED_EDGE('',*,*,#8532,.F.);
#8578 = ORIENTED_EDGE('',*,*,#4174,.F.);
#8579 = ORIENTED_EDGE('',*,*,#8580,.T.);
#8580 = EDGE_CURVE('',#4149,#8555,#8581,.T.);
#8581 = SURFACE_CURVE('',#8582,(#8586,#8592),.PCURVE_S1.);
#8582 = LINE('',#8583,#8584);
#8583 = CARTESIAN_POINT('',(389.988,47.606,59.500007713));
#8584 = VECTOR('',#8585,1.);
#8585 = DIRECTION('',(0.,-1.,0.));
#8586 = PCURVE('',#4191,#8587);
#8587 = DEFINITIONAL_REPRESENTATION('',(#8588),#8591);
#8588 = B_SPLINE_CURVE_WITH_KNOTS('',1,(#8589,#8590),.UNSPECIFIED.,.F.,
  .F.,(2,2),(-27.5,22.5),.PIECEWISE_BEZIER_KNOTS.);
#8589 = CARTESIAN_POINT('',(10.,-10.));
#8590 = CARTESIAN_POINT('',(10.,-60.));
#8591 = ( GEOMETRIC_REPRESENTATION_CONTEXT(2) 
PARAMETRIC_REPRESENTATION_CONTEXT() REPRESENTATION_CONTEXT('2D SPACE',''
  ) );
#8592 = PCURVE('',#4163,#8593);
#8593 = DEFINITIONAL_REPRESENTATION('',(#8594),#8597);
#8594 = B_SPLINE_CURVE_WITH_KNOTS('',1,(#8595,#8596),.UNSPECIFIED.,.F.,
  .F.,(2,2),(-27.5,22.5),.PIECEWISE_BEZIER_KNOTS.);
#8595 = CARTESIAN_POINT('',(65.,-7.713000002241E-06));
#8596 = CARTESIAN_POINT('',(15.,-7.713000002241E-06));
#8597 = ( GEOMETRIC_REPRESENTATION_CONTEXT(2) 
PARAMETRIC_REPRESENTATION_CONTEXT() REPRESENTATION_CONTEXT('2D SPACE',''
  ) );
#8598 = ADVANCED_FACE('',(#8599),#4163,.T.);
#8599 = FACE_BOUND('',#8600,.T.);
#8600 = EDGE_LOOP('',(#8601,#8622,#8643,#8644));
#8601 = ORIENTED_EDGE('',*,*,#8602,.T.);
#8602 = EDGE_CURVE('',#8555,#8603,#8605,.T.);
#8603 = VERTEX_POINT('',#8604);
#8604 = CARTESIAN_POINT('',(389.988,25.945202169004,134.237992287));
#8605 = SURFACE_CURVE('',#8606,(#8610,#8616),.PCURVE_S1.);
#8606 = LINE('',#8607,#8608);
#8607 = CARTESIAN_POINT('',(389.988,25.945202169004,164.238));
#8608 = VECTOR('',#8609,1.);
#8609 = DIRECTION('',(0.,0.,1.));
#8610 = PCURVE('',#4163,#8611);
#8611 = DEFINITIONAL_REPRESENTATION('',(#8612),#8615);
#8612 = B_SPLINE_CURVE_WITH_KNOTS('',1,(#8613,#8614),.UNSPECIFIED.,.F.,
  .F.,(2,2),(-104.737992887,-29.9999994),.PIECEWISE_BEZIER_KNOTS.);
#8613 = CARTESIAN_POINT('',(15.839202169004,-7.112999995229E-06));
#8614 = CARTESIAN_POINT('',(15.839202169004,-74.7380006));
#8615 = ( GEOMETRIC_REPRESENTATION_CONTEXT(2) 
PARAMETRIC_REPRESENTATION_CONTEXT() REPRESENTATION_CONTEXT('2D SPACE',''
  ) );
#8616 = PCURVE('',#5551,#8617);
#8617 = DEFINITIONAL_REPRESENTATION('',(#8618),#8621);
#8618 = B_SPLINE_CURVE_WITH_KNOTS('',1,(#8619,#8620),.UNSPECIFIED.,.F.,
  .F.,(2,2),(-104.737992887,-29.9999994),.PIECEWISE_BEZIER_KNOTS.);
#8619 = CARTESIAN_POINT('',(4.879837059604,-104.737992887));
#8620 = CARTESIAN_POINT('',(4.879837059604,-29.9999994));
#8621 = ( GEOMETRIC_REPRESENTATION_CONTEXT(2) 
PARAMETRIC_REPRESENTATION_CONTEXT() REPRESENTATION_CONTEXT('2D SPACE',''
  ) );
#8622 = ORIENTED_EDGE('',*,*,#8623,.T.);
#8623 = EDGE_CURVE('',#8603,#4120,#8624,.T.);
#8624 = SURFACE_CURVE('',#8625,(#8629,#8636),.PCURVE_S1.);
#8625 = LINE('',#8626,#8627);
#8626 = CARTESIAN_POINT('',(389.988,-145.0548,134.237992287));
#8627 = VECTOR('',#8628,1.);
#8628 = DIRECTION('',(0.,1.,0.));
#8629 = PCURVE('',#4163,#8630);
#8630 = DEFINITIONAL_REPRESENTATION('',(#8631),#8635);
#8631 = LINE('',#8632,#8633);
#8632 = CARTESIAN_POINT('',(-155.1608,-74.737992287));
#8633 = VECTOR('',#8634,1.);
#8634 = DIRECTION('',(1.,0.));
#8635 = ( GEOMETRIC_REPRESENTATION_CONTEXT(2) 
PARAMETRIC_REPRESENTATION_CONTEXT() REPRESENTATION_CONTEXT('2D SPACE',''
  ) );
#8636 = PCURVE('',#4136,#8637);
#8637 = DEFINITIONAL_REPRESENTATION('',(#8638),#8642);
#8638 = LINE('',#8639,#8640);
#8639 = CARTESIAN_POINT('',(10.,-145.1608));
#8640 = VECTOR('',#8641,1.);
#8641 = DIRECTION('',(0.,1.));
#8642 = ( GEOMETRIC_REPRESENTATION_CONTEXT(2) 
PARAMETRIC_REPRESENTATION_CONTEXT() REPRESENTATION_CONTEXT('2D SPACE',''
  ) );
#8643 = ORIENTED_EDGE('',*,*,#4148,.F.);
#8644 = ORIENTED_EDGE('',*,*,#8580,.T.);
#8645 = ADVANCED_FACE('',(#8646),#4136,.F.);
#8646 = FACE_BOUND('',#8647,.F.);
#8647 = EDGE_LOOP('',(#8648,#8672,#8673,#8674));
#8648 = ORIENTED_EDGE('',*,*,#8649,.T.);
#8649 = EDGE_CURVE('',#8650,#8603,#8652,.T.);
#8650 = VERTEX_POINT('',#8651);
#8651 = CARTESIAN_POINT('',(369.988,25.945202169004,134.237992287));
#8652 = SURFACE_CURVE('',#8653,(#8658,#8665),.PCURVE_S1.);
#8653 = CIRCLE('',#8654,60.);
#8654 = AXIS2_PLACEMENT_3D('',#8655,#8656,#8657);
#8655 = CARTESIAN_POINT('',(379.988,85.106,134.237992287));
#8656 = DIRECTION('',(0.,0.,1.));
#8657 = DIRECTION('',(1.,0.,-0.));
#8658 = PCURVE('',#4136,#8659);
#8659 = DEFINITIONAL_REPRESENTATION('',(#8660),#8664);
#8660 = CIRCLE('',#8661,60.);
#8661 = AXIS2_PLACEMENT_2D('',#8662,#8663);
#8662 = CARTESIAN_POINT('',(0.,85.));
#8663 = DIRECTION('',(1.,0.));
#8664 = ( GEOMETRIC_REPRESENTATION_CONTEXT(2) 
PARAMETRIC_REPRESENTATION_CONTEXT() REPRESENTATION_CONTEXT('2D SPACE',''
  ) );
#8665 = PCURVE('',#5551,#8666);
#8666 = DEFINITIONAL_REPRESENTATION('',(#8667),#8671);
#8667 = LINE('',#8668,#8669);
#8668 = CARTESIAN_POINT('',(0.,-30.000007713));
#8669 = VECTOR('',#8670,1.);
#8670 = DIRECTION('',(1.,0.));
#8671 = ( GEOMETRIC_REPRESENTATION_CONTEXT(2) 
PARAMETRIC_REPRESENTATION_CONTEXT() REPRESENTATION_CONTEXT('2D SPACE',''
  ) );
#8672 = ORIENTED_EDGE('',*,*,#8623,.T.);
#8673 = ORIENTED_EDGE('',*,*,#4119,.F.);
#8674 = ORIENTED_EDGE('',*,*,#8675,.T.);
#8675 = EDGE_CURVE('',#4094,#8650,#8676,.T.);
#8676 = SURFACE_CURVE('',#8677,(#8681,#8688),.PCURVE_S1.);
#8677 = LINE('',#8678,#8679);
#8678 = CARTESIAN_POINT('',(369.988,145.2668,134.237992287));
#8679 = VECTOR('',#8680,1.);
#8680 = DIRECTION('',(0.,-1.,0.));
#8681 = PCURVE('',#4136,#8682);
#8682 = DEFINITIONAL_REPRESENTATION('',(#8683),#8687);
#8683 = LINE('',#8684,#8685);
#8684 = CARTESIAN_POINT('',(-10.,145.1608));
#8685 = VECTOR('',#8686,1.);
#8686 = DIRECTION('',(0.,-1.));
#8687 = ( GEOMETRIC_REPRESENTATION_CONTEXT(2) 
PARAMETRIC_REPRESENTATION_CONTEXT() REPRESENTATION_CONTEXT('2D SPACE',''
  ) );
#8688 = PCURVE('',#4108,#8689);
#8689 = DEFINITIONAL_REPRESENTATION('',(#8690),#8694);
#8690 = LINE('',#8691,#8692);
#8691 = CARTESIAN_POINT('',(-70.1608,-74.737992287));
#8692 = VECTOR('',#8693,1.);
#8693 = DIRECTION('',(1.,0.));
#8694 = ( GEOMETRIC_REPRESENTATION_CONTEXT(2) 
PARAMETRIC_REPRESENTATION_CONTEXT() REPRESENTATION_CONTEXT('2D SPACE',''
  ) );
#8695 = ADVANCED_FACE('',(#8696),#4108,.T.);
#8696 = FACE_BOUND('',#8697,.T.);
#8697 = EDGE_LOOP('',(#8698,#8699,#8700,#8721));
#8698 = ORIENTED_EDGE('',*,*,#4093,.T.);
#8699 = ORIENTED_EDGE('',*,*,#8675,.T.);
#8700 = ORIENTED_EDGE('',*,*,#8701,.F.);
#8701 = EDGE_CURVE('',#8702,#8650,#8704,.T.);
#8702 = VERTEX_POINT('',#8703);
#8703 = CARTESIAN_POINT('',(369.988,25.945202169004,59.500007713));
#8704 = SURFACE_CURVE('',#8705,(#8709,#8715),.PCURVE_S1.);
#8705 = LINE('',#8706,#8707);
#8706 = CARTESIAN_POINT('',(369.988,25.945202169004,164.238));
#8707 = VECTOR('',#8708,1.);
#8708 = DIRECTION('',(0.,0.,1.));
#8709 = PCURVE('',#4108,#8710);
#8710 = DEFINITIONAL_REPRESENTATION('',(#8711),#8714);
#8711 = B_SPLINE_CURVE_WITH_KNOTS('',1,(#8712,#8713),.UNSPECIFIED.,.F.,
  .F.,(2,2),(-104.737992887,-29.9999994),.PIECEWISE_BEZIER_KNOTS.);
#8712 = CARTESIAN_POINT('',(49.160797830996,-7.112999995229E-06));
#8713 = CARTESIAN_POINT('',(49.160797830996,-74.7380006));
#8714 = ( GEOMETRIC_REPRESENTATION_CONTEXT(2) 
PARAMETRIC_REPRESENTATION_CONTEXT() REPRESENTATION_CONTEXT('2D SPACE',''
  ) );
#8715 = PCURVE('',#5551,#8716);
#8716 = DEFINITIONAL_REPRESENTATION('',(#8717),#8720);
#8717 = B_SPLINE_CURVE_WITH_KNOTS('',1,(#8718,#8719),.UNSPECIFIED.,.F.,
  .F.,(2,2),(-104.737992887,-29.9999994),.PIECEWISE_BEZIER_KNOTS.);
#8718 = CARTESIAN_POINT('',(4.544940901165,-104.737992887));
#8719 = CARTESIAN_POINT('',(4.544940901165,-29.9999994));
#8720 = ( GEOMETRIC_REPRESENTATION_CONTEXT(2) 
PARAMETRIC_REPRESENTATION_CONTEXT() REPRESENTATION_CONTEXT('2D SPACE',''
  ) );
#8721 = ORIENTED_EDGE('',*,*,#8722,.T.);
#8722 = EDGE_CURVE('',#8702,#4065,#8723,.T.);
#8723 = SURFACE_CURVE('',#8724,(#8728,#8734),.PCURVE_S1.);
#8724 = LINE('',#8725,#8726);
#8725 = CARTESIAN_POINT('',(369.988,80.106,59.500007713));
#8726 = VECTOR('',#8727,1.);
#8727 = DIRECTION('',(-0.,1.,0.));
#8728 = PCURVE('',#4108,#8729);
#8729 = DEFINITIONAL_REPRESENTATION('',(#8730),#8733);
#8730 = B_SPLINE_CURVE_WITH_KNOTS('',1,(#8731,#8732),.UNSPECIFIED.,.F.,
  .F.,(2,2),(-55.,-5.),.PIECEWISE_BEZIER_KNOTS.);
#8731 = CARTESIAN_POINT('',(50.,-7.713000002241E-06));
#8732 = CARTESIAN_POINT('',(0.,-7.713000002241E-06));
#8733 = ( GEOMETRIC_REPRESENTATION_CONTEXT(2) 
PARAMETRIC_REPRESENTATION_CONTEXT() REPRESENTATION_CONTEXT('2D SPACE',''
  ) );
#8734 = PCURVE('',#4081,#8735);
#8735 = DEFINITIONAL_REPRESENTATION('',(#8736),#8739);
#8736 = B_SPLINE_CURVE_WITH_KNOTS('',1,(#8737,#8738),.UNSPECIFIED.,.F.,
  .F.,(2,2),(-55.,-5.),.PIECEWISE_BEZIER_KNOTS.);
#8737 = CARTESIAN_POINT('',(-10.,-60.));
#8738 = CARTESIAN_POINT('',(-10.,-10.));
#8739 = ( GEOMETRIC_REPRESENTATION_CONTEXT(2) 
PARAMETRIC_REPRESENTATION_CONTEXT() REPRESENTATION_CONTEXT('2D SPACE',''
  ) );
#8740 = ADVANCED_FACE('',(#8741),#4081,.F.);
#8741 = FACE_BOUND('',#8742,.F.);
#8742 = EDGE_LOOP('',(#8743,#8767,#8768,#8769));
#8743 = ORIENTED_EDGE('',*,*,#8744,.T.);
#8744 = EDGE_CURVE('',#8745,#8702,#8747,.T.);
#8745 = VERTEX_POINT('',#8746);
#8746 = CARTESIAN_POINT('',(320.827202169,75.106,59.500007713));
#8747 = SURFACE_CURVE('',#8748,(#8753,#8760),.PCURVE_S1.);
#8748 = CIRCLE('',#8749,60.);
#8749 = AXIS2_PLACEMENT_3D('',#8750,#8751,#8752);
#8750 = CARTESIAN_POINT('',(379.988,85.106,59.500007713));
#8751 = DIRECTION('',(0.,0.,1.));
#8752 = DIRECTION('',(1.,0.,0.));
#8753 = PCURVE('',#4081,#8754);
#8754 = DEFINITIONAL_REPRESENTATION('',(#8755),#8759);
#8755 = CIRCLE('',#8756,60.);
#8756 = AXIS2_PLACEMENT_2D('',#8757,#8758);
#8757 = CARTESIAN_POINT('',(4.375808424126E-15,-4.679120177894E-16));
#8758 = DIRECTION('',(1.,0.));
#8759 = ( GEOMETRIC_REPRESENTATION_CONTEXT(2) 
PARAMETRIC_REPRESENTATION_CONTEXT() REPRESENTATION_CONTEXT('2D SPACE',''
  ) );
#8760 = PCURVE('',#5551,#8761);
#8761 = DEFINITIONAL_REPRESENTATION('',(#8762),#8766);
#8762 = LINE('',#8763,#8764);
#8763 = CARTESIAN_POINT('',(0.,-104.737992287));
#8764 = VECTOR('',#8765,1.);
#8765 = DIRECTION('',(1.,0.));
#8766 = ( GEOMETRIC_REPRESENTATION_CONTEXT(2) 
PARAMETRIC_REPRESENTATION_CONTEXT() REPRESENTATION_CONTEXT('2D SPACE',''
  ) );
#8767 = ORIENTED_EDGE('',*,*,#8722,.T.);
#8768 = ORIENTED_EDGE('',*,*,#4064,.F.);
#8769 = ORIENTED_EDGE('',*,*,#8770,.F.);
#8770 = EDGE_CURVE('',#8745,#4039,#8771,.T.);
#8771 = SURFACE_CURVE('',#8772,(#8776,#8782),.PCURVE_S1.);
#8772 = LINE('',#8773,#8774);
#8773 = CARTESIAN_POINT('',(374.988,75.106,59.500007713));
#8774 = VECTOR('',#8775,1.);
#8775 = DIRECTION('',(1.,0.,-0.));
#8776 = PCURVE('',#4081,#8777);
#8777 = DEFINITIONAL_REPRESENTATION('',(#8778),#8781);
#8778 = B_SPLINE_CURVE_WITH_KNOTS('',1,(#8779,#8780),.UNSPECIFIED.,.F.,
  .F.,(2,2),(-55.,-5.),.PIECEWISE_BEZIER_KNOTS.);
#8779 = CARTESIAN_POINT('',(-60.,-10.));
#8780 = CARTESIAN_POINT('',(-10.,-10.));
#8781 = ( GEOMETRIC_REPRESENTATION_CONTEXT(2) 
PARAMETRIC_REPRESENTATION_CONTEXT() REPRESENTATION_CONTEXT('2D SPACE',''
  ) );
#8782 = PCURVE('',#4053,#8783);
#8783 = DEFINITIONAL_REPRESENTATION('',(#8784),#8787);
#8784 = B_SPLINE_CURVE_WITH_KNOTS('',1,(#8785,#8786),.UNSPECIFIED.,.F.,
  .F.,(2,2),(-55.,-5.),.PIECEWISE_BEZIER_KNOTS.);
#8785 = CARTESIAN_POINT('',(50.,-7.713000002241E-06));
#8786 = CARTESIAN_POINT('',(0.,-7.713000002241E-06));
#8787 = ( GEOMETRIC_REPRESENTATION_CONTEXT(2) 
PARAMETRIC_REPRESENTATION_CONTEXT() REPRESENTATION_CONTEXT('2D SPACE',''
  ) );
#8788 = ADVANCED_FACE('',(#8789),#4053,.F.);
#8789 = FACE_BOUND('',#8790,.F.);
#8790 = EDGE_LOOP('',(#8791,#8792,#8815,#8834));
#8791 = ORIENTED_EDGE('',*,*,#4038,.T.);
#8792 = ORIENTED_EDGE('',*,*,#8793,.T.);
#8793 = EDGE_CURVE('',#4010,#8794,#8796,.T.);
#8794 = VERTEX_POINT('',#8795);
#8795 = CARTESIAN_POINT('',(320.827202169,75.106,134.237992287));
#8796 = SURFACE_CURVE('',#8797,(#8801,#8808),.PCURVE_S1.);
#8797 = LINE('',#8798,#8799);
#8798 = CARTESIAN_POINT('',(440.1488,75.106,134.237992287));
#8799 = VECTOR('',#8800,1.);
#8800 = DIRECTION('',(-1.,0.,0.));
#8801 = PCURVE('',#4053,#8802);
#8802 = DEFINITIONAL_REPRESENTATION('',(#8803),#8807);
#8803 = LINE('',#8804,#8805);
#8804 = CARTESIAN_POINT('',(-70.1608,-74.737992287));
#8805 = VECTOR('',#8806,1.);
#8806 = DIRECTION('',(1.,0.));
#8807 = ( GEOMETRIC_REPRESENTATION_CONTEXT(2) 
PARAMETRIC_REPRESENTATION_CONTEXT() REPRESENTATION_CONTEXT('2D SPACE',''
  ) );
#8808 = PCURVE('',#4026,#8809);
#8809 = DEFINITIONAL_REPRESENTATION('',(#8810),#8814);
#8810 = LINE('',#8811,#8812);
#8811 = CARTESIAN_POINT('',(60.1608,75.));
#8812 = VECTOR('',#8813,1.);
#8813 = DIRECTION('',(-1.,0.));
#8814 = ( GEOMETRIC_REPRESENTATION_CONTEXT(2) 
PARAMETRIC_REPRESENTATION_CONTEXT() REPRESENTATION_CONTEXT('2D SPACE',''
  ) );
#8815 = ORIENTED_EDGE('',*,*,#8816,.F.);
#8816 = EDGE_CURVE('',#8745,#8794,#8817,.T.);
#8817 = SURFACE_CURVE('',#8818,(#8822,#8828),.PCURVE_S1.);
#8818 = LINE('',#8819,#8820);
#8819 = CARTESIAN_POINT('',(320.827202169,75.106,164.238));
#8820 = VECTOR('',#8821,1.);
#8821 = DIRECTION('',(0.,0.,1.));
#8822 = PCURVE('',#4053,#8823);
#8823 = DEFINITIONAL_REPRESENTATION('',(#8824),#8827);
#8824 = B_SPLINE_CURVE_WITH_KNOTS('',1,(#8825,#8826),.UNSPECIFIED.,.F.,
  .F.,(2,2),(-104.737992887,-29.9999994),.PIECEWISE_BEZIER_KNOTS.);
#8825 = CARTESIAN_POINT('',(49.160797830996,-7.112999995229E-06));
#8826 = CARTESIAN_POINT('',(49.160797830996,-74.7380006));
#8827 = ( GEOMETRIC_REPRESENTATION_CONTEXT(2) 
PARAMETRIC_REPRESENTATION_CONTEXT() REPRESENTATION_CONTEXT('2D SPACE',''
  ) );
#8828 = PCURVE('',#5551,#8829);
#8829 = DEFINITIONAL_REPRESENTATION('',(#8830),#8833);
#8830 = B_SPLINE_CURVE_WITH_KNOTS('',1,(#8831,#8832),.UNSPECIFIED.,.F.,
  .F.,(2,2),(-104.737992887,-29.9999994),.PIECEWISE_BEZIER_KNOTS.);
#8831 = CARTESIAN_POINT('',(3.309040732809,-104.737992887));
#8832 = CARTESIAN_POINT('',(3.309040732809,-29.9999994));
#8833 = ( GEOMETRIC_REPRESENTATION_CONTEXT(2) 
PARAMETRIC_REPRESENTATION_CONTEXT() REPRESENTATION_CONTEXT('2D SPACE',''
  ) );
#8834 = ORIENTED_EDGE('',*,*,#8770,.T.);
#8835 = ADVANCED_FACE('',(#8836),#4026,.F.);
#8836 = FACE_BOUND('',#8837,.F.);
#8837 = EDGE_LOOP('',(#8838,#8839,#8840,#8863));
#8838 = ORIENTED_EDGE('',*,*,#8793,.F.);
#8839 = ORIENTED_EDGE('',*,*,#4009,.F.);
#8840 = ORIENTED_EDGE('',*,*,#8841,.F.);
#8841 = EDGE_CURVE('',#8842,#3984,#8844,.T.);
#8842 = VERTEX_POINT('',#8843);
#8843 = CARTESIAN_POINT('',(320.827202169,95.106,134.237992287));
#8844 = SURFACE_CURVE('',#8845,(#8849,#8856),.PCURVE_S1.);
#8845 = LINE('',#8846,#8847);
#8846 = CARTESIAN_POINT('',(319.8272,95.106,134.237992287));
#8847 = VECTOR('',#8848,1.);
#8848 = DIRECTION('',(1.,0.,0.));
#8849 = PCURVE('',#4026,#8850);
#8850 = DEFINITIONAL_REPRESENTATION('',(#8851),#8855);
#8851 = LINE('',#8852,#8853);
#8852 = CARTESIAN_POINT('',(-60.1608,95.));
#8853 = VECTOR('',#8854,1.);
#8854 = DIRECTION('',(1.,0.));
#8855 = ( GEOMETRIC_REPRESENTATION_CONTEXT(2) 
PARAMETRIC_REPRESENTATION_CONTEXT() REPRESENTATION_CONTEXT('2D SPACE',''
  ) );
#8856 = PCURVE('',#3998,#8857);
#8857 = DEFINITIONAL_REPRESENTATION('',(#8858),#8862);
#8858 = LINE('',#8859,#8860);
#8859 = CARTESIAN_POINT('',(0.,-74.737992287));
#8860 = VECTOR('',#8861,1.);
#8861 = DIRECTION('',(1.,0.));
#8862 = ( GEOMETRIC_REPRESENTATION_CONTEXT(2) 
PARAMETRIC_REPRESENTATION_CONTEXT() REPRESENTATION_CONTEXT('2D SPACE',''
  ) );
#8863 = ORIENTED_EDGE('',*,*,#8864,.T.);
#8864 = EDGE_CURVE('',#8842,#8794,#8865,.T.);
#8865 = SURFACE_CURVE('',#8866,(#8871,#8878),.PCURVE_S1.);
#8866 = CIRCLE('',#8867,60.);
#8867 = AXIS2_PLACEMENT_3D('',#8868,#8869,#8870);
#8868 = CARTESIAN_POINT('',(379.988,85.106,134.237992287));
#8869 = DIRECTION('',(0.,0.,1.));
#8870 = DIRECTION('',(1.,0.,-0.));
#8871 = PCURVE('',#4026,#8872);
#8872 = DEFINITIONAL_REPRESENTATION('',(#8873),#8877);
#8873 = CIRCLE('',#8874,60.);
#8874 = AXIS2_PLACEMENT_2D('',#8875,#8876);
#8875 = CARTESIAN_POINT('',(0.,85.));
#8876 = DIRECTION('',(1.,0.));
#8877 = ( GEOMETRIC_REPRESENTATION_CONTEXT(2) 
PARAMETRIC_REPRESENTATION_CONTEXT() REPRESENTATION_CONTEXT('2D SPACE',''
  ) );
#8878 = PCURVE('',#5551,#8879);
#8879 = DEFINITIONAL_REPRESENTATION('',(#8880),#8884);
#8880 = LINE('',#8881,#8882);
#8881 = CARTESIAN_POINT('',(0.,-30.000007713));
#8882 = VECTOR('',#8883,1.);
#8883 = DIRECTION('',(1.,0.));
#8884 = ( GEOMETRIC_REPRESENTATION_CONTEXT(2) 
PARAMETRIC_REPRESENTATION_CONTEXT() REPRESENTATION_CONTEXT('2D SPACE',''
  ) );
#8885 = ADVANCED_FACE('',(#8886),#3998,.F.);
#8886 = FACE_BOUND('',#8887,.F.);
#8887 = EDGE_LOOP('',(#8888,#8909,#8910,#8911));
#8888 = ORIENTED_EDGE('',*,*,#8889,.T.);
#8889 = EDGE_CURVE('',#8890,#8842,#8892,.T.);
#8890 = VERTEX_POINT('',#8891);
#8891 = CARTESIAN_POINT('',(320.827202169,95.106,59.500007713));
#8892 = SURFACE_CURVE('',#8893,(#8897,#8903),.PCURVE_S1.);
#8893 = LINE('',#8894,#8895);
#8894 = CARTESIAN_POINT('',(320.827202169,95.106,164.238));
#8895 = VECTOR('',#8896,1.);
#8896 = DIRECTION('',(0.,0.,1.));
#8897 = PCURVE('',#3998,#8898);
#8898 = DEFINITIONAL_REPRESENTATION('',(#8899),#8902);
#8899 = B_SPLINE_CURVE_WITH_KNOTS('',1,(#8900,#8901),.UNSPECIFIED.,.F.,
  .F.,(2,2),(-104.737992887,-29.9999994),.PIECEWISE_BEZIER_KNOTS.);
#8900 = CARTESIAN_POINT('',(1.000002169004,-7.112999995229E-06));
#8901 = CARTESIAN_POINT('',(1.000002169004,-74.7380006));
#8902 = ( GEOMETRIC_REPRESENTATION_CONTEXT(2) 
PARAMETRIC_REPRESENTATION_CONTEXT() REPRESENTATION_CONTEXT('2D SPACE',''
  ) );
#8903 = PCURVE('',#5551,#8904);
#8904 = DEFINITIONAL_REPRESENTATION('',(#8905),#8908);
#8905 = B_SPLINE_CURVE_WITH_KNOTS('',1,(#8906,#8907),.UNSPECIFIED.,.F.,
  .F.,(2,2),(-104.737992887,-29.9999994),.PIECEWISE_BEZIER_KNOTS.);
#8906 = CARTESIAN_POINT('',(2.97414457437,-104.737992887));
#8907 = CARTESIAN_POINT('',(2.97414457437,-29.9999994));
#8908 = ( GEOMETRIC_REPRESENTATION_CONTEXT(2) 
PARAMETRIC_REPRESENTATION_CONTEXT() REPRESENTATION_CONTEXT('2D SPACE',''
  ) );
#8909 = ORIENTED_EDGE('',*,*,#8841,.T.);
#8910 = ORIENTED_EDGE('',*,*,#3983,.F.);
#8911 = ORIENTED_EDGE('',*,*,#8912,.T.);
#8912 = EDGE_CURVE('',#3955,#8890,#8913,.T.);
#8913 = SURFACE_CURVE('',#8914,(#8918,#8924),.PCURVE_S1.);
#8914 = LINE('',#8915,#8916);
#8915 = CARTESIAN_POINT('',(349.9076,95.106,59.500007713));
#8916 = VECTOR('',#8917,1.);
#8917 = DIRECTION('',(-1.,0.,0.));
#8918 = PCURVE('',#3998,#8919);
#8919 = DEFINITIONAL_REPRESENTATION('',(#8920),#8923);
#8920 = B_SPLINE_CURVE_WITH_KNOTS('',1,(#8921,#8922),.UNSPECIFIED.,.F.,
  .F.,(2,2),(-20.0804,29.9196),.PIECEWISE_BEZIER_KNOTS.);
#8921 = CARTESIAN_POINT('',(50.1608,-7.713000002241E-06));
#8922 = CARTESIAN_POINT('',(0.1608,-7.713000002241E-06));
#8923 = ( GEOMETRIC_REPRESENTATION_CONTEXT(2) 
PARAMETRIC_REPRESENTATION_CONTEXT() REPRESENTATION_CONTEXT('2D SPACE',''
  ) );
#8924 = PCURVE('',#3971,#8925);
#8925 = DEFINITIONAL_REPRESENTATION('',(#8926),#8929);
#8926 = B_SPLINE_CURVE_WITH_KNOTS('',1,(#8927,#8928),.UNSPECIFIED.,.F.,
  .F.,(2,2),(-20.0804,29.9196),.PIECEWISE_BEZIER_KNOTS.);
#8927 = CARTESIAN_POINT('',(-10.,10.));
#8928 = CARTESIAN_POINT('',(-60.,10.));
#8929 = ( GEOMETRIC_REPRESENTATION_CONTEXT(2) 
PARAMETRIC_REPRESENTATION_CONTEXT() REPRESENTATION_CONTEXT('2D SPACE',''
  ) );
#8930 = ADVANCED_FACE('',(#8931),#3971,.F.);
#8931 = FACE_BOUND('',#8932,.F.);
#8932 = EDGE_LOOP('',(#8933,#8954,#8976,#8977));
#8933 = ORIENTED_EDGE('',*,*,#8934,.T.);
#8934 = EDGE_CURVE('',#3929,#8935,#8937,.T.);
#8935 = VERTEX_POINT('',#8936);
#8936 = CARTESIAN_POINT('',(369.988,144.26679783099,59.500007713));
#8937 = SURFACE_CURVE('',#8938,(#8942,#8948),.PCURVE_S1.);
#8938 = LINE('',#8939,#8940);
#8939 = CARTESIAN_POINT('',(369.988,115.1864,59.500007713));
#8940 = VECTOR('',#8941,1.);
#8941 = DIRECTION('',(-0.,1.,0.));
#8942 = PCURVE('',#3971,#8943);
#8943 = DEFINITIONAL_REPRESENTATION('',(#8944),#8947);
#8944 = B_SPLINE_CURVE_WITH_KNOTS('',1,(#8945,#8946),.UNSPECIFIED.,.F.,
  .F.,(2,2),(-20.0804,29.9196),.PIECEWISE_BEZIER_KNOTS.);
#8945 = CARTESIAN_POINT('',(-10.,10.));
#8946 = CARTESIAN_POINT('',(-10.,60.));
#8947 = ( GEOMETRIC_REPRESENTATION_CONTEXT(2) 
PARAMETRIC_REPRESENTATION_CONTEXT() REPRESENTATION_CONTEXT('2D SPACE',''
  ) );
#8948 = PCURVE('',#3943,#8949);
#8949 = DEFINITIONAL_REPRESENTATION('',(#8950),#8953);
#8950 = B_SPLINE_CURVE_WITH_KNOTS('',1,(#8951,#8952),.UNSPECIFIED.,.F.,
  .F.,(2,2),(-20.0804,29.9196),.PIECEWISE_BEZIER_KNOTS.);
#8951 = CARTESIAN_POINT('',(50.1608,-7.713000002241E-06));
#8952 = CARTESIAN_POINT('',(0.1608,-7.713000002241E-06));
#8953 = ( GEOMETRIC_REPRESENTATION_CONTEXT(2) 
PARAMETRIC_REPRESENTATION_CONTEXT() REPRESENTATION_CONTEXT('2D SPACE',''
  ) );
#8954 = ORIENTED_EDGE('',*,*,#8955,.T.);
#8955 = EDGE_CURVE('',#8935,#8890,#8956,.T.);
#8956 = SURFACE_CURVE('',#8957,(#8962,#8969),.PCURVE_S1.);
#8957 = CIRCLE('',#8958,60.);
#8958 = AXIS2_PLACEMENT_3D('',#8959,#8960,#8961);
#8959 = CARTESIAN_POINT('',(379.988,85.106,59.500007713));
#8960 = DIRECTION('',(0.,0.,1.));
#8961 = DIRECTION('',(1.,0.,0.));
#8962 = PCURVE('',#3971,#8963);
#8963 = DEFINITIONAL_REPRESENTATION('',(#8964),#8968);
#8964 = CIRCLE('',#8965,60.);
#8965 = AXIS2_PLACEMENT_2D('',#8966,#8967);
#8966 = CARTESIAN_POINT('',(4.375808424126E-15,-4.679120177894E-16));
#8967 = DIRECTION('',(1.,0.));
#8968 = ( GEOMETRIC_REPRESENTATION_CONTEXT(2) 
PARAMETRIC_REPRESENTATION_CONTEXT() REPRESENTATION_CONTEXT('2D SPACE',''
  ) );
#8969 = PCURVE('',#5551,#8970);
#8970 = DEFINITIONAL_REPRESENTATION('',(#8971),#8975);
#8971 = LINE('',#8972,#8973);
#8972 = CARTESIAN_POINT('',(0.,-104.737992287));
#8973 = VECTOR('',#8974,1.);
#8974 = DIRECTION('',(1.,0.));
#8975 = ( GEOMETRIC_REPRESENTATION_CONTEXT(2) 
PARAMETRIC_REPRESENTATION_CONTEXT() REPRESENTATION_CONTEXT('2D SPACE',''
  ) );
#8976 = ORIENTED_EDGE('',*,*,#8912,.F.);
#8977 = ORIENTED_EDGE('',*,*,#3954,.F.);
#8978 = ADVANCED_FACE('',(#8979),#3943,.T.);
#8979 = FACE_BOUND('',#8980,.T.);
#8980 = EDGE_LOOP('',(#8981,#9002,#9023,#9024));
#8981 = ORIENTED_EDGE('',*,*,#8982,.T.);
#8982 = EDGE_CURVE('',#8935,#8983,#8985,.T.);
#8983 = VERTEX_POINT('',#8984);
#8984 = CARTESIAN_POINT('',(369.988,144.26679783099,134.237992287));
#8985 = SURFACE_CURVE('',#8986,(#8990,#8996),.PCURVE_S1.);
#8986 = LINE('',#8987,#8988);
#8987 = CARTESIAN_POINT('',(369.988,144.26679783099,164.238));
#8988 = VECTOR('',#8989,1.);
#8989 = DIRECTION('',(0.,0.,1.));
#8990 = PCURVE('',#3943,#8991);
#8991 = DEFINITIONAL_REPRESENTATION('',(#8992),#8995);
#8992 = B_SPLINE_CURVE_WITH_KNOTS('',1,(#8993,#8994),.UNSPECIFIED.,.F.,
  .F.,(2,2),(-104.737992887,-29.9999994),.PIECEWISE_BEZIER_KNOTS.);
#8993 = CARTESIAN_POINT('',(1.000002169004,-7.112999995229E-06));
#8994 = CARTESIAN_POINT('',(1.000002169004,-74.7380006));
#8995 = ( GEOMETRIC_REPRESENTATION_CONTEXT(2) 
PARAMETRIC_REPRESENTATION_CONTEXT() REPRESENTATION_CONTEXT('2D SPACE',''
  ) );
#8996 = PCURVE('',#5551,#8997);
#8997 = DEFINITIONAL_REPRESENTATION('',(#8998),#9001);
#8998 = B_SPLINE_CURVE_WITH_KNOTS('',1,(#8999,#9000),.UNSPECIFIED.,.F.,
  .F.,(2,2),(-104.737992887,-29.9999994),.PIECEWISE_BEZIER_KNOTS.);
#8999 = CARTESIAN_POINT('',(1.738244406015,-104.737992887));
#9000 = CARTESIAN_POINT('',(1.738244406015,-29.9999994));
#9001 = ( GEOMETRIC_REPRESENTATION_CONTEXT(2) 
PARAMETRIC_REPRESENTATION_CONTEXT() REPRESENTATION_CONTEXT('2D SPACE',''
  ) );
#9002 = ORIENTED_EDGE('',*,*,#9003,.T.);
#9003 = EDGE_CURVE('',#8983,#3900,#9004,.T.);
#9004 = SURFACE_CURVE('',#9005,(#9009,#9016),.PCURVE_S1.);
#9005 = LINE('',#9006,#9007);
#9006 = CARTESIAN_POINT('',(369.988,145.2668,134.237992287));
#9007 = VECTOR('',#9008,1.);
#9008 = DIRECTION('',(0.,-1.,0.));
#9009 = PCURVE('',#3943,#9010);
#9010 = DEFINITIONAL_REPRESENTATION('',(#9011),#9015);
#9011 = LINE('',#9012,#9013);
#9012 = CARTESIAN_POINT('',(0.,-74.737992287));
#9013 = VECTOR('',#9014,1.);
#9014 = DIRECTION('',(1.,0.));
#9015 = ( GEOMETRIC_REPRESENTATION_CONTEXT(2) 
PARAMETRIC_REPRESENTATION_CONTEXT() REPRESENTATION_CONTEXT('2D SPACE',''
  ) );
#9016 = PCURVE('',#3916,#9017);
#9017 = DEFINITIONAL_REPRESENTATION('',(#9018),#9022);
#9018 = LINE('',#9019,#9020);
#9019 = CARTESIAN_POINT('',(-10.,145.1608));
#9020 = VECTOR('',#9021,1.);
#9021 = DIRECTION('',(0.,-1.));
#9022 = ( GEOMETRIC_REPRESENTATION_CONTEXT(2) 
PARAMETRIC_REPRESENTATION_CONTEXT() REPRESENTATION_CONTEXT('2D SPACE',''
  ) );
#9023 = ORIENTED_EDGE('',*,*,#3928,.F.);
#9024 = ORIENTED_EDGE('',*,*,#8934,.T.);
#9025 = ADVANCED_FACE('',(#9026),#3916,.F.);
#9026 = FACE_BOUND('',#9027,.F.);
#9027 = EDGE_LOOP('',(#9028,#9029,#9052,#9074));
#9028 = ORIENTED_EDGE('',*,*,#3899,.F.);
#9029 = ORIENTED_EDGE('',*,*,#9030,.T.);
#9030 = EDGE_CURVE('',#3874,#9031,#9033,.T.);
#9031 = VERTEX_POINT('',#9032);
#9032 = CARTESIAN_POINT('',(389.988,144.26679783099,134.237992287));
#9033 = SURFACE_CURVE('',#9034,(#9038,#9045),.PCURVE_S1.);
#9034 = LINE('',#9035,#9036);
#9035 = CARTESIAN_POINT('',(389.988,-145.0548,134.237992287));
#9036 = VECTOR('',#9037,1.);
#9037 = DIRECTION('',(0.,1.,0.));
#9038 = PCURVE('',#3916,#9039);
#9039 = DEFINITIONAL_REPRESENTATION('',(#9040),#9044);
#9040 = LINE('',#9041,#9042);
#9041 = CARTESIAN_POINT('',(10.,-145.1608));
#9042 = VECTOR('',#9043,1.);
#9043 = DIRECTION('',(0.,1.));
#9044 = ( GEOMETRIC_REPRESENTATION_CONTEXT(2) 
PARAMETRIC_REPRESENTATION_CONTEXT() REPRESENTATION_CONTEXT('2D SPACE',''
  ) );
#9045 = PCURVE('',#3888,#9046);
#9046 = DEFINITIONAL_REPRESENTATION('',(#9047),#9051);
#9047 = LINE('',#9048,#9049);
#9048 = CARTESIAN_POINT('',(-240.1608,-74.737992287));
#9049 = VECTOR('',#9050,1.);
#9050 = DIRECTION('',(1.,0.));
#9051 = ( GEOMETRIC_REPRESENTATION_CONTEXT(2) 
PARAMETRIC_REPRESENTATION_CONTEXT() REPRESENTATION_CONTEXT('2D SPACE',''
  ) );
#9052 = ORIENTED_EDGE('',*,*,#9053,.T.);
#9053 = EDGE_CURVE('',#9031,#8983,#9054,.T.);
#9054 = SURFACE_CURVE('',#9055,(#9060,#9067),.PCURVE_S1.);
#9055 = CIRCLE('',#9056,60.);
#9056 = AXIS2_PLACEMENT_3D('',#9057,#9058,#9059);
#9057 = CARTESIAN_POINT('',(379.988,85.106,134.237992287));
#9058 = DIRECTION('',(0.,0.,1.));
#9059 = DIRECTION('',(1.,0.,-0.));
#9060 = PCURVE('',#3916,#9061);
#9061 = DEFINITIONAL_REPRESENTATION('',(#9062),#9066);
#9062 = CIRCLE('',#9063,60.);
#9063 = AXIS2_PLACEMENT_2D('',#9064,#9065);
#9064 = CARTESIAN_POINT('',(0.,85.));
#9065 = DIRECTION('',(1.,0.));
#9066 = ( GEOMETRIC_REPRESENTATION_CONTEXT(2) 
PARAMETRIC_REPRESENTATION_CONTEXT() REPRESENTATION_CONTEXT('2D SPACE',''
  ) );
#9067 = PCURVE('',#5551,#9068);
#9068 = DEFINITIONAL_REPRESENTATION('',(#9069),#9073);
#9069 = LINE('',#9070,#9071);
#9070 = CARTESIAN_POINT('',(0.,-30.000007713));
#9071 = VECTOR('',#9072,1.);
#9072 = DIRECTION('',(1.,0.));
#9073 = ( GEOMETRIC_REPRESENTATION_CONTEXT(2) 
PARAMETRIC_REPRESENTATION_CONTEXT() REPRESENTATION_CONTEXT('2D SPACE',''
  ) );
#9074 = ORIENTED_EDGE('',*,*,#9003,.T.);
#9075 = ADVANCED_FACE('',(#9076),#3888,.T.);
#9076 = FACE_BOUND('',#9077,.T.);
#9077 = EDGE_LOOP('',(#9078,#9079,#9080,#9101));
#9078 = ORIENTED_EDGE('',*,*,#3873,.T.);
#9079 = ORIENTED_EDGE('',*,*,#9030,.T.);
#9080 = ORIENTED_EDGE('',*,*,#9081,.F.);
#9081 = EDGE_CURVE('',#9082,#9031,#9084,.T.);
#9082 = VERTEX_POINT('',#9083);
#9083 = CARTESIAN_POINT('',(389.988,144.26679783099,59.500007713));
#9084 = SURFACE_CURVE('',#9085,(#9089,#9095),.PCURVE_S1.);
#9085 = LINE('',#9086,#9087);
#9086 = CARTESIAN_POINT('',(389.988,144.26679783099,164.238));
#9087 = VECTOR('',#9088,1.);
#9088 = DIRECTION('',(0.,0.,1.));
#9089 = PCURVE('',#3888,#9090);
#9090 = DEFINITIONAL_REPRESENTATION('',(#9091),#9094);
#9091 = B_SPLINE_CURVE_WITH_KNOTS('',1,(#9092,#9093),.UNSPECIFIED.,.F.,
  .F.,(2,2),(-104.737992887,-29.9999994),.PIECEWISE_BEZIER_KNOTS.);
#9092 = CARTESIAN_POINT('',(49.160797830996,-7.112999995229E-06));
#9093 = CARTESIAN_POINT('',(49.160797830996,-74.7380006));
#9094 = ( GEOMETRIC_REPRESENTATION_CONTEXT(2) 
PARAMETRIC_REPRESENTATION_CONTEXT() REPRESENTATION_CONTEXT('2D SPACE',''
  ) );
#9095 = PCURVE('',#5551,#9096);
#9096 = DEFINITIONAL_REPRESENTATION('',(#9097),#9100);
#9097 = B_SPLINE_CURVE_WITH_KNOTS('',1,(#9098,#9099),.UNSPECIFIED.,.F.,
  .F.,(2,2),(-104.737992887,-29.9999994),.PIECEWISE_BEZIER_KNOTS.);
#9098 = CARTESIAN_POINT('',(1.403348247575,-104.737992887));
#9099 = CARTESIAN_POINT('',(1.403348247575,-29.9999994));
#9100 = ( GEOMETRIC_REPRESENTATION_CONTEXT(2) 
PARAMETRIC_REPRESENTATION_CONTEXT() REPRESENTATION_CONTEXT('2D SPACE',''
  ) );
#9101 = ORIENTED_EDGE('',*,*,#9102,.T.);
#9102 = EDGE_CURVE('',#9082,#3845,#9103,.T.);
#9103 = SURFACE_CURVE('',#9104,(#9108,#9114),.PCURVE_S1.);
#9104 = LINE('',#9105,#9106);
#9105 = CARTESIAN_POINT('',(389.988,90.106,59.500007713));
#9106 = VECTOR('',#9107,1.);
#9107 = DIRECTION('',(0.,-1.,0.));
#9108 = PCURVE('',#3888,#9109);
#9109 = DEFINITIONAL_REPRESENTATION('',(#9110),#9113);
#9110 = B_SPLINE_CURVE_WITH_KNOTS('',1,(#9111,#9112),.UNSPECIFIED.,.F.,
  .F.,(2,2),(-55.,-5.),.PIECEWISE_BEZIER_KNOTS.);
#9111 = CARTESIAN_POINT('',(50.,-7.713000002241E-06));
#9112 = CARTESIAN_POINT('',(0.,-7.713000002241E-06));
#9113 = ( GEOMETRIC_REPRESENTATION_CONTEXT(2) 
PARAMETRIC_REPRESENTATION_CONTEXT() REPRESENTATION_CONTEXT('2D SPACE',''
  ) );
#9114 = PCURVE('',#3861,#9115);
#9115 = DEFINITIONAL_REPRESENTATION('',(#9116),#9119);
#9116 = B_SPLINE_CURVE_WITH_KNOTS('',1,(#9117,#9118),.UNSPECIFIED.,.F.,
  .F.,(2,2),(-55.,-5.),.PIECEWISE_BEZIER_KNOTS.);
#9117 = CARTESIAN_POINT('',(10.,60.));
#9118 = CARTESIAN_POINT('',(10.,10.));
#9119 = ( GEOMETRIC_REPRESENTATION_CONTEXT(2) 
PARAMETRIC_REPRESENTATION_CONTEXT() REPRESENTATION_CONTEXT('2D SPACE',''
  ) );
#9120 = ADVANCED_FACE('',(#9121),#3861,.F.);
#9121 = FACE_BOUND('',#9122,.F.);
#9122 = EDGE_LOOP('',(#9123,#9144,#9166,#9167));
#9123 = ORIENTED_EDGE('',*,*,#9124,.F.);
#9124 = EDGE_CURVE('',#9125,#3819,#9127,.T.);
#9125 = VERTEX_POINT('',#9126);
#9126 = CARTESIAN_POINT('',(439.14879783099,95.106,59.500007713));
#9127 = SURFACE_CURVE('',#9128,(#9132,#9138),.PCURVE_S1.);
#9128 = LINE('',#9129,#9130);
#9129 = CARTESIAN_POINT('',(384.988,95.106,59.500007713));
#9130 = VECTOR('',#9131,1.);
#9131 = DIRECTION('',(-1.,0.,0.));
#9132 = PCURVE('',#3861,#9133);
#9133 = DEFINITIONAL_REPRESENTATION('',(#9134),#9137);
#9134 = B_SPLINE_CURVE_WITH_KNOTS('',1,(#9135,#9136),.UNSPECIFIED.,.F.,
  .F.,(2,2),(-55.,-5.),.PIECEWISE_BEZIER_KNOTS.);
#9135 = CARTESIAN_POINT('',(60.,10.));
#9136 = CARTESIAN_POINT('',(10.,10.));
#9137 = ( GEOMETRIC_REPRESENTATION_CONTEXT(2) 
PARAMETRIC_REPRESENTATION_CONTEXT() REPRESENTATION_CONTEXT('2D SPACE',''
  ) );
#9138 = PCURVE('',#3833,#9139);
#9139 = DEFINITIONAL_REPRESENTATION('',(#9140),#9143);
#9140 = B_SPLINE_CURVE_WITH_KNOTS('',1,(#9141,#9142),.UNSPECIFIED.,.F.,
  .F.,(2,2),(-55.,-5.),.PIECEWISE_BEZIER_KNOTS.);
#9141 = CARTESIAN_POINT('',(50.,-7.713000002241E-06));
#9142 = CARTESIAN_POINT('',(0.,-7.713000002241E-06));
#9143 = ( GEOMETRIC_REPRESENTATION_CONTEXT(2) 
PARAMETRIC_REPRESENTATION_CONTEXT() REPRESENTATION_CONTEXT('2D SPACE',''
  ) );
#9144 = ORIENTED_EDGE('',*,*,#9145,.T.);
#9145 = EDGE_CURVE('',#9125,#9082,#9146,.T.);
#9146 = SURFACE_CURVE('',#9147,(#9152,#9159),.PCURVE_S1.);
#9147 = CIRCLE('',#9148,60.);
#9148 = AXIS2_PLACEMENT_3D('',#9149,#9150,#9151);
#9149 = CARTESIAN_POINT('',(379.988,85.106,59.500007713));
#9150 = DIRECTION('',(0.,0.,1.));
#9151 = DIRECTION('',(1.,0.,0.));
#9152 = PCURVE('',#3861,#9153);
#9153 = DEFINITIONAL_REPRESENTATION('',(#9154),#9158);
#9154 = CIRCLE('',#9155,60.);
#9155 = AXIS2_PLACEMENT_2D('',#9156,#9157);
#9156 = CARTESIAN_POINT('',(4.375808424126E-15,-4.679120177894E-16));
#9157 = DIRECTION('',(1.,0.));
#9158 = ( GEOMETRIC_REPRESENTATION_CONTEXT(2) 
PARAMETRIC_REPRESENTATION_CONTEXT() REPRESENTATION_CONTEXT('2D SPACE',''
  ) );
#9159 = PCURVE('',#5551,#9160);
#9160 = DEFINITIONAL_REPRESENTATION('',(#9161),#9165);
#9161 = LINE('',#9162,#9163);
#9162 = CARTESIAN_POINT('',(0.,-104.737992287));
#9163 = VECTOR('',#9164,1.);
#9164 = DIRECTION('',(1.,0.));
#9165 = ( GEOMETRIC_REPRESENTATION_CONTEXT(2) 
PARAMETRIC_REPRESENTATION_CONTEXT() REPRESENTATION_CONTEXT('2D SPACE',''
  ) );
#9166 = ORIENTED_EDGE('',*,*,#9102,.T.);
#9167 = ORIENTED_EDGE('',*,*,#3844,.F.);
#9168 = ADVANCED_FACE('',(#9169),#3833,.F.);
#9169 = FACE_BOUND('',#9170,.F.);
#9170 = EDGE_LOOP('',(#9171,#9172,#9173,#9192));
#9171 = ORIENTED_EDGE('',*,*,#3818,.T.);
#9172 = ORIENTED_EDGE('',*,*,#8484,.T.);
#9173 = ORIENTED_EDGE('',*,*,#9174,.F.);
#9174 = EDGE_CURVE('',#9125,#8461,#9175,.T.);
#9175 = SURFACE_CURVE('',#9176,(#9180,#9186),.PCURVE_S1.);
#9176 = LINE('',#9177,#9178);
#9177 = CARTESIAN_POINT('',(439.14879783099,95.106,164.238));
#9178 = VECTOR('',#9179,1.);
#9179 = DIRECTION('',(0.,0.,1.));
#9180 = PCURVE('',#3833,#9181);
#9181 = DEFINITIONAL_REPRESENTATION('',(#9182),#9185);
#9182 = B_SPLINE_CURVE_WITH_KNOTS('',1,(#9183,#9184),.UNSPECIFIED.,.F.,
  .F.,(2,2),(-104.737992887,-29.9999994),.PIECEWISE_BEZIER_KNOTS.);
#9183 = CARTESIAN_POINT('',(49.160797830996,-7.112999995229E-06));
#9184 = CARTESIAN_POINT('',(49.160797830996,-74.7380006));
#9185 = ( GEOMETRIC_REPRESENTATION_CONTEXT(2) 
PARAMETRIC_REPRESENTATION_CONTEXT() REPRESENTATION_CONTEXT('2D SPACE',''
  ) );
#9186 = PCURVE('',#5551,#9187);
#9187 = DEFINITIONAL_REPRESENTATION('',(#9188),#9191);
#9188 = B_SPLINE_CURVE_WITH_KNOTS('',1,(#9189,#9190),.UNSPECIFIED.,.F.,
  .F.,(2,2),(-104.737992887,-29.9999994),.PIECEWISE_BEZIER_KNOTS.);
#9189 = CARTESIAN_POINT('',(0.16744807922,-104.737992887));
#9190 = CARTESIAN_POINT('',(0.16744807922,-29.9999994));
#9191 = ( GEOMETRIC_REPRESENTATION_CONTEXT(2) 
PARAMETRIC_REPRESENTATION_CONTEXT() REPRESENTATION_CONTEXT('2D SPACE',''
  ) );
#9192 = ORIENTED_EDGE('',*,*,#9124,.T.);
#9193 = ADVANCED_FACE('',(#9194),#4730,.F.);
#9194 = FACE_BOUND('',#9195,.F.);
#9195 = EDGE_LOOP('',(#9196,#9197,#9218,#9219));
#9196 = ORIENTED_EDGE('',*,*,#4714,.F.);
#9197 = ORIENTED_EDGE('',*,*,#9198,.T.);
#9198 = EDGE_CURVE('',#4687,#5109,#9199,.T.);
#9199 = SURFACE_CURVE('',#9200,(#9204,#9211),.PCURVE_S1.);
#9200 = LINE('',#9201,#9202);
#9201 = CARTESIAN_POINT('',(-566.5685712474,245.,36.000003899));
#9202 = VECTOR('',#9203,1.);
#9203 = DIRECTION('',(-0.,-0.,1.));
#9204 = PCURVE('',#4730,#9205);
#9205 = DEFINITIONAL_REPRESENTATION('',(#9206),#9210);
#9206 = LINE('',#9207,#9208);
#9207 = CARTESIAN_POINT('',(0.,0.));
#9208 = VECTOR('',#9209,1.);
#9209 = DIRECTION('',(0.,-1.));
#9210 = ( GEOMETRIC_REPRESENTATION_CONTEXT(2) 
PARAMETRIC_REPRESENTATION_CONTEXT() REPRESENTATION_CONTEXT('2D SPACE',''
  ) );
#9211 = PCURVE('',#4702,#9212);
#9212 = DEFINITIONAL_REPRESENTATION('',(#9213),#9217);
#9213 = LINE('',#9214,#9215);
#9214 = CARTESIAN_POINT('',(139.2030615056,0.));
#9215 = VECTOR('',#9216,1.);
#9216 = DIRECTION('',(0.,-1.));
#9217 = ( GEOMETRIC_REPRESENTATION_CONTEXT(2) 
PARAMETRIC_REPRESENTATION_CONTEXT() REPRESENTATION_CONTEXT('2D SPACE',''
  ) );
#9218 = ORIENTED_EDGE('',*,*,#5131,.T.);
#9219 = ORIENTED_EDGE('',*,*,#4993,.T.);
#9220 = ADVANCED_FACE('',(#9221),#4702,.F.);
#9221 = FACE_BOUND('',#9222,.F.);
#9222 = EDGE_LOOP('',(#9223,#9244,#9245,#9246));
#9223 = ORIENTED_EDGE('',*,*,#9224,.T.);
#9224 = EDGE_CURVE('',#4659,#5086,#9225,.T.);
#9225 = SURFACE_CURVE('',#9226,(#9230,#9237),.PCURVE_S1.);
#9226 = LINE('',#9227,#9228);
#9227 = CARTESIAN_POINT('',(-665.,146.56857124746,36.000003899));
#9228 = VECTOR('',#9229,1.);
#9229 = DIRECTION('',(-0.,-0.,1.));
#9230 = PCURVE('',#4702,#9231);
#9231 = DEFINITIONAL_REPRESENTATION('',(#9232),#9236);
#9232 = LINE('',#9233,#9234);
#9233 = CARTESIAN_POINT('',(-2.009718347115E-14,0.));
#9234 = VECTOR('',#9235,1.);
#9235 = DIRECTION('',(0.,-1.));
#9236 = ( GEOMETRIC_REPRESENTATION_CONTEXT(2) 
PARAMETRIC_REPRESENTATION_CONTEXT() REPRESENTATION_CONTEXT('2D SPACE',''
  ) );
#9237 = PCURVE('',#4674,#9238);
#9238 = DEFINITIONAL_REPRESENTATION('',(#9239),#9243);
#9239 = LINE('',#9240,#9241);
#9240 = CARTESIAN_POINT('',(313.13714249492,0.));
#9241 = VECTOR('',#9242,1.);
#9242 = DIRECTION('',(0.,-1.));
#9243 = ( GEOMETRIC_REPRESENTATION_CONTEXT(2) 
PARAMETRIC_REPRESENTATION_CONTEXT() REPRESENTATION_CONTEXT('2D SPACE',''
  ) );
#9244 = ORIENTED_EDGE('',*,*,#5108,.T.);
#9245 = ORIENTED_EDGE('',*,*,#9198,.F.);
#9246 = ORIENTED_EDGE('',*,*,#4686,.F.);
#9247 = ADVANCED_FACE('',(#9248),#4674,.F.);
#9248 = FACE_BOUND('',#9249,.F.);
#9249 = EDGE_LOOP('',(#9250,#9271,#9272,#9273));
#9250 = ORIENTED_EDGE('',*,*,#9251,.T.);
#9251 = EDGE_CURVE('',#4631,#5063,#9252,.T.);
#9252 = SURFACE_CURVE('',#9253,(#9257,#9264),.PCURVE_S1.);
#9253 = LINE('',#9254,#9255);
#9254 = CARTESIAN_POINT('',(-665.,-166.5685712474,36.000003899));
#9255 = VECTOR('',#9256,1.);
#9256 = DIRECTION('',(-0.,-0.,1.));
#9257 = PCURVE('',#4674,#9258);
#9258 = DEFINITIONAL_REPRESENTATION('',(#9259),#9263);
#9259 = LINE('',#9260,#9261);
#9260 = CARTESIAN_POINT('',(0.,0.));
#9261 = VECTOR('',#9262,1.);
#9262 = DIRECTION('',(0.,-1.));
#9263 = ( GEOMETRIC_REPRESENTATION_CONTEXT(2) 
PARAMETRIC_REPRESENTATION_CONTEXT() REPRESENTATION_CONTEXT('2D SPACE',''
  ) );
#9264 = PCURVE('',#4646,#9265);
#9265 = DEFINITIONAL_REPRESENTATION('',(#9266),#9270);
#9266 = LINE('',#9267,#9268);
#9267 = CARTESIAN_POINT('',(139.2030615056,0.));
#9268 = VECTOR('',#9269,1.);
#9269 = DIRECTION('',(0.,-1.));
#9270 = ( GEOMETRIC_REPRESENTATION_CONTEXT(2) 
PARAMETRIC_REPRESENTATION_CONTEXT() REPRESENTATION_CONTEXT('2D SPACE',''
  ) );
#9271 = ORIENTED_EDGE('',*,*,#5085,.T.);
#9272 = ORIENTED_EDGE('',*,*,#9224,.F.);
#9273 = ORIENTED_EDGE('',*,*,#4658,.F.);
#9274 = ADVANCED_FACE('',(#9275),#4646,.F.);
#9275 = FACE_BOUND('',#9276,.F.);
#9276 = EDGE_LOOP('',(#9277,#9298,#9299,#9300));
#9277 = ORIENTED_EDGE('',*,*,#9278,.T.);
#9278 = EDGE_CURVE('',#4603,#5040,#9279,.T.);
#9279 = SURFACE_CURVE('',#9280,(#9284,#9291),.PCURVE_S1.);
#9280 = LINE('',#9281,#9282);
#9281 = CARTESIAN_POINT('',(-566.5685712474,-265.,36.000003899));
#9282 = VECTOR('',#9283,1.);
#9283 = DIRECTION('',(-0.,-0.,1.));
#9284 = PCURVE('',#4646,#9285);
#9285 = DEFINITIONAL_REPRESENTATION('',(#9286),#9290);
#9286 = LINE('',#9287,#9288);
#9287 = CARTESIAN_POINT('',(-4.01943669423E-14,0.));
#9288 = VECTOR('',#9289,1.);
#9289 = DIRECTION('',(0.,-1.));
#9290 = ( GEOMETRIC_REPRESENTATION_CONTEXT(2) 
PARAMETRIC_REPRESENTATION_CONTEXT() REPRESENTATION_CONTEXT('2D SPACE',''
  ) );
#9291 = PCURVE('',#4618,#9292);
#9292 = DEFINITIONAL_REPRESENTATION('',(#9293),#9297);
#9293 = LINE('',#9294,#9295);
#9294 = CARTESIAN_POINT('',(1.133137142495E+03,0.));
#9295 = VECTOR('',#9296,1.);
#9296 = DIRECTION('',(0.,-1.));
#9297 = ( GEOMETRIC_REPRESENTATION_CONTEXT(2) 
PARAMETRIC_REPRESENTATION_CONTEXT() REPRESENTATION_CONTEXT('2D SPACE',''
  ) );
#9298 = ORIENTED_EDGE('',*,*,#5062,.T.);
#9299 = ORIENTED_EDGE('',*,*,#9251,.F.);
#9300 = ORIENTED_EDGE('',*,*,#4630,.F.);
#9301 = ADVANCED_FACE('',(#9302),#4618,.F.);
#9302 = FACE_BOUND('',#9303,.F.);
#9303 = EDGE_LOOP('',(#9304,#9325,#9326,#9327));
#9304 = ORIENTED_EDGE('',*,*,#9305,.T.);
#9305 = EDGE_CURVE('',#4575,#5038,#9306,.T.);
#9306 = SURFACE_CURVE('',#9307,(#9311,#9318),.PCURVE_S1.);
#9307 = LINE('',#9308,#9309);
#9308 = CARTESIAN_POINT('',(566.56857124746,-265.,36.000003899));
#9309 = VECTOR('',#9310,1.);
#9310 = DIRECTION('',(-0.,-0.,1.));
#9311 = PCURVE('',#4618,#9312);
#9312 = DEFINITIONAL_REPRESENTATION('',(#9313),#9317);
#9313 = LINE('',#9314,#9315);
#9314 = CARTESIAN_POINT('',(0.,0.));
#9315 = VECTOR('',#9316,1.);
#9316 = DIRECTION('',(0.,-1.));
#9317 = ( GEOMETRIC_REPRESENTATION_CONTEXT(2) 
PARAMETRIC_REPRESENTATION_CONTEXT() REPRESENTATION_CONTEXT('2D SPACE',''
  ) );
#9318 = PCURVE('',#4590,#9319);
#9319 = DEFINITIONAL_REPRESENTATION('',(#9320),#9324);
#9320 = LINE('',#9321,#9322);
#9321 = CARTESIAN_POINT('',(139.2030615056,0.));
#9322 = VECTOR('',#9323,1.);
#9323 = DIRECTION('',(0.,-1.));
#9324 = ( GEOMETRIC_REPRESENTATION_CONTEXT(2) 
PARAMETRIC_REPRESENTATION_CONTEXT() REPRESENTATION_CONTEXT('2D SPACE',''
  ) );
#9325 = ORIENTED_EDGE('',*,*,#5037,.T.);
#9326 = ORIENTED_EDGE('',*,*,#9278,.F.);
#9327 = ORIENTED_EDGE('',*,*,#4602,.F.);
#9328 = ADVANCED_FACE('',(#9329),#4590,.F.);
#9329 = FACE_BOUND('',#9330,.F.);
#9330 = EDGE_LOOP('',(#9331,#9352,#9353,#9354));
#9331 = ORIENTED_EDGE('',*,*,#9332,.T.);
#9332 = EDGE_CURVE('',#4547,#5275,#9333,.T.);
#9333 = SURFACE_CURVE('',#9334,(#9338,#9345),.PCURVE_S1.);
#9334 = LINE('',#9335,#9336);
#9335 = CARTESIAN_POINT('',(665.,-166.5685712474,36.000003899));
#9336 = VECTOR('',#9337,1.);
#9337 = DIRECTION('',(-0.,-0.,1.));
#9338 = PCURVE('',#4590,#9339);
#9339 = DEFINITIONAL_REPRESENTATION('',(#9340),#9344);
#9340 = LINE('',#9341,#9342);
#9341 = CARTESIAN_POINT('',(-2.009718347115E-14,0.));
#9342 = VECTOR('',#9343,1.);
#9343 = DIRECTION('',(0.,-1.));
#9344 = ( GEOMETRIC_REPRESENTATION_CONTEXT(2) 
PARAMETRIC_REPRESENTATION_CONTEXT() REPRESENTATION_CONTEXT('2D SPACE',''
  ) );
#9345 = PCURVE('',#4562,#9346);
#9346 = DEFINITIONAL_REPRESENTATION('',(#9347),#9351);
#9347 = LINE('',#9348,#9349);
#9348 = CARTESIAN_POINT('',(313.13714249492,0.));
#9349 = VECTOR('',#9350,1.);
#9350 = DIRECTION('',(0.,-1.));
#9351 = ( GEOMETRIC_REPRESENTATION_CONTEXT(2) 
PARAMETRIC_REPRESENTATION_CONTEXT() REPRESENTATION_CONTEXT('2D SPACE',''
  ) );
#9352 = ORIENTED_EDGE('',*,*,#5297,.T.);
#9353 = ORIENTED_EDGE('',*,*,#9305,.F.);
#9354 = ORIENTED_EDGE('',*,*,#4574,.F.);
#9355 = ADVANCED_FACE('',(#9356),#4562,.F.);
#9356 = FACE_BOUND('',#9357,.F.);
#9357 = EDGE_LOOP('',(#9358,#9379,#9380,#9381));
#9358 = ORIENTED_EDGE('',*,*,#9359,.T.);
#9359 = EDGE_CURVE('',#4519,#5252,#9360,.T.);
#9360 = SURFACE_CURVE('',#9361,(#9365,#9372),.PCURVE_S1.);
#9361 = LINE('',#9362,#9363);
#9362 = CARTESIAN_POINT('',(665.,146.56857124746,36.000003899));
#9363 = VECTOR('',#9364,1.);
#9364 = DIRECTION('',(-0.,-0.,1.));
#9365 = PCURVE('',#4562,#9366);
#9366 = DEFINITIONAL_REPRESENTATION('',(#9367),#9371);
#9367 = LINE('',#9368,#9369);
#9368 = CARTESIAN_POINT('',(2.84217094304E-14,0.));
#9369 = VECTOR('',#9370,1.);
#9370 = DIRECTION('',(0.,-1.));
#9371 = ( GEOMETRIC_REPRESENTATION_CONTEXT(2) 
PARAMETRIC_REPRESENTATION_CONTEXT() REPRESENTATION_CONTEXT('2D SPACE',''
  ) );
#9372 = PCURVE('',#4534,#9373);
#9373 = DEFINITIONAL_REPRESENTATION('',(#9374),#9378);
#9374 = LINE('',#9375,#9376);
#9375 = CARTESIAN_POINT('',(139.2030615056,0.));
#9376 = VECTOR('',#9377,1.);
#9377 = DIRECTION('',(0.,-1.));
#9378 = ( GEOMETRIC_REPRESENTATION_CONTEXT(2) 
PARAMETRIC_REPRESENTATION_CONTEXT() REPRESENTATION_CONTEXT('2D SPACE',''
  ) );
#9379 = ORIENTED_EDGE('',*,*,#5274,.T.);
#9380 = ORIENTED_EDGE('',*,*,#9332,.F.);
#9381 = ORIENTED_EDGE('',*,*,#4546,.F.);
#9382 = ADVANCED_FACE('',(#9383),#4534,.F.);
#9383 = FACE_BOUND('',#9384,.F.);
#9384 = EDGE_LOOP('',(#9385,#9406,#9407,#9408));
#9385 = ORIENTED_EDGE('',*,*,#9386,.T.);
#9386 = EDGE_CURVE('',#4491,#5229,#9387,.T.);
#9387 = SURFACE_CURVE('',#9388,(#9392,#9399),.PCURVE_S1.);
#9388 = LINE('',#9389,#9390);
#9389 = CARTESIAN_POINT('',(566.56857124746,245.,36.000003899));
#9390 = VECTOR('',#9391,1.);
#9391 = DIRECTION('',(-0.,-0.,1.));
#9392 = PCURVE('',#4534,#9393);
#9393 = DEFINITIONAL_REPRESENTATION('',(#9394),#9398);
#9394 = LINE('',#9395,#9396);
#9395 = CARTESIAN_POINT('',(-4.01943669423E-14,0.));
#9396 = VECTOR('',#9397,1.);
#9397 = DIRECTION('',(0.,-1.));
#9398 = ( GEOMETRIC_REPRESENTATION_CONTEXT(2) 
PARAMETRIC_REPRESENTATION_CONTEXT() REPRESENTATION_CONTEXT('2D SPACE',''
  ) );
#9399 = PCURVE('',#4506,#9400);
#9400 = DEFINITIONAL_REPRESENTATION('',(#9401),#9405);
#9401 = LINE('',#9402,#9403);
#9402 = CARTESIAN_POINT('',(1.133137142495E+03,0.));
#9403 = VECTOR('',#9404,1.);
#9404 = DIRECTION('',(0.,-1.));
#9405 = ( GEOMETRIC_REPRESENTATION_CONTEXT(2) 
PARAMETRIC_REPRESENTATION_CONTEXT() REPRESENTATION_CONTEXT('2D SPACE',''
  ) );
#9406 = ORIENTED_EDGE('',*,*,#5251,.T.);
#9407 = ORIENTED_EDGE('',*,*,#9359,.F.);
#9408 = ORIENTED_EDGE('',*,*,#4518,.F.);
#9409 = ADVANCED_FACE('',(#9410),#4506,.F.);
#9410 = FACE_BOUND('',#9411,.F.);
#9411 = EDGE_LOOP('',(#9412,#9413,#9414,#9415));
#9412 = ORIENTED_EDGE('',*,*,#4490,.F.);
#9413 = ORIENTED_EDGE('',*,*,#4918,.T.);
#9414 = ORIENTED_EDGE('',*,*,#5228,.T.);
#9415 = ORIENTED_EDGE('',*,*,#9386,.F.);
#9416 = ADVANCED_FACE('',(#9417),#5193,.F.);
#9417 = FACE_BOUND('',#9418,.F.);
#9418 = EDGE_LOOP('',(#9419,#9420,#9421,#9422));
#9419 = ORIENTED_EDGE('',*,*,#5972,.T.);
#9420 = ORIENTED_EDGE('',*,*,#5746,.T.);
#9421 = ORIENTED_EDGE('',*,*,#5674,.F.);
#9422 = ORIENTED_EDGE('',*,*,#5177,.F.);
#9423 = ADVANCED_FACE('',(#9424),#5341,.T.);
#9424 = FACE_BOUND('',#9425,.T.);
#9425 = EDGE_LOOP('',(#9426,#9449,#9476,#9477));
#9426 = ORIENTED_EDGE('',*,*,#9427,.T.);
#9427 = EDGE_CURVE('',#5321,#9428,#9430,.T.);
#9428 = VERTEX_POINT('',#9429);
#9429 = CARTESIAN_POINT('',(550.,-125.,16.000003899));
#9430 = SEAM_CURVE('',#9431,(#9435,#9442),.PCURVE_S1.);
#9431 = LINE('',#9432,#9433);
#9432 = CARTESIAN_POINT('',(550.,-125.,134.238));
#9433 = VECTOR('',#9434,1.);
#9434 = DIRECTION('',(-0.,-0.,-1.));
#9435 = PCURVE('',#5341,#9436);
#9436 = DEFINITIONAL_REPRESENTATION('',(#9437),#9441);
#9437 = LINE('',#9438,#9439);
#9438 = CARTESIAN_POINT('',(0.,0.));
#9439 = VECTOR('',#9440,1.);
#9440 = DIRECTION('',(0.,-1.));
#9441 = ( GEOMETRIC_REPRESENTATION_CONTEXT(2) 
PARAMETRIC_REPRESENTATION_CONTEXT() REPRESENTATION_CONTEXT('2D SPACE',''
  ) );
#9442 = PCURVE('',#5341,#9443);
#9443 = DEFINITIONAL_REPRESENTATION('',(#9444),#9448);
#9444 = LINE('',#9445,#9446);
#9445 = CARTESIAN_POINT('',(6.28318530718,0.));
#9446 = VECTOR('',#9447,1.);
#9447 = DIRECTION('',(0.,-1.));
#9448 = ( GEOMETRIC_REPRESENTATION_CONTEXT(2) 
PARAMETRIC_REPRESENTATION_CONTEXT() REPRESENTATION_CONTEXT('2D SPACE',''
  ) );
#9449 = ORIENTED_EDGE('',*,*,#9450,.T.);
#9450 = EDGE_CURVE('',#9428,#9428,#9451,.T.);
#9451 = SURFACE_CURVE('',#9452,(#9457,#9464),.PCURVE_S1.);
#9452 = CIRCLE('',#9453,25.);
#9453 = AXIS2_PLACEMENT_3D('',#9454,#9455,#9456);
#9454 = CARTESIAN_POINT('',(525.,-125.,16.000003899));
#9455 = DIRECTION('',(0.,0.,1.));
#9456 = DIRECTION('',(1.,0.,0.));
#9457 = PCURVE('',#5341,#9458);
#9458 = DEFINITIONAL_REPRESENTATION('',(#9459),#9463);
#9459 = LINE('',#9460,#9461);
#9460 = CARTESIAN_POINT('',(0.,-118.237996101));
#9461 = VECTOR('',#9462,1.);
#9462 = DIRECTION('',(1.,0.));
#9463 = ( GEOMETRIC_REPRESENTATION_CONTEXT(2) 
PARAMETRIC_REPRESENTATION_CONTEXT() REPRESENTATION_CONTEXT('2D SPACE',''
  ) );
#9464 = PCURVE('',#9465,#9470);
#9465 = PLANE('',#9466);
#9466 = AXIS2_PLACEMENT_3D('',#9467,#9468,#9469);
#9467 = CARTESIAN_POINT('',(525.,-125.,16.000003899));
#9468 = DIRECTION('',(0.,0.,1.));
#9469 = DIRECTION('',(1.,0.,0.));
#9470 = DEFINITIONAL_REPRESENTATION('',(#9471),#9475);
#9471 = CIRCLE('',#9472,25.);
#9472 = AXIS2_PLACEMENT_2D('',#9473,#9474);
#9473 = CARTESIAN_POINT('',(8.751616848252E-16,-1.604946055186E-15));
#9474 = DIRECTION('',(1.,0.));
#9475 = ( GEOMETRIC_REPRESENTATION_CONTEXT(2) 
PARAMETRIC_REPRESENTATION_CONTEXT() REPRESENTATION_CONTEXT('2D SPACE',''
  ) );
#9476 = ORIENTED_EDGE('',*,*,#9427,.F.);
#9477 = ORIENTED_EDGE('',*,*,#5320,.F.);
#9478 = ADVANCED_FACE('',(#9479),#5376,.T.);
#9479 = FACE_BOUND('',#9480,.T.);
#9480 = EDGE_LOOP('',(#9481,#9504,#9531,#9532));
#9481 = ORIENTED_EDGE('',*,*,#9482,.T.);
#9482 = EDGE_CURVE('',#5356,#9483,#9485,.T.);
#9483 = VERTEX_POINT('',#9484);
#9484 = CARTESIAN_POINT('',(40.,-125.,16.000003899));
#9485 = SEAM_CURVE('',#9486,(#9490,#9497),.PCURVE_S1.);
#9486 = LINE('',#9487,#9488);
#9487 = CARTESIAN_POINT('',(40.,-125.,134.238));
#9488 = VECTOR('',#9489,1.);
#9489 = DIRECTION('',(-0.,-0.,-1.));
#9490 = PCURVE('',#5376,#9491);
#9491 = DEFINITIONAL_REPRESENTATION('',(#9492),#9496);
#9492 = LINE('',#9493,#9494);
#9493 = CARTESIAN_POINT('',(0.,0.));
#9494 = VECTOR('',#9495,1.);
#9495 = DIRECTION('',(0.,-1.));
#9496 = ( GEOMETRIC_REPRESENTATION_CONTEXT(2) 
PARAMETRIC_REPRESENTATION_CONTEXT() REPRESENTATION_CONTEXT('2D SPACE',''
  ) );
#9497 = PCURVE('',#5376,#9498);
#9498 = DEFINITIONAL_REPRESENTATION('',(#9499),#9503);
#9499 = LINE('',#9500,#9501);
#9500 = CARTESIAN_POINT('',(6.28318530718,0.));
#9501 = VECTOR('',#9502,1.);
#9502 = DIRECTION('',(0.,-1.));
#9503 = ( GEOMETRIC_REPRESENTATION_CONTEXT(2) 
PARAMETRIC_REPRESENTATION_CONTEXT() REPRESENTATION_CONTEXT('2D SPACE',''
  ) );
#9504 = ORIENTED_EDGE('',*,*,#9505,.T.);
#9505 = EDGE_CURVE('',#9483,#9483,#9506,.T.);
#9506 = SURFACE_CURVE('',#9507,(#9512,#9519),.PCURVE_S1.);
#9507 = CIRCLE('',#9508,40.);
#9508 = AXIS2_PLACEMENT_3D('',#9509,#9510,#9511);
#9509 = CARTESIAN_POINT('',(0.,-125.,16.000003899));
#9510 = DIRECTION('',(0.,0.,1.));
#9511 = DIRECTION('',(1.,0.,0.));
#9512 = PCURVE('',#5376,#9513);
#9513 = DEFINITIONAL_REPRESENTATION('',(#9514),#9518);
#9514 = LINE('',#9515,#9516);
#9515 = CARTESIAN_POINT('',(0.,-118.237996101));
#9516 = VECTOR('',#9517,1.);
#9517 = DIRECTION('',(1.,0.));
#9518 = ( GEOMETRIC_REPRESENTATION_CONTEXT(2) 
PARAMETRIC_REPRESENTATION_CONTEXT() REPRESENTATION_CONTEXT('2D SPACE',''
  ) );
#9519 = PCURVE('',#9520,#9525);
#9520 = PLANE('',#9521);
#9521 = AXIS2_PLACEMENT_3D('',#9522,#9523,#9524);
#9522 = CARTESIAN_POINT('',(-2.187904212063E-15,-125.,16.000003899));
#9523 = DIRECTION('',(0.,0.,1.));
#9524 = DIRECTION('',(1.,0.,0.));
#9525 = DEFINITIONAL_REPRESENTATION('',(#9526),#9530);
#9526 = CIRCLE('',#9527,40.);
#9527 = AXIS2_PLACEMENT_2D('',#9528,#9529);
#9528 = CARTESIAN_POINT('',(2.187904212063E-15,-2.742946025263E-15));
#9529 = DIRECTION('',(1.,0.));
#9530 = ( GEOMETRIC_REPRESENTATION_CONTEXT(2) 
PARAMETRIC_REPRESENTATION_CONTEXT() REPRESENTATION_CONTEXT('2D SPACE',''
  ) );
#9531 = ORIENTED_EDGE('',*,*,#9482,.F.);
#9532 = ORIENTED_EDGE('',*,*,#5355,.F.);
#9533 = ADVANCED_FACE('',(#9534),#5411,.T.);
#9534 = FACE_BOUND('',#9535,.T.);
#9535 = EDGE_LOOP('',(#9536,#9557,#9558,#9559,#9560,#9561,#9562,#9563,
    #9564,#9565,#9566,#9567,#9568,#9569,#9570,#9571,#9572,#9573,#9574,
    #9575));
#9536 = ORIENTED_EDGE('',*,*,#9537,.F.);
#9537 = EDGE_CURVE('',#5391,#6106,#9538,.T.);
#9538 = SEAM_CURVE('',#9539,(#9543,#9550),.PCURVE_S1.);
#9539 = LINE('',#9540,#9541);
#9540 = CARTESIAN_POINT('',(439.988,-84.894,164.238));
#9541 = VECTOR('',#9542,1.);
#9542 = DIRECTION('',(-0.,-0.,-1.));
#9543 = PCURVE('',#5411,#9544);
#9544 = DEFINITIONAL_REPRESENTATION('',(#9545),#9549);
#9545 = LINE('',#9546,#9547);
#9546 = CARTESIAN_POINT('',(6.28318530718,0.));
#9547 = VECTOR('',#9548,1.);
#9548 = DIRECTION('',(0.,-1.));
#9549 = ( GEOMETRIC_REPRESENTATION_CONTEXT(2) 
PARAMETRIC_REPRESENTATION_CONTEXT() REPRESENTATION_CONTEXT('2D SPACE',''
  ) );
#9550 = PCURVE('',#5411,#9551);
#9551 = DEFINITIONAL_REPRESENTATION('',(#9552),#9556);
#9552 = LINE('',#9553,#9554);
#9553 = CARTESIAN_POINT('',(0.,0.));
#9554 = VECTOR('',#9555,1.);
#9555 = DIRECTION('',(0.,-1.));
#9556 = ( GEOMETRIC_REPRESENTATION_CONTEXT(2) 
PARAMETRIC_REPRESENTATION_CONTEXT() REPRESENTATION_CONTEXT('2D SPACE',''
  ) );
#9557 = ORIENTED_EDGE('',*,*,#5390,.F.);
#9558 = ORIENTED_EDGE('',*,*,#9537,.T.);
#9559 = ORIENTED_EDGE('',*,*,#6129,.T.);
#9560 = ORIENTED_EDGE('',*,*,#6819,.F.);
#9561 = ORIENTED_EDGE('',*,*,#6790,.T.);
#9562 = ORIENTED_EDGE('',*,*,#6726,.T.);
#9563 = ORIENTED_EDGE('',*,*,#6697,.T.);
#9564 = ORIENTED_EDGE('',*,*,#6627,.F.);
#9565 = ORIENTED_EDGE('',*,*,#6600,.T.);
#9566 = ORIENTED_EDGE('',*,*,#6534,.T.);
#9567 = ORIENTED_EDGE('',*,*,#6508,.T.);
#9568 = ORIENTED_EDGE('',*,*,#6461,.F.);
#9569 = ORIENTED_EDGE('',*,*,#6389,.T.);
#9570 = ORIENTED_EDGE('',*,*,#6346,.T.);
#9571 = ORIENTED_EDGE('',*,*,#6319,.T.);
#9572 = ORIENTED_EDGE('',*,*,#6247,.F.);
#9573 = ORIENTED_EDGE('',*,*,#6199,.T.);
#9574 = ORIENTED_EDGE('',*,*,#6154,.T.);
#9575 = ORIENTED_EDGE('',*,*,#6105,.T.);
#9576 = ADVANCED_FACE('',(#9577),#5446,.T.);
#9577 = FACE_BOUND('',#9578,.T.);
#9578 = EDGE_LOOP('',(#9579,#9602,#9629,#9630));
#9579 = ORIENTED_EDGE('',*,*,#9580,.T.);
#9580 = EDGE_CURVE('',#5426,#9581,#9583,.T.);
#9581 = VERTEX_POINT('',#9582);
#9582 = CARTESIAN_POINT('',(-500.,-125.,16.000003899));
#9583 = SEAM_CURVE('',#9584,(#9588,#9595),.PCURVE_S1.);
#9584 = LINE('',#9585,#9586);
#9585 = CARTESIAN_POINT('',(-500.,-125.,134.238));
#9586 = VECTOR('',#9587,1.);
#9587 = DIRECTION('',(-0.,-0.,-1.));
#9588 = PCURVE('',#5446,#9589);
#9589 = DEFINITIONAL_REPRESENTATION('',(#9590),#9594);
#9590 = LINE('',#9591,#9592);
#9591 = CARTESIAN_POINT('',(0.,0.));
#9592 = VECTOR('',#9593,1.);
#9593 = DIRECTION('',(0.,-1.));
#9594 = ( GEOMETRIC_REPRESENTATION_CONTEXT(2) 
PARAMETRIC_REPRESENTATION_CONTEXT() REPRESENTATION_CONTEXT('2D SPACE',''
  ) );
#9595 = PCURVE('',#5446,#9596);
#9596 = DEFINITIONAL_REPRESENTATION('',(#9597),#9601);
#9597 = LINE('',#9598,#9599);
#9598 = CARTESIAN_POINT('',(6.28318530718,0.));
#9599 = VECTOR('',#9600,1.);
#9600 = DIRECTION('',(0.,-1.));
#9601 = ( GEOMETRIC_REPRESENTATION_CONTEXT(2) 
PARAMETRIC_REPRESENTATION_CONTEXT() REPRESENTATION_CONTEXT('2D SPACE',''
  ) );
#9602 = ORIENTED_EDGE('',*,*,#9603,.T.);
#9603 = EDGE_CURVE('',#9581,#9581,#9604,.T.);
#9604 = SURFACE_CURVE('',#9605,(#9610,#9617),.PCURVE_S1.);
#9605 = CIRCLE('',#9606,25.);
#9606 = AXIS2_PLACEMENT_3D('',#9607,#9608,#9609);
#9607 = CARTESIAN_POINT('',(-525.,-125.,16.000003899));
#9608 = DIRECTION('',(0.,0.,1.));
#9609 = DIRECTION('',(1.,0.,0.));
#9610 = PCURVE('',#5446,#9611);
#9611 = DEFINITIONAL_REPRESENTATION('',(#9612),#9616);
#9612 = LINE('',#9613,#9614);
#9613 = CARTESIAN_POINT('',(0.,-118.237996101));
#9614 = VECTOR('',#9615,1.);
#9615 = DIRECTION('',(1.,0.));
#9616 = ( GEOMETRIC_REPRESENTATION_CONTEXT(2) 
PARAMETRIC_REPRESENTATION_CONTEXT() REPRESENTATION_CONTEXT('2D SPACE',''
  ) );
#9617 = PCURVE('',#9618,#9623);
#9618 = PLANE('',#9619);
#9619 = AXIS2_PLACEMENT_3D('',#9620,#9621,#9622);
#9620 = CARTESIAN_POINT('',(-525.,-125.,16.000003899));
#9621 = DIRECTION('',(0.,0.,1.));
#9622 = DIRECTION('',(1.,0.,0.));
#9623 = DEFINITIONAL_REPRESENTATION('',(#9624),#9628);
#9624 = CIRCLE('',#9625,25.);
#9625 = AXIS2_PLACEMENT_2D('',#9626,#9627);
#9626 = CARTESIAN_POINT('',(8.751616848252E-16,-1.604946055186E-15));
#9627 = DIRECTION('',(1.,0.));
#9628 = ( GEOMETRIC_REPRESENTATION_CONTEXT(2) 
PARAMETRIC_REPRESENTATION_CONTEXT() REPRESENTATION_CONTEXT('2D SPACE',''
  ) );
#9629 = ORIENTED_EDGE('',*,*,#9580,.F.);
#9630 = ORIENTED_EDGE('',*,*,#5425,.F.);
#9631 = ADVANCED_FACE('',(#9632),#5481,.T.);
#9632 = FACE_BOUND('',#9633,.T.);
#9633 = EDGE_LOOP('',(#9634,#9655,#9656,#9657,#9658,#9659,#9660,#9661,
    #9662,#9663,#9664,#9665,#9666,#9667,#9668,#9669,#9670,#9671,#9672,
    #9673));
#9634 = ORIENTED_EDGE('',*,*,#9635,.F.);
#9635 = EDGE_CURVE('',#5461,#7676,#9636,.T.);
#9636 = SEAM_CURVE('',#9637,(#9641,#9648),.PCURVE_S1.);
#9637 = LINE('',#9638,#9639);
#9638 = CARTESIAN_POINT('',(539.988,0.106,164.238));
#9639 = VECTOR('',#9640,1.);
#9640 = DIRECTION('',(-0.,-0.,-1.));
#9641 = PCURVE('',#5481,#9642);
#9642 = DEFINITIONAL_REPRESENTATION('',(#9643),#9647);
#9643 = LINE('',#9644,#9645);
#9644 = CARTESIAN_POINT('',(6.28318530718,0.));
#9645 = VECTOR('',#9646,1.);
#9646 = DIRECTION('',(0.,-1.));
#9647 = ( GEOMETRIC_REPRESENTATION_CONTEXT(2) 
PARAMETRIC_REPRESENTATION_CONTEXT() REPRESENTATION_CONTEXT('2D SPACE',''
  ) );
#9648 = PCURVE('',#5481,#9649);
#9649 = DEFINITIONAL_REPRESENTATION('',(#9650),#9654);
#9650 = LINE('',#9651,#9652);
#9651 = CARTESIAN_POINT('',(0.,0.));
#9652 = VECTOR('',#9653,1.);
#9653 = DIRECTION('',(0.,-1.));
#9654 = ( GEOMETRIC_REPRESENTATION_CONTEXT(2) 
PARAMETRIC_REPRESENTATION_CONTEXT() REPRESENTATION_CONTEXT('2D SPACE',''
  ) );
#9655 = ORIENTED_EDGE('',*,*,#5460,.F.);
#9656 = ORIENTED_EDGE('',*,*,#9635,.T.);
#9657 = ORIENTED_EDGE('',*,*,#7699,.T.);
#9658 = ORIENTED_EDGE('',*,*,#8389,.F.);
#9659 = ORIENTED_EDGE('',*,*,#8360,.T.);
#9660 = ORIENTED_EDGE('',*,*,#8296,.T.);
#9661 = ORIENTED_EDGE('',*,*,#8269,.T.);
#9662 = ORIENTED_EDGE('',*,*,#8197,.F.);
#9663 = ORIENTED_EDGE('',*,*,#8170,.T.);
#9664 = ORIENTED_EDGE('',*,*,#8104,.T.);
#9665 = ORIENTED_EDGE('',*,*,#8077,.T.);
#9666 = ORIENTED_EDGE('',*,*,#8031,.F.);
#9667 = ORIENTED_EDGE('',*,*,#7959,.T.);
#9668 = ORIENTED_EDGE('',*,*,#7916,.T.);
#9669 = ORIENTED_EDGE('',*,*,#7888,.T.);
#9670 = ORIENTED_EDGE('',*,*,#7817,.F.);
#9671 = ORIENTED_EDGE('',*,*,#7769,.T.);
#9672 = ORIENTED_EDGE('',*,*,#7724,.T.);
#9673 = ORIENTED_EDGE('',*,*,#7675,.T.);
#9674 = ADVANCED_FACE('',(#9675),#5516,.T.);
#9675 = FACE_BOUND('',#9676,.T.);
#9676 = EDGE_LOOP('',(#9677,#9698,#9699,#9700,#9701,#9702,#9703,#9704,
    #9705,#9706,#9707,#9708,#9709,#9710,#9711,#9712,#9713,#9714,#9715,
    #9716));
#9677 = ORIENTED_EDGE('',*,*,#9678,.F.);
#9678 = EDGE_CURVE('',#5496,#6843,#9679,.T.);
#9679 = SEAM_CURVE('',#9680,(#9684,#9691),.PCURVE_S1.);
#9680 = LINE('',#9681,#9682);
#9681 = CARTESIAN_POINT('',(339.988,0.106,164.238));
#9682 = VECTOR('',#9683,1.);
#9683 = DIRECTION('',(-0.,-0.,-1.));
#9684 = PCURVE('',#5516,#9685);
#9685 = DEFINITIONAL_REPRESENTATION('',(#9686),#9690);
#9686 = LINE('',#9687,#9688);
#9687 = CARTESIAN_POINT('',(6.28318530718,0.));
#9688 = VECTOR('',#9689,1.);
#9689 = DIRECTION('',(0.,-1.));
#9690 = ( GEOMETRIC_REPRESENTATION_CONTEXT(2) 
PARAMETRIC_REPRESENTATION_CONTEXT() REPRESENTATION_CONTEXT('2D SPACE',''
  ) );
#9691 = PCURVE('',#5516,#9692);
#9692 = DEFINITIONAL_REPRESENTATION('',(#9693),#9697);
#9693 = LINE('',#9694,#9695);
#9694 = CARTESIAN_POINT('',(0.,0.));
#9695 = VECTOR('',#9696,1.);
#9696 = DIRECTION('',(0.,-1.));
#9697 = ( GEOMETRIC_REPRESENTATION_CONTEXT(2) 
PARAMETRIC_REPRESENTATION_CONTEXT() REPRESENTATION_CONTEXT('2D SPACE',''
  ) );
#9698 = ORIENTED_EDGE('',*,*,#5495,.F.);
#9699 = ORIENTED_EDGE('',*,*,#9678,.T.);
#9700 = ORIENTED_EDGE('',*,*,#6842,.T.);
#9701 = ORIENTED_EDGE('',*,*,#7604,.F.);
#9702 = ORIENTED_EDGE('',*,*,#7575,.T.);
#9703 = ORIENTED_EDGE('',*,*,#7511,.T.);
#9704 = ORIENTED_EDGE('',*,*,#7483,.T.);
#9705 = ORIENTED_EDGE('',*,*,#7412,.F.);
#9706 = ORIENTED_EDGE('',*,*,#7385,.T.);
#9707 = ORIENTED_EDGE('',*,*,#7319,.T.);
#9708 = ORIENTED_EDGE('',*,*,#7293,.T.);
#9709 = ORIENTED_EDGE('',*,*,#7246,.F.);
#9710 = ORIENTED_EDGE('',*,*,#7174,.T.);
#9711 = ORIENTED_EDGE('',*,*,#7131,.T.);
#9712 = ORIENTED_EDGE('',*,*,#7104,.T.);
#9713 = ORIENTED_EDGE('',*,*,#7032,.F.);
#9714 = ORIENTED_EDGE('',*,*,#6984,.T.);
#9715 = ORIENTED_EDGE('',*,*,#6939,.T.);
#9716 = ORIENTED_EDGE('',*,*,#6914,.T.);
#9717 = ADVANCED_FACE('',(#9718),#5551,.T.);
#9718 = FACE_BOUND('',#9719,.T.);
#9719 = EDGE_LOOP('',(#9720,#9741,#9742,#9743,#9744,#9745,#9746,#9747,
    #9748,#9749,#9750,#9751,#9752,#9753,#9754,#9755,#9756,#9757,#9758,
    #9759));
#9720 = ORIENTED_EDGE('',*,*,#9721,.F.);
#9721 = EDGE_CURVE('',#5531,#8437,#9722,.T.);
#9722 = SEAM_CURVE('',#9723,(#9727,#9734),.PCURVE_S1.);
#9723 = LINE('',#9724,#9725);
#9724 = CARTESIAN_POINT('',(439.988,85.106,164.238));
#9725 = VECTOR('',#9726,1.);
#9726 = DIRECTION('',(-0.,-0.,-1.));
#9727 = PCURVE('',#5551,#9728);
#9728 = DEFINITIONAL_REPRESENTATION('',(#9729),#9733);
#9729 = LINE('',#9730,#9731);
#9730 = CARTESIAN_POINT('',(6.28318530718,0.));
#9731 = VECTOR('',#9732,1.);
#9732 = DIRECTION('',(0.,-1.));
#9733 = ( GEOMETRIC_REPRESENTATION_CONTEXT(2) 
PARAMETRIC_REPRESENTATION_CONTEXT() REPRESENTATION_CONTEXT('2D SPACE',''
  ) );
#9734 = PCURVE('',#5551,#9735);
#9735 = DEFINITIONAL_REPRESENTATION('',(#9736),#9740);
#9736 = LINE('',#9737,#9738);
#9737 = CARTESIAN_POINT('',(0.,0.));
#9738 = VECTOR('',#9739,1.);
#9739 = DIRECTION('',(0.,-1.));
#9740 = ( GEOMETRIC_REPRESENTATION_CONTEXT(2) 
PARAMETRIC_REPRESENTATION_CONTEXT() REPRESENTATION_CONTEXT('2D SPACE',''
  ) );
#9741 = ORIENTED_EDGE('',*,*,#5530,.F.);
#9742 = ORIENTED_EDGE('',*,*,#9721,.T.);
#9743 = ORIENTED_EDGE('',*,*,#8460,.T.);
#9744 = ORIENTED_EDGE('',*,*,#9174,.F.);
#9745 = ORIENTED_EDGE('',*,*,#9145,.T.);
#9746 = ORIENTED_EDGE('',*,*,#9081,.T.);
#9747 = ORIENTED_EDGE('',*,*,#9053,.T.);
#9748 = ORIENTED_EDGE('',*,*,#8982,.F.);
#9749 = ORIENTED_EDGE('',*,*,#8955,.T.);
#9750 = ORIENTED_EDGE('',*,*,#8889,.T.);
#9751 = ORIENTED_EDGE('',*,*,#8864,.T.);
#9752 = ORIENTED_EDGE('',*,*,#8816,.F.);
#9753 = ORIENTED_EDGE('',*,*,#8744,.T.);
#9754 = ORIENTED_EDGE('',*,*,#8701,.T.);
#9755 = ORIENTED_EDGE('',*,*,#8649,.T.);
#9756 = ORIENTED_EDGE('',*,*,#8602,.F.);
#9757 = ORIENTED_EDGE('',*,*,#8554,.T.);
#9758 = ORIENTED_EDGE('',*,*,#8509,.T.);
#9759 = ORIENTED_EDGE('',*,*,#8436,.T.);
#9760 = ADVANCED_FACE('',(#9761),#5586,.T.);
#9761 = FACE_BOUND('',#9762,.T.);
#9762 = EDGE_LOOP('',(#9763,#9786,#9813,#9814));
#9763 = ORIENTED_EDGE('',*,*,#9764,.T.);
#9764 = EDGE_CURVE('',#5566,#9765,#9767,.T.);
#9765 = VERTEX_POINT('',#9766);
#9766 = CARTESIAN_POINT('',(550.,125.,16.000003899));
#9767 = SEAM_CURVE('',#9768,(#9772,#9779),.PCURVE_S1.);
#9768 = LINE('',#9769,#9770);
#9769 = CARTESIAN_POINT('',(550.,125.,134.238));
#9770 = VECTOR('',#9771,1.);
#9771 = DIRECTION('',(-0.,-0.,-1.));
#9772 = PCURVE('',#5586,#9773);
#9773 = DEFINITIONAL_REPRESENTATION('',(#9774),#9778);
#9774 = LINE('',#9775,#9776);
#9775 = CARTESIAN_POINT('',(0.,0.));
#9776 = VECTOR('',#9777,1.);
#9777 = DIRECTION('',(0.,-1.));
#9778 = ( GEOMETRIC_REPRESENTATION_CONTEXT(2) 
PARAMETRIC_REPRESENTATION_CONTEXT() REPRESENTATION_CONTEXT('2D SPACE',''
  ) );
#9779 = PCURVE('',#5586,#9780);
#9780 = DEFINITIONAL_REPRESENTATION('',(#9781),#9785);
#9781 = LINE('',#9782,#9783);
#9782 = CARTESIAN_POINT('',(6.28318530718,0.));
#9783 = VECTOR('',#9784,1.);
#9784 = DIRECTION('',(0.,-1.));
#9785 = ( GEOMETRIC_REPRESENTATION_CONTEXT(2) 
PARAMETRIC_REPRESENTATION_CONTEXT() REPRESENTATION_CONTEXT('2D SPACE',''
  ) );
#9786 = ORIENTED_EDGE('',*,*,#9787,.T.);
#9787 = EDGE_CURVE('',#9765,#9765,#9788,.T.);
#9788 = SURFACE_CURVE('',#9789,(#9794,#9801),.PCURVE_S1.);
#9789 = CIRCLE('',#9790,25.);
#9790 = AXIS2_PLACEMENT_3D('',#9791,#9792,#9793);
#9791 = CARTESIAN_POINT('',(525.,125.,16.000003899));
#9792 = DIRECTION('',(0.,0.,1.));
#9793 = DIRECTION('',(1.,0.,0.));
#9794 = PCURVE('',#5586,#9795);
#9795 = DEFINITIONAL_REPRESENTATION('',(#9796),#9800);
#9796 = LINE('',#9797,#9798);
#9797 = CARTESIAN_POINT('',(0.,-118.237996101));
#9798 = VECTOR('',#9799,1.);
#9799 = DIRECTION('',(1.,0.));
#9800 = ( GEOMETRIC_REPRESENTATION_CONTEXT(2) 
PARAMETRIC_REPRESENTATION_CONTEXT() REPRESENTATION_CONTEXT('2D SPACE',''
  ) );
#9801 = PCURVE('',#9802,#9807);
#9802 = PLANE('',#9803);
#9803 = AXIS2_PLACEMENT_3D('',#9804,#9805,#9806);
#9804 = CARTESIAN_POINT('',(525.,125.,16.000003899));
#9805 = DIRECTION('',(0.,0.,1.));
#9806 = DIRECTION('',(1.,0.,0.));
#9807 = DEFINITIONAL_REPRESENTATION('',(#9808),#9812);
#9808 = CIRCLE('',#9809,25.);
#9809 = AXIS2_PLACEMENT_2D('',#9810,#9811);
#9810 = CARTESIAN_POINT('',(8.751616848252E-16,-1.604946055186E-15));
#9811 = DIRECTION('',(1.,0.));
#9812 = ( GEOMETRIC_REPRESENTATION_CONTEXT(2) 
PARAMETRIC_REPRESENTATION_CONTEXT() REPRESENTATION_CONTEXT('2D SPACE',''
  ) );
#9813 = ORIENTED_EDGE('',*,*,#9764,.F.);
#9814 = ORIENTED_EDGE('',*,*,#5565,.F.);
#9815 = ADVANCED_FACE('',(#9816),#5621,.T.);
#9816 = FACE_BOUND('',#9817,.T.);
#9817 = EDGE_LOOP('',(#9818,#9841,#9868,#9869));
#9818 = ORIENTED_EDGE('',*,*,#9819,.T.);
#9819 = EDGE_CURVE('',#5601,#9820,#9822,.T.);
#9820 = VERTEX_POINT('',#9821);
#9821 = CARTESIAN_POINT('',(-207.51745,0.2528,59.500007713));
#9822 = SEAM_CURVE('',#9823,(#9827,#9834),.PCURVE_S1.);
#9823 = LINE('',#9824,#9825);
#9824 = CARTESIAN_POINT('',(-207.51745,0.2528,134.238));
#9825 = VECTOR('',#9826,1.);
#9826 = DIRECTION('',(-0.,-0.,-1.));
#9827 = PCURVE('',#5621,#9828);
#9828 = DEFINITIONAL_REPRESENTATION('',(#9829),#9833);
#9829 = LINE('',#9830,#9831);
#9830 = CARTESIAN_POINT('',(0.,0.));
#9831 = VECTOR('',#9832,1.);
#9832 = DIRECTION('',(0.,-1.));
#9833 = ( GEOMETRIC_REPRESENTATION_CONTEXT(2) 
PARAMETRIC_REPRESENTATION_CONTEXT() REPRESENTATION_CONTEXT('2D SPACE',''
  ) );
#9834 = PCURVE('',#5621,#9835);
#9835 = DEFINITIONAL_REPRESENTATION('',(#9836),#9840);
#9836 = LINE('',#9837,#9838);
#9837 = CARTESIAN_POINT('',(6.28318530718,0.));
#9838 = VECTOR('',#9839,1.);
#9839 = DIRECTION('',(0.,-1.));
#9840 = ( GEOMETRIC_REPRESENTATION_CONTEXT(2) 
PARAMETRIC_REPRESENTATION_CONTEXT() REPRESENTATION_CONTEXT('2D SPACE',''
  ) );
#9841 = ORIENTED_EDGE('',*,*,#9842,.T.);
#9842 = EDGE_CURVE('',#9820,#9820,#9843,.T.);
#9843 = SURFACE_CURVE('',#9844,(#9849,#9856),.PCURVE_S1.);
#9844 = ELLIPSE('',#9845,172.40875,154.03615);
#9845 = AXIS2_PLACEMENT_3D('',#9846,#9847,#9848);
#9846 = CARTESIAN_POINT('',(-379.9262,0.2528,59.500007713));
#9847 = DIRECTION('',(0.,0.,1.));
#9848 = DIRECTION('',(1.,0.,0.));
#9849 = PCURVE('',#5621,#9850);
#9850 = DEFINITIONAL_REPRESENTATION('',(#9851),#9855);
#9851 = LINE('',#9852,#9853);
#9852 = CARTESIAN_POINT('',(0.,-74.737992287));
#9853 = VECTOR('',#9854,1.);
#9854 = DIRECTION('',(1.,0.));
#9855 = ( GEOMETRIC_REPRESENTATION_CONTEXT(2) 
PARAMETRIC_REPRESENTATION_CONTEXT() REPRESENTATION_CONTEXT('2D SPACE',''
  ) );
#9856 = PCURVE('',#9857,#9862);
#9857 = PLANE('',#9858);
#9858 = AXIS2_PLACEMENT_3D('',#9859,#9860,#9861);
#9859 = CARTESIAN_POINT('',(-377.4690841188,0.2528,59.500007713));
#9860 = DIRECTION('',(0.,0.,1.));
#9861 = DIRECTION('',(1.,0.,0.));
#9862 = DEFINITIONAL_REPRESENTATION('',(#9863),#9867);
#9863 = ELLIPSE('',#9864,172.40875,154.03615);
#9864 = AXIS2_PLACEMENT_2D('',#9865,#9866);
#9865 = CARTESIAN_POINT('',(-2.457115881139,-1.067725031278E-14));
#9866 = DIRECTION('',(1.,0.));
#9867 = ( GEOMETRIC_REPRESENTATION_CONTEXT(2) 
PARAMETRIC_REPRESENTATION_CONTEXT() REPRESENTATION_CONTEXT('2D SPACE',''
  ) );
#9868 = ORIENTED_EDGE('',*,*,#9819,.F.);
#9869 = ORIENTED_EDGE('',*,*,#5600,.F.);
#9870 = ADVANCED_FACE('',(#9871),#5659,.T.);
#9871 = FACE_BOUND('',#9872,.T.);
#9872 = EDGE_LOOP('',(#9873,#9896,#9923,#9924));
#9873 = ORIENTED_EDGE('',*,*,#9874,.T.);
#9874 = EDGE_CURVE('',#5639,#9875,#9877,.T.);
#9875 = VERTEX_POINT('',#9876);
#9876 = CARTESIAN_POINT('',(-500.,125.,16.000003899));
#9877 = SEAM_CURVE('',#9878,(#9882,#9889),.PCURVE_S1.);
#9878 = LINE('',#9879,#9880);
#9879 = CARTESIAN_POINT('',(-500.,125.,134.238));
#9880 = VECTOR('',#9881,1.);
#9881 = DIRECTION('',(-0.,-0.,-1.));
#9882 = PCURVE('',#5659,#9883);
#9883 = DEFINITIONAL_REPRESENTATION('',(#9884),#9888);
#9884 = LINE('',#9885,#9886);
#9885 = CARTESIAN_POINT('',(0.,0.));
#9886 = VECTOR('',#9887,1.);
#9887 = DIRECTION('',(0.,-1.));
#9888 = ( GEOMETRIC_REPRESENTATION_CONTEXT(2) 
PARAMETRIC_REPRESENTATION_CONTEXT() REPRESENTATION_CONTEXT('2D SPACE',''
  ) );
#9889 = PCURVE('',#5659,#9890);
#9890 = DEFINITIONAL_REPRESENTATION('',(#9891),#9895);
#9891 = LINE('',#9892,#9893);
#9892 = CARTESIAN_POINT('',(6.28318530718,0.));
#9893 = VECTOR('',#9894,1.);
#9894 = DIRECTION('',(0.,-1.));
#9895 = ( GEOMETRIC_REPRESENTATION_CONTEXT(2) 
PARAMETRIC_REPRESENTATION_CONTEXT() REPRESENTATION_CONTEXT('2D SPACE',''
  ) );
#9896 = ORIENTED_EDGE('',*,*,#9897,.T.);
#9897 = EDGE_CURVE('',#9875,#9875,#9898,.T.);
#9898 = SURFACE_CURVE('',#9899,(#9904,#9911),.PCURVE_S1.);
#9899 = CIRCLE('',#9900,25.);
#9900 = AXIS2_PLACEMENT_3D('',#9901,#9902,#9903);
#9901 = CARTESIAN_POINT('',(-525.,125.,16.000003899));
#9902 = DIRECTION('',(0.,0.,1.));
#9903 = DIRECTION('',(1.,0.,0.));
#9904 = PCURVE('',#5659,#9905);
#9905 = DEFINITIONAL_REPRESENTATION('',(#9906),#9910);
#9906 = LINE('',#9907,#9908);
#9907 = CARTESIAN_POINT('',(0.,-118.237996101));
#9908 = VECTOR('',#9909,1.);
#9909 = DIRECTION('',(1.,0.));
#9910 = ( GEOMETRIC_REPRESENTATION_CONTEXT(2) 
PARAMETRIC_REPRESENTATION_CONTEXT() REPRESENTATION_CONTEXT('2D SPACE',''
  ) );
#9911 = PCURVE('',#9912,#9917);
#9912 = PLANE('',#9913);
#9913 = AXIS2_PLACEMENT_3D('',#9914,#9915,#9916);
#9914 = CARTESIAN_POINT('',(-525.,125.,16.000003899));
#9915 = DIRECTION('',(0.,0.,1.));
#9916 = DIRECTION('',(1.,0.,0.));
#9917 = DEFINITIONAL_REPRESENTATION('',(#9918),#9922);
#9918 = CIRCLE('',#9919,25.);
#9919 = AXIS2_PLACEMENT_2D('',#9920,#9921);
#9920 = CARTESIAN_POINT('',(8.751616848252E-16,-1.604946055186E-15));
#9921 = DIRECTION('',(1.,0.));
#9922 = ( GEOMETRIC_REPRESENTATION_CONTEXT(2) 
PARAMETRIC_REPRESENTATION_CONTEXT() REPRESENTATION_CONTEXT('2D SPACE',''
  ) );
#9923 = ORIENTED_EDGE('',*,*,#9874,.F.);
#9924 = ORIENTED_EDGE('',*,*,#5638,.F.);
#9925 = ADVANCED_FACE('',(#9926),#5808,.F.);
#9926 = FACE_BOUND('',#9927,.F.);
#9927 = EDGE_LOOP('',(#9928,#9929,#9930,#9931));
#9928 = ORIENTED_EDGE('',*,*,#5847,.T.);
#9929 = ORIENTED_EDGE('',*,*,#5792,.T.);
#9930 = ORIENTED_EDGE('',*,*,#5943,.F.);
#9931 = ORIENTED_EDGE('',*,*,#5919,.F.);
#9932 = ADVANCED_FACE('',(#9933),#6025,.F.);
#9933 = FACE_BOUND('',#9934,.F.);
#9934 = EDGE_LOOP('',(#9935,#9958,#9980,#9981));
#9935 = ORIENTED_EDGE('',*,*,#9936,.T.);
#9936 = EDGE_CURVE('',#6005,#9937,#9939,.T.);
#9937 = VERTEX_POINT('',#9938);
#9938 = CARTESIAN_POINT('',(-217.51745,0.2528,59.500007713));
#9939 = SEAM_CURVE('',#9940,(#9944,#9951),.PCURVE_S1.);
#9940 = LINE('',#9941,#9942);
#9941 = CARTESIAN_POINT('',(-217.51745,0.2528,134.238));
#9942 = VECTOR('',#9943,1.);
#9943 = DIRECTION('',(-0.,-0.,-1.));
#9944 = PCURVE('',#6025,#9945);
#9945 = DEFINITIONAL_REPRESENTATION('',(#9946),#9950);
#9946 = LINE('',#9947,#9948);
#9947 = CARTESIAN_POINT('',(0.,0.));
#9948 = VECTOR('',#9949,1.);
#9949 = DIRECTION('',(0.,-1.));
#9950 = ( GEOMETRIC_REPRESENTATION_CONTEXT(2) 
PARAMETRIC_REPRESENTATION_CONTEXT() REPRESENTATION_CONTEXT('2D SPACE',''
  ) );
#9951 = PCURVE('',#6025,#9952);
#9952 = DEFINITIONAL_REPRESENTATION('',(#9953),#9957);
#9953 = LINE('',#9954,#9955);
#9954 = CARTESIAN_POINT('',(6.28318530718,0.));
#9955 = VECTOR('',#9956,1.);
#9956 = DIRECTION('',(0.,-1.));
#9957 = ( GEOMETRIC_REPRESENTATION_CONTEXT(2) 
PARAMETRIC_REPRESENTATION_CONTEXT() REPRESENTATION_CONTEXT('2D SPACE',''
  ) );
#9958 = ORIENTED_EDGE('',*,*,#9959,.T.);
#9959 = EDGE_CURVE('',#9937,#9937,#9960,.T.);
#9960 = SURFACE_CURVE('',#9961,(#9966,#9973),.PCURVE_S1.);
#9961 = ELLIPSE('',#9962,162.40875,144.03615);
#9962 = AXIS2_PLACEMENT_3D('',#9963,#9964,#9965);
#9963 = CARTESIAN_POINT('',(-379.9262,0.2528,59.500007713));
#9964 = DIRECTION('',(0.,0.,1.));
#9965 = DIRECTION('',(1.,0.,0.));
#9966 = PCURVE('',#6025,#9967);
#9967 = DEFINITIONAL_REPRESENTATION('',(#9968),#9972);
#9968 = LINE('',#9969,#9970);
#9969 = CARTESIAN_POINT('',(0.,-74.737992287));
#9970 = VECTOR('',#9971,1.);
#9971 = DIRECTION('',(1.,0.));
#9972 = ( GEOMETRIC_REPRESENTATION_CONTEXT(2) 
PARAMETRIC_REPRESENTATION_CONTEXT() REPRESENTATION_CONTEXT('2D SPACE',''
  ) );
#9973 = PCURVE('',#9857,#9974);
#9974 = DEFINITIONAL_REPRESENTATION('',(#9975),#9979);
#9975 = ELLIPSE('',#9976,162.40875,144.03615);
#9976 = AXIS2_PLACEMENT_2D('',#9977,#9978);
#9977 = CARTESIAN_POINT('',(-2.457115881139,-1.067725031278E-14));
#9978 = DIRECTION('',(1.,0.));
#9979 = ( GEOMETRIC_REPRESENTATION_CONTEXT(2) 
PARAMETRIC_REPRESENTATION_CONTEXT() REPRESENTATION_CONTEXT('2D SPACE',''
  ) );
#9980 = ORIENTED_EDGE('',*,*,#9936,.F.);
#9981 = ORIENTED_EDGE('',*,*,#6004,.F.);
#9982 = ADVANCED_FACE('',(#9983,#9986),#9465,.F.);
#9983 = FACE_BOUND('',#9984,.F.);
#9984 = EDGE_LOOP('',(#9985));
#9985 = ORIENTED_EDGE('',*,*,#9450,.T.);
#9986 = FACE_BOUND('',#9987,.F.);
#9987 = EDGE_LOOP('',(#9988));
#9988 = ORIENTED_EDGE('',*,*,#9989,.F.);
#9989 = EDGE_CURVE('',#9990,#9990,#9992,.T.);
#9990 = VERTEX_POINT('',#9991);
#9991 = CARTESIAN_POINT('',(536.,-125.,16.000003899));
#9992 = SURFACE_CURVE('',#9993,(#9998,#10005),.PCURVE_S1.);
#9993 = CIRCLE('',#9994,11.);
#9994 = AXIS2_PLACEMENT_3D('',#9995,#9996,#9997);
#9995 = CARTESIAN_POINT('',(525.,-125.,16.000003899));
#9996 = DIRECTION('',(0.,0.,1.));
#9997 = DIRECTION('',(1.,0.,0.));
#9998 = PCURVE('',#9465,#9999);
#9999 = DEFINITIONAL_REPRESENTATION('',(#10000),#10004);
#10000 = CIRCLE('',#10001,11.);
#10001 = AXIS2_PLACEMENT_2D('',#10002,#10003);
#10002 = CARTESIAN_POINT('',(8.751616848252E-16,-1.604946055186E-15));
#10003 = DIRECTION('',(1.,0.));
#10004 = ( GEOMETRIC_REPRESENTATION_CONTEXT(2) 
PARAMETRIC_REPRESENTATION_CONTEXT() REPRESENTATION_CONTEXT('2D SPACE',''
  ) );
#10005 = PCURVE('',#10006,#10011);
#10006 = CYLINDRICAL_SURFACE('',#10007,11.);
#10007 = AXIS2_PLACEMENT_3D('',#10008,#10009,#10010);
#10008 = CARTESIAN_POINT('',(525.,-125.,134.238));
#10009 = DIRECTION('',(0.,0.,1.));
#10010 = DIRECTION('',(1.,0.,0.));
#10011 = DEFINITIONAL_REPRESENTATION('',(#10012),#10016);
#10012 = LINE('',#10013,#10014);
#10013 = CARTESIAN_POINT('',(0.,-118.237996101));
#10014 = VECTOR('',#10015,1.);
#10015 = DIRECTION('',(1.,0.));
#10016 = ( GEOMETRIC_REPRESENTATION_CONTEXT(2) 
PARAMETRIC_REPRESENTATION_CONTEXT() REPRESENTATION_CONTEXT('2D SPACE',''
  ) );
#10017 = ADVANCED_FACE('',(#10018,#10021),#9520,.F.);
#10018 = FACE_BOUND('',#10019,.F.);
#10019 = EDGE_LOOP('',(#10020));
#10020 = ORIENTED_EDGE('',*,*,#9505,.T.);
#10021 = FACE_BOUND('',#10022,.F.);
#10022 = EDGE_LOOP('',(#10023));
#10023 = ORIENTED_EDGE('',*,*,#10024,.F.);
#10024 = EDGE_CURVE('',#10025,#10025,#10027,.T.);
#10025 = VERTEX_POINT('',#10026);
#10026 = CARTESIAN_POINT('',(26.,-125.,16.000003899));
#10027 = SURFACE_CURVE('',#10028,(#10033,#10040),.PCURVE_S1.);
#10028 = CIRCLE('',#10029,26.);
#10029 = AXIS2_PLACEMENT_3D('',#10030,#10031,#10032);
#10030 = CARTESIAN_POINT('',(0.,-125.,16.000003899));
#10031 = DIRECTION('',(0.,0.,1.));
#10032 = DIRECTION('',(1.,0.,0.));
#10033 = PCURVE('',#9520,#10034);
#10034 = DEFINITIONAL_REPRESENTATION('',(#10035),#10039);
#10035 = CIRCLE('',#10036,26.);
#10036 = AXIS2_PLACEMENT_2D('',#10037,#10038);
#10037 = CARTESIAN_POINT('',(2.187904212063E-15,-2.742946025263E-15));
#10038 = DIRECTION('',(1.,0.));
#10039 = ( GEOMETRIC_REPRESENTATION_CONTEXT(2) 
PARAMETRIC_REPRESENTATION_CONTEXT() REPRESENTATION_CONTEXT('2D SPACE',''
  ) );
#10040 = PCURVE('',#10041,#10046);
#10041 = CYLINDRICAL_SURFACE('',#10042,26.);
#10042 = AXIS2_PLACEMENT_3D('',#10043,#10044,#10045);
#10043 = CARTESIAN_POINT('',(0.,-125.,134.238));
#10044 = DIRECTION('',(0.,0.,1.));
#10045 = DIRECTION('',(1.,0.,0.));
#10046 = DEFINITIONAL_REPRESENTATION('',(#10047),#10051);
#10047 = LINE('',#10048,#10049);
#10048 = CARTESIAN_POINT('',(0.,-118.237996101));
#10049 = VECTOR('',#10050,1.);
#10050 = DIRECTION('',(1.,0.));
#10051 = ( GEOMETRIC_REPRESENTATION_CONTEXT(2) 
PARAMETRIC_REPRESENTATION_CONTEXT() REPRESENTATION_CONTEXT('2D SPACE',''
  ) );
#10052 = ADVANCED_FACE('',(#10053,#10056),#9618,.F.);
#10053 = FACE_BOUND('',#10054,.F.);
#10054 = EDGE_LOOP('',(#10055));
#10055 = ORIENTED_EDGE('',*,*,#9603,.T.);
#10056 = FACE_BOUND('',#10057,.F.);
#10057 = EDGE_LOOP('',(#10058));
#10058 = ORIENTED_EDGE('',*,*,#10059,.F.);
#10059 = EDGE_CURVE('',#10060,#10060,#10062,.T.);
#10060 = VERTEX_POINT('',#10061);
#10061 = CARTESIAN_POINT('',(-514.,-125.,16.000003899));
#10062 = SURFACE_CURVE('',#10063,(#10068,#10075),.PCURVE_S1.);
#10063 = CIRCLE('',#10064,11.);
#10064 = AXIS2_PLACEMENT_3D('',#10065,#10066,#10067);
#10065 = CARTESIAN_POINT('',(-525.,-125.,16.000003899));
#10066 = DIRECTION('',(0.,0.,1.));
#10067 = DIRECTION('',(1.,0.,0.));
#10068 = PCURVE('',#9618,#10069);
#10069 = DEFINITIONAL_REPRESENTATION('',(#10070),#10074);
#10070 = CIRCLE('',#10071,11.);
#10071 = AXIS2_PLACEMENT_2D('',#10072,#10073);
#10072 = CARTESIAN_POINT('',(8.751616848252E-16,-1.604946055186E-15));
#10073 = DIRECTION('',(1.,0.));
#10074 = ( GEOMETRIC_REPRESENTATION_CONTEXT(2) 
PARAMETRIC_REPRESENTATION_CONTEXT() REPRESENTATION_CONTEXT('2D SPACE',''
  ) );
#10075 = PCURVE('',#10076,#10081);
#10076 = CYLINDRICAL_SURFACE('',#10077,11.);
#10077 = AXIS2_PLACEMENT_3D('',#10078,#10079,#10080);
#10078 = CARTESIAN_POINT('',(-525.,-125.,134.238));
#10079 = DIRECTION('',(0.,0.,1.));
#10080 = DIRECTION('',(1.,0.,0.));
#10081 = DEFINITIONAL_REPRESENTATION('',(#10082),#10086);
#10082 = LINE('',#10083,#10084);
#10083 = CARTESIAN_POINT('',(0.,-118.237996101));
#10084 = VECTOR('',#10085,1.);
#10085 = DIRECTION('',(1.,0.));
#10086 = ( GEOMETRIC_REPRESENTATION_CONTEXT(2) 
PARAMETRIC_REPRESENTATION_CONTEXT() REPRESENTATION_CONTEXT('2D SPACE',''
  ) );
#10087 = ADVANCED_FACE('',(#10088,#10091),#9802,.F.);
#10088 = FACE_BOUND('',#10089,.F.);
#10089 = EDGE_LOOP('',(#10090));
#10090 = ORIENTED_EDGE('',*,*,#9787,.T.);
#10091 = FACE_BOUND('',#10092,.F.);
#10092 = EDGE_LOOP('',(#10093));
#10093 = ORIENTED_EDGE('',*,*,#10094,.F.);
#10094 = EDGE_CURVE('',#10095,#10095,#10097,.T.);
#10095 = VERTEX_POINT('',#10096);
#10096 = CARTESIAN_POINT('',(536.,125.,16.000003899));
#10097 = SURFACE_CURVE('',#10098,(#10103,#10110),.PCURVE_S1.);
#10098 = CIRCLE('',#10099,11.);
#10099 = AXIS2_PLACEMENT_3D('',#10100,#10101,#10102);
#10100 = CARTESIAN_POINT('',(525.,125.,16.000003899));
#10101 = DIRECTION('',(0.,0.,1.));
#10102 = DIRECTION('',(1.,0.,0.));
#10103 = PCURVE('',#9802,#10104);
#10104 = DEFINITIONAL_REPRESENTATION('',(#10105),#10109);
#10105 = CIRCLE('',#10106,11.);
#10106 = AXIS2_PLACEMENT_2D('',#10107,#10108);
#10107 = CARTESIAN_POINT('',(8.751616848252E-16,-1.604946055186E-15));
#10108 = DIRECTION('',(1.,0.));
#10109 = ( GEOMETRIC_REPRESENTATION_CONTEXT(2) 
PARAMETRIC_REPRESENTATION_CONTEXT() REPRESENTATION_CONTEXT('2D SPACE',''
  ) );
#10110 = PCURVE('',#10111,#10116);
#10111 = CYLINDRICAL_SURFACE('',#10112,11.);
#10112 = AXIS2_PLACEMENT_3D('',#10113,#10114,#10115);
#10113 = CARTESIAN_POINT('',(525.,125.,134.238));
#10114 = DIRECTION('',(0.,0.,1.));
#10115 = DIRECTION('',(1.,0.,0.));
#10116 = DEFINITIONAL_REPRESENTATION('',(#10117),#10121);
#10117 = LINE('',#10118,#10119);
#10118 = CARTESIAN_POINT('',(0.,-118.237996101));
#10119 = VECTOR('',#10120,1.);
#10120 = DIRECTION('',(1.,0.));
#10121 = ( GEOMETRIC_REPRESENTATION_CONTEXT(2) 
PARAMETRIC_REPRESENTATION_CONTEXT() REPRESENTATION_CONTEXT('2D SPACE',''
  ) );
#10122 = ADVANCED_FACE('',(#10123,#10126),#9857,.F.);
#10123 = FACE_BOUND('',#10124,.F.);
#10124 = EDGE_LOOP('',(#10125));
#10125 = ORIENTED_EDGE('',*,*,#9842,.T.);
#10126 = FACE_BOUND('',#10127,.F.);
#10127 = EDGE_LOOP('',(#10128));
#10128 = ORIENTED_EDGE('',*,*,#9959,.F.);
#10129 = ADVANCED_FACE('',(#10130,#10133),#9912,.F.);
#10130 = FACE_BOUND('',#10131,.F.);
#10131 = EDGE_LOOP('',(#10132));
#10132 = ORIENTED_EDGE('',*,*,#9897,.T.);
#10133 = FACE_BOUND('',#10134,.F.);
#10134 = EDGE_LOOP('',(#10135));
#10135 = ORIENTED_EDGE('',*,*,#10136,.F.);
#10136 = EDGE_CURVE('',#10137,#10137,#10139,.T.);
#10137 = VERTEX_POINT('',#10138);
#10138 = CARTESIAN_POINT('',(-514.,125.,16.000003899));
#10139 = SURFACE_CURVE('',#10140,(#10145,#10152),.PCURVE_S1.);
#10140 = CIRCLE('',#10141,11.);
#10141 = AXIS2_PLACEMENT_3D('',#10142,#10143,#10144);
#10142 = CARTESIAN_POINT('',(-525.,125.,16.000003899));
#10143 = DIRECTION('',(0.,0.,1.));
#10144 = DIRECTION('',(1.,0.,0.));
#10145 = PCURVE('',#9912,#10146);
#10146 = DEFINITIONAL_REPRESENTATION('',(#10147),#10151);
#10147 = CIRCLE('',#10148,11.);
#10148 = AXIS2_PLACEMENT_2D('',#10149,#10150);
#10149 = CARTESIAN_POINT('',(8.751616848252E-16,-1.604946055186E-15));
#10150 = DIRECTION('',(1.,0.));
#10151 = ( GEOMETRIC_REPRESENTATION_CONTEXT(2) 
PARAMETRIC_REPRESENTATION_CONTEXT() REPRESENTATION_CONTEXT('2D SPACE',''
  ) );
#10152 = PCURVE('',#10153,#10158);
#10153 = CYLINDRICAL_SURFACE('',#10154,11.);
#10154 = AXIS2_PLACEMENT_3D('',#10155,#10156,#10157);
#10155 = CARTESIAN_POINT('',(-525.,125.,134.238));
#10156 = DIRECTION('',(0.,0.,1.));
#10157 = DIRECTION('',(1.,0.,0.));
#10158 = DEFINITIONAL_REPRESENTATION('',(#10159),#10163);
#10159 = LINE('',#10160,#10161);
#10160 = CARTESIAN_POINT('',(0.,-118.237996101));
#10161 = VECTOR('',#10162,1.);
#10162 = DIRECTION('',(1.,0.));
#10163 = ( GEOMETRIC_REPRESENTATION_CONTEXT(2) 
PARAMETRIC_REPRESENTATION_CONTEXT() REPRESENTATION_CONTEXT('2D SPACE',''
  ) );
#10164 = ADVANCED_FACE('',(#10165),#10006,.F.);
#10165 = FACE_BOUND('',#10166,.F.);
#10166 = EDGE_LOOP('',(#10167,#10190,#10191,#10192));
#10167 = ORIENTED_EDGE('',*,*,#10168,.T.);
#10168 = EDGE_CURVE('',#10169,#9990,#10171,.T.);
#10169 = VERTEX_POINT('',#10170);
#10170 = CARTESIAN_POINT('',(536.,-125.,134.238));
#10171 = SEAM_CURVE('',#10172,(#10176,#10183),.PCURVE_S1.);
#10172 = LINE('',#10173,#10174);
#10173 = CARTESIAN_POINT('',(536.,-125.,134.238));
#10174 = VECTOR('',#10175,1.);
#10175 = DIRECTION('',(-0.,-0.,-1.));
#10176 = PCURVE('',#10006,#10177);
#10177 = DEFINITIONAL_REPRESENTATION('',(#10178),#10182);
#10178 = LINE('',#10179,#10180);
#10179 = CARTESIAN_POINT('',(0.,0.));
#10180 = VECTOR('',#10181,1.);
#10181 = DIRECTION('',(0.,-1.));
#10182 = ( GEOMETRIC_REPRESENTATION_CONTEXT(2) 
PARAMETRIC_REPRESENTATION_CONTEXT() REPRESENTATION_CONTEXT('2D SPACE',''
  ) );
#10183 = PCURVE('',#10006,#10184);
#10184 = DEFINITIONAL_REPRESENTATION('',(#10185),#10189);
#10185 = LINE('',#10186,#10187);
#10186 = CARTESIAN_POINT('',(6.28318530718,0.));
#10187 = VECTOR('',#10188,1.);
#10188 = DIRECTION('',(0.,-1.));
#10189 = ( GEOMETRIC_REPRESENTATION_CONTEXT(2) 
PARAMETRIC_REPRESENTATION_CONTEXT() REPRESENTATION_CONTEXT('2D SPACE',''
  ) );
#10190 = ORIENTED_EDGE('',*,*,#9989,.T.);
#10191 = ORIENTED_EDGE('',*,*,#10168,.F.);
#10192 = ORIENTED_EDGE('',*,*,#10193,.F.);
#10193 = EDGE_CURVE('',#10169,#10169,#10194,.T.);
#10194 = SURFACE_CURVE('',#10195,(#10200,#10207),.PCURVE_S1.);
#10195 = CIRCLE('',#10196,11.);
#10196 = AXIS2_PLACEMENT_3D('',#10197,#10198,#10199);
#10197 = CARTESIAN_POINT('',(525.,-125.,134.238));
#10198 = DIRECTION('',(0.,0.,1.));
#10199 = DIRECTION('',(1.,0.,0.));
#10200 = PCURVE('',#10006,#10201);
#10201 = DEFINITIONAL_REPRESENTATION('',(#10202),#10206);
#10202 = LINE('',#10203,#10204);
#10203 = CARTESIAN_POINT('',(0.,0.));
#10204 = VECTOR('',#10205,1.);
#10205 = DIRECTION('',(1.,0.));
#10206 = ( GEOMETRIC_REPRESENTATION_CONTEXT(2) 
PARAMETRIC_REPRESENTATION_CONTEXT() REPRESENTATION_CONTEXT('2D SPACE',''
  ) );
#10207 = PCURVE('',#10208,#10213);
#10208 = PLANE('',#10209);
#10209 = AXIS2_PLACEMENT_3D('',#10210,#10211,#10212);
#10210 = CARTESIAN_POINT('',(2.19365962554E-15,-10.,134.238));
#10211 = DIRECTION('',(-0.,0.,-1.));
#10212 = DIRECTION('',(-1.,0.,0.));
#10213 = DEFINITIONAL_REPRESENTATION('',(#10214),#10222);
#10214 = ( BOUNDED_CURVE() B_SPLINE_CURVE(2,(#10215,#10216,#10217,#10218
    ,#10219,#10220,#10221),.UNSPECIFIED.,.T.,.F.) 
B_SPLINE_CURVE_WITH_KNOTS((1,2,2,2,2,1),(-2.094395102393,0.,
    2.094395102393,4.188790204786,6.28318530718,8.377580409573),
.UNSPECIFIED.) CURVE() GEOMETRIC_REPRESENTATION_ITEM() 
RATIONAL_B_SPLINE_CURVE((1.,0.5,1.,0.5,1.,0.5,1.)) REPRESENTATION_ITEM(
  '') );
#10215 = CARTESIAN_POINT('',(-536.,-115.));
#10216 = CARTESIAN_POINT('',(-536.,-95.94744111674));
#10217 = CARTESIAN_POINT('',(-519.5,-105.4737205583));
#10218 = CARTESIAN_POINT('',(-503.,-115.));
#10219 = CARTESIAN_POINT('',(-519.5,-124.5262794416));
#10220 = CARTESIAN_POINT('',(-536.,-134.0525588832));
#10221 = CARTESIAN_POINT('',(-536.,-115.));
#10222 = ( GEOMETRIC_REPRESENTATION_CONTEXT(2) 
PARAMETRIC_REPRESENTATION_CONTEXT() REPRESENTATION_CONTEXT('2D SPACE',''
  ) );
#10223 = ADVANCED_FACE('',(#10224),#10041,.F.);
#10224 = FACE_BOUND('',#10225,.F.);
#10225 = EDGE_LOOP('',(#10226,#10249,#10250,#10251));
#10226 = ORIENTED_EDGE('',*,*,#10227,.T.);
#10227 = EDGE_CURVE('',#10228,#10025,#10230,.T.);
#10228 = VERTEX_POINT('',#10229);
#10229 = CARTESIAN_POINT('',(26.,-125.,134.238));
#10230 = SEAM_CURVE('',#10231,(#10235,#10242),.PCURVE_S1.);
#10231 = LINE('',#10232,#10233);
#10232 = CARTESIAN_POINT('',(26.,-125.,134.238));
#10233 = VECTOR('',#10234,1.);
#10234 = DIRECTION('',(-0.,-0.,-1.));
#10235 = PCURVE('',#10041,#10236);
#10236 = DEFINITIONAL_REPRESENTATION('',(#10237),#10241);
#10237 = LINE('',#10238,#10239);
#10238 = CARTESIAN_POINT('',(0.,0.));
#10239 = VECTOR('',#10240,1.);
#10240 = DIRECTION('',(0.,-1.));
#10241 = ( GEOMETRIC_REPRESENTATION_CONTEXT(2) 
PARAMETRIC_REPRESENTATION_CONTEXT() REPRESENTATION_CONTEXT('2D SPACE',''
  ) );
#10242 = PCURVE('',#10041,#10243);
#10243 = DEFINITIONAL_REPRESENTATION('',(#10244),#10248);
#10244 = LINE('',#10245,#10246);
#10245 = CARTESIAN_POINT('',(6.28318530718,0.));
#10246 = VECTOR('',#10247,1.);
#10247 = DIRECTION('',(0.,-1.));
#10248 = ( GEOMETRIC_REPRESENTATION_CONTEXT(2) 
PARAMETRIC_REPRESENTATION_CONTEXT() REPRESENTATION_CONTEXT('2D SPACE',''
  ) );
#10249 = ORIENTED_EDGE('',*,*,#10024,.T.);
#10250 = ORIENTED_EDGE('',*,*,#10227,.F.);
#10251 = ORIENTED_EDGE('',*,*,#10252,.F.);
#10252 = EDGE_CURVE('',#10228,#10228,#10253,.T.);
#10253 = SURFACE_CURVE('',#10254,(#10259,#10266),.PCURVE_S1.);
#10254 = CIRCLE('',#10255,26.);
#10255 = AXIS2_PLACEMENT_3D('',#10256,#10257,#10258);
#10256 = CARTESIAN_POINT('',(0.,-125.,134.238));
#10257 = DIRECTION('',(0.,0.,1.));
#10258 = DIRECTION('',(1.,0.,0.));
#10259 = PCURVE('',#10041,#10260);
#10260 = DEFINITIONAL_REPRESENTATION('',(#10261),#10265);
#10261 = LINE('',#10262,#10263);
#10262 = CARTESIAN_POINT('',(0.,0.));
#10263 = VECTOR('',#10264,1.);
#10264 = DIRECTION('',(1.,0.));
#10265 = ( GEOMETRIC_REPRESENTATION_CONTEXT(2) 
PARAMETRIC_REPRESENTATION_CONTEXT() REPRESENTATION_CONTEXT('2D SPACE',''
  ) );
#10266 = PCURVE('',#10267,#10272);
#10267 = PLANE('',#10268);
#10268 = AXIS2_PLACEMENT_3D('',#10269,#10270,#10271);
#10269 = CARTESIAN_POINT('',(2.19365962554E-15,-10.,134.238));
#10270 = DIRECTION('',(-0.,0.,-1.));
#10271 = DIRECTION('',(-1.,0.,0.));
#10272 = DEFINITIONAL_REPRESENTATION('',(#10273),#10281);
#10273 = ( BOUNDED_CURVE() B_SPLINE_CURVE(2,(#10274,#10275,#10276,#10277
    ,#10278,#10279,#10280),.UNSPECIFIED.,.T.,.F.) 
B_SPLINE_CURVE_WITH_KNOTS((1,2,2,2,2,1),(-2.094395102393,0.,
    2.094395102393,4.188790204786,6.28318530718,8.377580409573),
.UNSPECIFIED.) CURVE() GEOMETRIC_REPRESENTATION_ITEM() 
RATIONAL_B_SPLINE_CURVE((1.,0.5,1.,0.5,1.,0.5,1.)) REPRESENTATION_ITEM(
  '') );
#10274 = CARTESIAN_POINT('',(-26.,-115.));
#10275 = CARTESIAN_POINT('',(-26.,-69.9666790032));
#10276 = CARTESIAN_POINT('',(13.,-92.4833395016));
#10277 = CARTESIAN_POINT('',(52.,-115.));
#10278 = CARTESIAN_POINT('',(13.,-137.5166604983));
#10279 = CARTESIAN_POINT('',(-26.,-160.0333209967));
#10280 = CARTESIAN_POINT('',(-26.,-115.));
#10281 = ( GEOMETRIC_REPRESENTATION_CONTEXT(2) 
PARAMETRIC_REPRESENTATION_CONTEXT() REPRESENTATION_CONTEXT('2D SPACE',''
  ) );
#10282 = ADVANCED_FACE('',(#10283),#10076,.F.);
#10283 = FACE_BOUND('',#10284,.F.);
#10284 = EDGE_LOOP('',(#10285,#10308,#10309,#10310));
#10285 = ORIENTED_EDGE('',*,*,#10286,.T.);
#10286 = EDGE_CURVE('',#10287,#10060,#10289,.T.);
#10287 = VERTEX_POINT('',#10288);
#10288 = CARTESIAN_POINT('',(-514.,-125.,134.238));
#10289 = SEAM_CURVE('',#10290,(#10294,#10301),.PCURVE_S1.);
#10290 = LINE('',#10291,#10292);
#10291 = CARTESIAN_POINT('',(-514.,-125.,134.238));
#10292 = VECTOR('',#10293,1.);
#10293 = DIRECTION('',(-0.,-0.,-1.));
#10294 = PCURVE('',#10076,#10295);
#10295 = DEFINITIONAL_REPRESENTATION('',(#10296),#10300);
#10296 = LINE('',#10297,#10298);
#10297 = CARTESIAN_POINT('',(0.,0.));
#10298 = VECTOR('',#10299,1.);
#10299 = DIRECTION('',(0.,-1.));
#10300 = ( GEOMETRIC_REPRESENTATION_CONTEXT(2) 
PARAMETRIC_REPRESENTATION_CONTEXT() REPRESENTATION_CONTEXT('2D SPACE',''
  ) );
#10301 = PCURVE('',#10076,#10302);
#10302 = DEFINITIONAL_REPRESENTATION('',(#10303),#10307);
#10303 = LINE('',#10304,#10305);
#10304 = CARTESIAN_POINT('',(6.28318530718,0.));
#10305 = VECTOR('',#10306,1.);
#10306 = DIRECTION('',(0.,-1.));
#10307 = ( GEOMETRIC_REPRESENTATION_CONTEXT(2) 
PARAMETRIC_REPRESENTATION_CONTEXT() REPRESENTATION_CONTEXT('2D SPACE',''
  ) );
#10308 = ORIENTED_EDGE('',*,*,#10059,.T.);
#10309 = ORIENTED_EDGE('',*,*,#10286,.F.);
#10310 = ORIENTED_EDGE('',*,*,#10311,.F.);
#10311 = EDGE_CURVE('',#10287,#10287,#10312,.T.);
#10312 = SURFACE_CURVE('',#10313,(#10318,#10325),.PCURVE_S1.);
#10313 = CIRCLE('',#10314,11.);
#10314 = AXIS2_PLACEMENT_3D('',#10315,#10316,#10317);
#10315 = CARTESIAN_POINT('',(-525.,-125.,134.238));
#10316 = DIRECTION('',(0.,0.,1.));
#10317 = DIRECTION('',(1.,0.,0.));
#10318 = PCURVE('',#10076,#10319);
#10319 = DEFINITIONAL_REPRESENTATION('',(#10320),#10324);
#10320 = LINE('',#10321,#10322);
#10321 = CARTESIAN_POINT('',(0.,0.));
#10322 = VECTOR('',#10323,1.);
#10323 = DIRECTION('',(1.,0.));
#10324 = ( GEOMETRIC_REPRESENTATION_CONTEXT(2) 
PARAMETRIC_REPRESENTATION_CONTEXT() REPRESENTATION_CONTEXT('2D SPACE',''
  ) );
#10325 = PCURVE('',#10326,#10331);
#10326 = PLANE('',#10327);
#10327 = AXIS2_PLACEMENT_3D('',#10328,#10329,#10330);
#10328 = CARTESIAN_POINT('',(2.19365962554E-15,-10.,134.238));
#10329 = DIRECTION('',(-0.,0.,-1.));
#10330 = DIRECTION('',(-1.,0.,0.));
#10331 = DEFINITIONAL_REPRESENTATION('',(#10332),#10340);
#10332 = ( BOUNDED_CURVE() B_SPLINE_CURVE(2,(#10333,#10334,#10335,#10336
    ,#10337,#10338,#10339),.UNSPECIFIED.,.T.,.F.) 
B_SPLINE_CURVE_WITH_KNOTS((1,2,2,2,2,1),(-2.094395102393,0.,
    2.094395102393,4.188790204786,6.28318530718,8.377580409573),
.UNSPECIFIED.) CURVE() GEOMETRIC_REPRESENTATION_ITEM() 
RATIONAL_B_SPLINE_CURVE((1.,0.5,1.,0.5,1.,0.5,1.)) REPRESENTATION_ITEM(
  '') );
#10333 = CARTESIAN_POINT('',(514.,-115.));
#10334 = CARTESIAN_POINT('',(514.,-95.94744111674));
#10335 = CARTESIAN_POINT('',(530.5,-105.4737205583));
#10336 = CARTESIAN_POINT('',(547.,-115.));
#10337 = CARTESIAN_POINT('',(530.5,-124.5262794416));
#10338 = CARTESIAN_POINT('',(514.,-134.0525588832));
#10339 = CARTESIAN_POINT('',(514.,-115.));
#10340 = ( GEOMETRIC_REPRESENTATION_CONTEXT(2) 
PARAMETRIC_REPRESENTATION_CONTEXT() REPRESENTATION_CONTEXT('2D SPACE',''
  ) );
#10341 = ADVANCED_FACE('',(#10342),#10111,.F.);
#10342 = FACE_BOUND('',#10343,.F.);
#10343 = EDGE_LOOP('',(#10344,#10367,#10368,#10369));
#10344 = ORIENTED_EDGE('',*,*,#10345,.T.);
#10345 = EDGE_CURVE('',#10346,#10095,#10348,.T.);
#10346 = VERTEX_POINT('',#10347);
#10347 = CARTESIAN_POINT('',(536.,125.,134.238));
#10348 = SEAM_CURVE('',#10349,(#10353,#10360),.PCURVE_S1.);
#10349 = LINE('',#10350,#10351);
#10350 = CARTESIAN_POINT('',(536.,125.,134.238));
#10351 = VECTOR('',#10352,1.);
#10352 = DIRECTION('',(-0.,-0.,-1.));
#10353 = PCURVE('',#10111,#10354);
#10354 = DEFINITIONAL_REPRESENTATION('',(#10355),#10359);
#10355 = LINE('',#10356,#10357);
#10356 = CARTESIAN_POINT('',(0.,0.));
#10357 = VECTOR('',#10358,1.);
#10358 = DIRECTION('',(0.,-1.));
#10359 = ( GEOMETRIC_REPRESENTATION_CONTEXT(2) 
PARAMETRIC_REPRESENTATION_CONTEXT() REPRESENTATION_CONTEXT('2D SPACE',''
  ) );
#10360 = PCURVE('',#10111,#10361);
#10361 = DEFINITIONAL_REPRESENTATION('',(#10362),#10366);
#10362 = LINE('',#10363,#10364);
#10363 = CARTESIAN_POINT('',(6.28318530718,0.));
#10364 = VECTOR('',#10365,1.);
#10365 = DIRECTION('',(0.,-1.));
#10366 = ( GEOMETRIC_REPRESENTATION_CONTEXT(2) 
PARAMETRIC_REPRESENTATION_CONTEXT() REPRESENTATION_CONTEXT('2D SPACE',''
  ) );
#10367 = ORIENTED_EDGE('',*,*,#10094,.T.);
#10368 = ORIENTED_EDGE('',*,*,#10345,.F.);
#10369 = ORIENTED_EDGE('',*,*,#10370,.F.);
#10370 = EDGE_CURVE('',#10346,#10346,#10371,.T.);
#10371 = SURFACE_CURVE('',#10372,(#10377,#10384),.PCURVE_S1.);
#10372 = CIRCLE('',#10373,11.);
#10373 = AXIS2_PLACEMENT_3D('',#10374,#10375,#10376);
#10374 = CARTESIAN_POINT('',(525.,125.,134.238));
#10375 = DIRECTION('',(0.,0.,1.));
#10376 = DIRECTION('',(1.,0.,0.));
#10377 = PCURVE('',#10111,#10378);
#10378 = DEFINITIONAL_REPRESENTATION('',(#10379),#10383);
#10379 = LINE('',#10380,#10381);
#10380 = CARTESIAN_POINT('',(0.,0.));
#10381 = VECTOR('',#10382,1.);
#10382 = DIRECTION('',(1.,0.));
#10383 = ( GEOMETRIC_REPRESENTATION_CONTEXT(2) 
PARAMETRIC_REPRESENTATION_CONTEXT() REPRESENTATION_CONTEXT('2D SPACE',''
  ) );
#10384 = PCURVE('',#10385,#10390);
#10385 = PLANE('',#10386);
#10386 = AXIS2_PLACEMENT_3D('',#10387,#10388,#10389);
#10387 = CARTESIAN_POINT('',(2.19365962554E-15,-10.,134.238));
#10388 = DIRECTION('',(-0.,0.,-1.));
#10389 = DIRECTION('',(-1.,0.,0.));
#10390 = DEFINITIONAL_REPRESENTATION('',(#10391),#10399);
#10391 = ( BOUNDED_CURVE() B_SPLINE_CURVE(2,(#10392,#10393,#10394,#10395
    ,#10396,#10397,#10398),.UNSPECIFIED.,.T.,.F.) 
B_SPLINE_CURVE_WITH_KNOTS((1,2,2,2,2,1),(-2.094395102393,0.,
    2.094395102393,4.188790204786,6.28318530718,8.377580409573),
.UNSPECIFIED.) CURVE() GEOMETRIC_REPRESENTATION_ITEM() 
RATIONAL_B_SPLINE_CURVE((1.,0.5,1.,0.5,1.,0.5,1.)) REPRESENTATION_ITEM(
  '') );
#10392 = CARTESIAN_POINT('',(-536.,135.));
#10393 = CARTESIAN_POINT('',(-536.,154.05255888325));
#10394 = CARTESIAN_POINT('',(-519.5,144.52627944162));
#10395 = CARTESIAN_POINT('',(-503.,135.));
#10396 = CARTESIAN_POINT('',(-519.5,125.47372055837));
#10397 = CARTESIAN_POINT('',(-536.,115.94744111674));
#10398 = CARTESIAN_POINT('',(-536.,135.));
#10399 = ( GEOMETRIC_REPRESENTATION_CONTEXT(2) 
PARAMETRIC_REPRESENTATION_CONTEXT() REPRESENTATION_CONTEXT('2D SPACE',''
  ) );
#10400 = ADVANCED_FACE('',(#10401),#10153,.F.);
#10401 = FACE_BOUND('',#10402,.F.);
#10402 = EDGE_LOOP('',(#10403,#10426,#10427,#10428));
#10403 = ORIENTED_EDGE('',*,*,#10404,.T.);
#10404 = EDGE_CURVE('',#10405,#10137,#10407,.T.);
#10405 = VERTEX_POINT('',#10406);
#10406 = CARTESIAN_POINT('',(-514.,125.,134.238));
#10407 = SEAM_CURVE('',#10408,(#10412,#10419),.PCURVE_S1.);
#10408 = LINE('',#10409,#10410);
#10409 = CARTESIAN_POINT('',(-514.,125.,134.238));
#10410 = VECTOR('',#10411,1.);
#10411 = DIRECTION('',(-0.,-0.,-1.));
#10412 = PCURVE('',#10153,#10413);
#10413 = DEFINITIONAL_REPRESENTATION('',(#10414),#10418);
#10414 = LINE('',#10415,#10416);
#10415 = CARTESIAN_POINT('',(0.,0.));
#10416 = VECTOR('',#10417,1.);
#10417 = DIRECTION('',(0.,-1.));
#10418 = ( GEOMETRIC_REPRESENTATION_CONTEXT(2) 
PARAMETRIC_REPRESENTATION_CONTEXT() REPRESENTATION_CONTEXT('2D SPACE',''
  ) );
#10419 = PCURVE('',#10153,#10420);
#10420 = DEFINITIONAL_REPRESENTATION('',(#10421),#10425);
#10421 = LINE('',#10422,#10423);
#10422 = CARTESIAN_POINT('',(6.28318530718,0.));
#10423 = VECTOR('',#10424,1.);
#10424 = DIRECTION('',(0.,-1.));
#10425 = ( GEOMETRIC_REPRESENTATION_CONTEXT(2) 
PARAMETRIC_REPRESENTATION_CONTEXT() REPRESENTATION_CONTEXT('2D SPACE',''
  ) );
#10426 = ORIENTED_EDGE('',*,*,#10136,.T.);
#10427 = ORIENTED_EDGE('',*,*,#10404,.F.);
#10428 = ORIENTED_EDGE('',*,*,#10429,.F.);
#10429 = EDGE_CURVE('',#10405,#10405,#10430,.T.);
#10430 = SURFACE_CURVE('',#10431,(#10436,#10443),.PCURVE_S1.);
#10431 = CIRCLE('',#10432,11.);
#10432 = AXIS2_PLACEMENT_3D('',#10433,#10434,#10435);
#10433 = CARTESIAN_POINT('',(-525.,125.,134.238));
#10434 = DIRECTION('',(0.,0.,1.));
#10435 = DIRECTION('',(1.,0.,0.));
#10436 = PCURVE('',#10153,#10437);
#10437 = DEFINITIONAL_REPRESENTATION('',(#10438),#10442);
#10438 = LINE('',#10439,#10440);
#10439 = CARTESIAN_POINT('',(0.,0.));
#10440 = VECTOR('',#10441,1.);
#10441 = DIRECTION('',(1.,0.));
#10442 = ( GEOMETRIC_REPRESENTATION_CONTEXT(2) 
PARAMETRIC_REPRESENTATION_CONTEXT() REPRESENTATION_CONTEXT('2D SPACE',''
  ) );
#10443 = PCURVE('',#10444,#10449);
#10444 = PLANE('',#10445);
#10445 = AXIS2_PLACEMENT_3D('',#10446,#10447,#10448);
#10446 = CARTESIAN_POINT('',(2.19365962554E-15,-10.,134.238));
#10447 = DIRECTION('',(-0.,0.,-1.));
#10448 = DIRECTION('',(-1.,0.,0.));
#10449 = DEFINITIONAL_REPRESENTATION('',(#10450),#10458);
#10450 = ( BOUNDED_CURVE() B_SPLINE_CURVE(2,(#10451,#10452,#10453,#10454
    ,#10455,#10456,#10457),.UNSPECIFIED.,.T.,.F.) 
B_SPLINE_CURVE_WITH_KNOTS((1,2,2,2,2,1),(-2.094395102393,0.,
    2.094395102393,4.188790204786,6.28318530718,8.377580409573),
.UNSPECIFIED.) CURVE() GEOMETRIC_REPRESENTATION_ITEM() 
RATIONAL_B_SPLINE_CURVE((1.,0.5,1.,0.5,1.,0.5,1.)) REPRESENTATION_ITEM(
  '') );
#10451 = CARTESIAN_POINT('',(514.,135.));
#10452 = CARTESIAN_POINT('',(514.,154.05255888325));
#10453 = CARTESIAN_POINT('',(530.5,144.52627944162));
#10454 = CARTESIAN_POINT('',(547.,135.));
#10455 = CARTESIAN_POINT('',(530.5,125.47372055837));
#10456 = CARTESIAN_POINT('',(514.,115.94744111674));
#10457 = CARTESIAN_POINT('',(514.,135.));
#10458 = ( GEOMETRIC_REPRESENTATION_CONTEXT(2) 
PARAMETRIC_REPRESENTATION_CONTEXT() REPRESENTATION_CONTEXT('2D SPACE',''
  ) );
#10459 = ADVANCED_FACE('',(#10460),#10208,.T.);
#10460 = FACE_BOUND('',#10461,.T.);
#10461 = EDGE_LOOP('',(#10462));
#10462 = ORIENTED_EDGE('',*,*,#10193,.F.);
#10463 = ADVANCED_FACE('',(#10464),#10267,.T.);
#10464 = FACE_BOUND('',#10465,.T.);
#10465 = EDGE_LOOP('',(#10466));
#10466 = ORIENTED_EDGE('',*,*,#10252,.F.);
#10467 = ADVANCED_FACE('',(#10468),#10326,.T.);
#10468 = FACE_BOUND('',#10469,.T.);
#10469 = EDGE_LOOP('',(#10470));
#10470 = ORIENTED_EDGE('',*,*,#10311,.F.);
#10471 = ADVANCED_FACE('',(#10472),#10385,.T.);
#10472 = FACE_BOUND('',#10473,.T.);
#10473 = EDGE_LOOP('',(#10474));
#10474 = ORIENTED_EDGE('',*,*,#10370,.F.);
#10475 = ADVANCED_FACE('',(#10476),#10444,.T.);
#10476 = FACE_BOUND('',#10477,.T.);
#10477 = EDGE_LOOP('',(#10478));
#10478 = ORIENTED_EDGE('',*,*,#10429,.F.);
#10479 = ( GEOMETRIC_REPRESENTATION_CONTEXT(3) 
GLOBAL_UNCERTAINTY_ASSIGNED_CONTEXT((#10483)) 
GLOBAL_UNIT_ASSIGNED_CONTEXT((#10480,#10481,#10482)) 
REPRESENTATION_CONTEXT('Context #1',
  '3D Context with UNIT and UNCERTAINTY') );
#10480 = ( LENGTH_UNIT() NAMED_UNIT(*) SI_UNIT(.MILLI.,.METRE.) );
#10481 = ( NAMED_UNIT(*) PLANE_ANGLE_UNIT() SI_UNIT($,.RADIAN.) );
#10482 = ( NAMED_UNIT(*) SI_UNIT($,.STERADIAN.) SOLID_ANGLE_UNIT() );
#10483 = UNCERTAINTY_MEASURE_WITH_UNIT(LENGTH_MEASURE(2.E-07),#10480,
  'distance_accuracy_value','confusion accuracy');
#10484 = PRODUCT_RELATED_PRODUCT_CATEGORY('part',$,(#7));
ENDSEC;
END-ISO-10303-21;
