ISO-10303-21;
HEADER;
FILE_DESCRIPTION(('Open CASCADE Model'),'2;1');
FILE_NAME('Open CASCADE Shape Model','2026-06-10T11:54:06',('Author'),(
    'Open CASCADE'),'Open CASCADE STEP processor 7.7','Open CASCADE 7.7'
  ,'Unknown');
FILE_SCHEMA(('AUTOMOTIVE_DESIGN { 1 0 10303 214 1 1 1 1 }'));
ENDSEC;
DATA;
#1 = APPLICATION_PROTOCOL_DEFINITION('international standard',
  'automotive_design',2000,#2);
#2 = APPLICATION_CONTEXT(
  'core data for automotive mechanical design processes');
#3 = SHAPE_DEFINITION_REPRESENTATION(#4,#10);
#4 = PRODUCT_DEFINITION_SHAPE('','',#5);
#5 = PRODUCT_DEFINITION('design','',#6,#9);
#6 = PRODUCT_DEFINITION_FORMATION('','',#7);
#7 = PRODUCT('COMPOUND','COMPOUND','',(#8));
#8 = PRODUCT_CONTEXT('',#2,'mechanical');
#9 = PRODUCT_DEFINITION_CONTEXT('part definition',#2,'design');
#10 = ADVANCED_BREP_SHAPE_REPRESENTATION('',(#11,#15),#5953);
#11 = AXIS2_PLACEMENT_3D('',#12,#13,#14);
#12 = CARTESIAN_POINT('',(0.,0.,0.));
#13 = DIRECTION('',(0.,0.,1.));
#14 = DIRECTION('',(1.,0.,-0.));
#15 = MANIFOLD_SOLID_BREP('',#16);
#16 = CLOSED_SHELL('',(#17,#137,#218,#299,#787,#836,#890,#939,#993,#1127
    ,#1243,#1344,#1393,#1442,#1491,#1540,#1589,#1638,#1687,#1736,#1783,
    #1854,#1903,#1952,#1979,#2006,#2033,#2060,#2087,#2094,#2121,#2251,
    #2437,#2486,#3834,#3861,#3888,#3915,#3942,#3969,#3976,#4031,#4086,
    #4141,#4196,#4251,#4306,#4361,#4396,#4431,#4466,#4504,#4539,#4577,
    #4612,#4667,#4722,#4777,#5296,#5351,#5870,#5925,#5929,#5933,#5937,
    #5941,#5945,#5949));
#17 = ADVANCED_FACE('',(#18),#32,.F.);
#18 = FACE_BOUND('',#19,.F.);
#19 = EDGE_LOOP('',(#20,#55,#83,#111));
#20 = ORIENTED_EDGE('',*,*,#21,.F.);
#21 = EDGE_CURVE('',#22,#24,#26,.T.);
#22 = VERTEX_POINT('',#23);
#23 = CARTESIAN_POINT('',(-675.,-170.7107,-30.));
#24 = VERTEX_POINT('',#25);
#25 = CARTESIAN_POINT('',(-675.,-170.7107,35.485));
#26 = SURFACE_CURVE('',#27,(#31,#43),.PCURVE_S1.);
#27 = LINE('',#28,#29);
#28 = CARTESIAN_POINT('',(-675.,-170.7107,-60.));
#29 = VECTOR('',#30,1.);
#30 = DIRECTION('',(0.,0.,1.));
#31 = PCURVE('',#32,#37);
#32 = PLANE('',#33);
#33 = AXIS2_PLACEMENT_3D('',#34,#35,#36);
#34 = CARTESIAN_POINT('',(-675.,150.7107,-60.));
#35 = DIRECTION('',(1.,0.,-0.));
#36 = DIRECTION('',(0.,-1.,0.));
#37 = DEFINITIONAL_REPRESENTATION('',(#38),#42);
#38 = LINE('',#39,#40);
#39 = CARTESIAN_POINT('',(321.4214,0.));
#40 = VECTOR('',#41,1.);
#41 = DIRECTION('',(0.,-1.));
#42 = ( GEOMETRIC_REPRESENTATION_CONTEXT(2) 
PARAMETRIC_REPRESENTATION_CONTEXT() REPRESENTATION_CONTEXT('2D SPACE',''
  ) );
#43 = PCURVE('',#44,#49);
#44 = PLANE('',#45);
#45 = AXIS2_PLACEMENT_3D('',#46,#47,#48);
#46 = CARTESIAN_POINT('',(-675.,-170.7107,-60.));
#47 = DIRECTION('',(0.707106781187,0.707106781187,-0.));
#48 = DIRECTION('',(0.707106781187,-0.707106781187,0.));
#49 = DEFINITIONAL_REPRESENTATION('',(#50),#54);
#50 = LINE('',#51,#52);
#51 = CARTESIAN_POINT('',(0.,0.));
#52 = VECTOR('',#53,1.);
#53 = DIRECTION('',(0.,-1.));
#54 = ( GEOMETRIC_REPRESENTATION_CONTEXT(2) 
PARAMETRIC_REPRESENTATION_CONTEXT() REPRESENTATION_CONTEXT('2D SPACE',''
  ) );
#55 = ORIENTED_EDGE('',*,*,#56,.F.);
#56 = EDGE_CURVE('',#57,#22,#59,.T.);
#57 = VERTEX_POINT('',#58);
#58 = CARTESIAN_POINT('',(-675.,150.7107,-30.));
#59 = SURFACE_CURVE('',#60,(#64,#71),.PCURVE_S1.);
#60 = LINE('',#61,#62);
#61 = CARTESIAN_POINT('',(-675.,150.7107,-30.));
#62 = VECTOR('',#63,1.);
#63 = DIRECTION('',(0.,-1.,0.));
#64 = PCURVE('',#32,#65);
#65 = DEFINITIONAL_REPRESENTATION('',(#66),#70);
#66 = LINE('',#67,#68);
#67 = CARTESIAN_POINT('',(0.,-30.));
#68 = VECTOR('',#69,1.);
#69 = DIRECTION('',(1.,0.));
#70 = ( GEOMETRIC_REPRESENTATION_CONTEXT(2) 
PARAMETRIC_REPRESENTATION_CONTEXT() REPRESENTATION_CONTEXT('2D SPACE',''
  ) );
#71 = PCURVE('',#72,#77);
#72 = PLANE('',#73);
#73 = AXIS2_PLACEMENT_3D('',#74,#75,#76);
#74 = CARTESIAN_POINT('',(-660.,150.7107,-45.));
#75 = DIRECTION('',(-0.707106781187,5.319400087957E-17,-0.707106781187)
  );
#76 = DIRECTION('',(3.761383874039E-17,1.,3.761383874039E-17));
#77 = DEFINITIONAL_REPRESENTATION('',(#78),#82);
#78 = LINE('',#79,#80);
#79 = CARTESIAN_POINT('',(-0.,-21.21320343559));
#80 = VECTOR('',#81,1.);
#81 = DIRECTION('',(-1.,0.));
#82 = ( GEOMETRIC_REPRESENTATION_CONTEXT(2) 
PARAMETRIC_REPRESENTATION_CONTEXT() REPRESENTATION_CONTEXT('2D SPACE',''
  ) );
#83 = ORIENTED_EDGE('',*,*,#84,.T.);
#84 = EDGE_CURVE('',#57,#85,#87,.T.);
#85 = VERTEX_POINT('',#86);
#86 = CARTESIAN_POINT('',(-675.,150.7107,35.485));
#87 = SURFACE_CURVE('',#88,(#92,#99),.PCURVE_S1.);
#88 = LINE('',#89,#90);
#89 = CARTESIAN_POINT('',(-675.,150.7107,-60.));
#90 = VECTOR('',#91,1.);
#91 = DIRECTION('',(0.,0.,1.));
#92 = PCURVE('',#32,#93);
#93 = DEFINITIONAL_REPRESENTATION('',(#94),#98);
#94 = LINE('',#95,#96);
#95 = CARTESIAN_POINT('',(0.,0.));
#96 = VECTOR('',#97,1.);
#97 = DIRECTION('',(0.,-1.));
#98 = ( GEOMETRIC_REPRESENTATION_CONTEXT(2) 
PARAMETRIC_REPRESENTATION_CONTEXT() REPRESENTATION_CONTEXT('2D SPACE',''
  ) );
#99 = PCURVE('',#100,#105);
#100 = PLANE('',#101);
#101 = AXIS2_PLACEMENT_3D('',#102,#103,#104);
#102 = CARTESIAN_POINT('',(-570.7107,255.,-60.));
#103 = DIRECTION('',(0.707106781187,-0.707106781187,0.));
#104 = DIRECTION('',(-0.707106781187,-0.707106781187,0.));
#105 = DEFINITIONAL_REPRESENTATION('',(#106),#110);
#106 = LINE('',#107,#108);
#107 = CARTESIAN_POINT('',(147.48734247039,0.));
#108 = VECTOR('',#109,1.);
#109 = DIRECTION('',(0.,-1.));
#110 = ( GEOMETRIC_REPRESENTATION_CONTEXT(2) 
PARAMETRIC_REPRESENTATION_CONTEXT() REPRESENTATION_CONTEXT('2D SPACE',''
  ) );
#111 = ORIENTED_EDGE('',*,*,#112,.T.);
#112 = EDGE_CURVE('',#85,#24,#113,.T.);
#113 = SURFACE_CURVE('',#114,(#118,#125),.PCURVE_S1.);
#114 = LINE('',#115,#116);
#115 = CARTESIAN_POINT('',(-675.,150.7107,35.485));
#116 = VECTOR('',#117,1.);
#117 = DIRECTION('',(0.,-1.,0.));
#118 = PCURVE('',#32,#119);
#119 = DEFINITIONAL_REPRESENTATION('',(#120),#124);
#120 = LINE('',#121,#122);
#121 = CARTESIAN_POINT('',(0.,-95.485));
#122 = VECTOR('',#123,1.);
#123 = DIRECTION('',(1.,0.));
#124 = ( GEOMETRIC_REPRESENTATION_CONTEXT(2) 
PARAMETRIC_REPRESENTATION_CONTEXT() REPRESENTATION_CONTEXT('2D SPACE',''
  ) );
#125 = PCURVE('',#126,#131);
#126 = PLANE('',#127);
#127 = AXIS2_PLACEMENT_3D('',#128,#129,#130);
#128 = CARTESIAN_POINT('',(8.278399408945E-15,-10.,35.485));
#129 = DIRECTION('',(0.,0.,1.));
#130 = DIRECTION('',(1.,0.,0.));
#131 = DEFINITIONAL_REPRESENTATION('',(#132),#136);
#132 = LINE('',#133,#134);
#133 = CARTESIAN_POINT('',(-675.,160.7107));
#134 = VECTOR('',#135,1.);
#135 = DIRECTION('',(0.,-1.));
#136 = ( GEOMETRIC_REPRESENTATION_CONTEXT(2) 
PARAMETRIC_REPRESENTATION_CONTEXT() REPRESENTATION_CONTEXT('2D SPACE',''
  ) );
#137 = ADVANCED_FACE('',(#138),#44,.F.);
#138 = FACE_BOUND('',#139,.F.);
#139 = EDGE_LOOP('',(#140,#170,#196,#197));
#140 = ORIENTED_EDGE('',*,*,#141,.F.);
#141 = EDGE_CURVE('',#142,#144,#146,.T.);
#142 = VERTEX_POINT('',#143);
#143 = CARTESIAN_POINT('',(-570.7107,-275.,-30.));
#144 = VERTEX_POINT('',#145);
#145 = CARTESIAN_POINT('',(-570.7107,-275.,35.485));
#146 = SURFACE_CURVE('',#147,(#151,#158),.PCURVE_S1.);
#147 = LINE('',#148,#149);
#148 = CARTESIAN_POINT('',(-570.7107,-275.,-60.));
#149 = VECTOR('',#150,1.);
#150 = DIRECTION('',(0.,0.,1.));
#151 = PCURVE('',#44,#152);
#152 = DEFINITIONAL_REPRESENTATION('',(#153),#157);
#153 = LINE('',#154,#155);
#154 = CARTESIAN_POINT('',(147.48734247039,0.));
#155 = VECTOR('',#156,1.);
#156 = DIRECTION('',(0.,-1.));
#157 = ( GEOMETRIC_REPRESENTATION_CONTEXT(2) 
PARAMETRIC_REPRESENTATION_CONTEXT() REPRESENTATION_CONTEXT('2D SPACE',''
  ) );
#158 = PCURVE('',#159,#164);
#159 = PLANE('',#160);
#160 = AXIS2_PLACEMENT_3D('',#161,#162,#163);
#161 = CARTESIAN_POINT('',(-570.7107,-275.,-60.));
#162 = DIRECTION('',(0.,1.,0.));
#163 = DIRECTION('',(1.,0.,0.));
#164 = DEFINITIONAL_REPRESENTATION('',(#165),#169);
#165 = LINE('',#166,#167);
#166 = CARTESIAN_POINT('',(0.,0.));
#167 = VECTOR('',#168,1.);
#168 = DIRECTION('',(0.,-1.));
#169 = ( GEOMETRIC_REPRESENTATION_CONTEXT(2) 
PARAMETRIC_REPRESENTATION_CONTEXT() REPRESENTATION_CONTEXT('2D SPACE',''
  ) );
#170 = ORIENTED_EDGE('',*,*,#171,.F.);
#171 = EDGE_CURVE('',#22,#142,#172,.T.);
#172 = SURFACE_CURVE('',#173,(#177,#184),.PCURVE_S1.);
#173 = LINE('',#174,#175);
#174 = CARTESIAN_POINT('',(-675.,-170.7107,-30.));
#175 = VECTOR('',#176,1.);
#176 = DIRECTION('',(0.707106781187,-0.707106781187,0.));
#177 = PCURVE('',#44,#178);
#178 = DEFINITIONAL_REPRESENTATION('',(#179),#183);
#179 = LINE('',#180,#181);
#180 = CARTESIAN_POINT('',(-5.684341886081E-14,-30.));
#181 = VECTOR('',#182,1.);
#182 = DIRECTION('',(1.,0.));
#183 = ( GEOMETRIC_REPRESENTATION_CONTEXT(2) 
PARAMETRIC_REPRESENTATION_CONTEXT() REPRESENTATION_CONTEXT('2D SPACE',''
  ) );
#184 = PCURVE('',#185,#190);
#185 = PLANE('',#186);
#186 = AXIS2_PLACEMENT_3D('',#187,#188,#189);
#187 = CARTESIAN_POINT('',(-664.3933982822,-160.1040982822,-45.));
#188 = DIRECTION('',(-0.5,-0.5,-0.707106781187));
#189 = DIRECTION('',(0.707106781187,-0.707106781187,-1.998401444325E-15)
  );
#190 = DEFINITIONAL_REPRESENTATION('',(#191),#195);
#191 = LINE('',#192,#193);
#192 = CARTESIAN_POINT('',(0.,21.213203435596));
#193 = VECTOR('',#194,1.);
#194 = DIRECTION('',(1.,0.));
#195 = ( GEOMETRIC_REPRESENTATION_CONTEXT(2) 
PARAMETRIC_REPRESENTATION_CONTEXT() REPRESENTATION_CONTEXT('2D SPACE',''
  ) );
#196 = ORIENTED_EDGE('',*,*,#21,.T.);
#197 = ORIENTED_EDGE('',*,*,#198,.T.);
#198 = EDGE_CURVE('',#24,#144,#199,.T.);
#199 = SURFACE_CURVE('',#200,(#204,#211),.PCURVE_S1.);
#200 = LINE('',#201,#202);
#201 = CARTESIAN_POINT('',(-675.,-170.7107,35.485));
#202 = VECTOR('',#203,1.);
#203 = DIRECTION('',(0.707106781187,-0.707106781187,0.));
#204 = PCURVE('',#44,#205);
#205 = DEFINITIONAL_REPRESENTATION('',(#206),#210);
#206 = LINE('',#207,#208);
#207 = CARTESIAN_POINT('',(0.,-95.485));
#208 = VECTOR('',#209,1.);
#209 = DIRECTION('',(1.,0.));
#210 = ( GEOMETRIC_REPRESENTATION_CONTEXT(2) 
PARAMETRIC_REPRESENTATION_CONTEXT() REPRESENTATION_CONTEXT('2D SPACE',''
  ) );
#211 = PCURVE('',#126,#212);
#212 = DEFINITIONAL_REPRESENTATION('',(#213),#217);
#213 = LINE('',#214,#215);
#214 = CARTESIAN_POINT('',(-675.,-160.7107));
#215 = VECTOR('',#216,1.);
#216 = DIRECTION('',(0.707106781187,-0.707106781187));
#217 = ( GEOMETRIC_REPRESENTATION_CONTEXT(2) 
PARAMETRIC_REPRESENTATION_CONTEXT() REPRESENTATION_CONTEXT('2D SPACE',''
  ) );
#218 = ADVANCED_FACE('',(#219),#72,.T.);
#219 = FACE_BOUND('',#220,.F.);
#220 = EDGE_LOOP('',(#221,#249,#250,#273));
#221 = ORIENTED_EDGE('',*,*,#222,.F.);
#222 = EDGE_CURVE('',#57,#223,#225,.T.);
#223 = VERTEX_POINT('',#224);
#224 = CARTESIAN_POINT('',(-645.,138.2842931288,-60.));
#225 = SURFACE_CURVE('',#226,(#230,#237),.PCURVE_S1.);
#226 = LINE('',#227,#228);
#227 = CARTESIAN_POINT('',(-647.1189974995,139.16201063176,
    -57.88100250042));
#228 = VECTOR('',#229,1.);
#229 = DIRECTION('',(0.678598344546,-0.281084637715,-0.678598344546));
#230 = PCURVE('',#72,#231);
#231 = DEFINITIONAL_REPRESENTATION('',(#232),#236);
#232 = LINE('',#233,#234);
#233 = CARTESIAN_POINT('',(-11.54868936823,18.21648843306));
#234 = VECTOR('',#235,1.);
#235 = DIRECTION('',(-0.281084637715,0.959682982261));
#236 = ( GEOMETRIC_REPRESENTATION_CONTEXT(2) 
PARAMETRIC_REPRESENTATION_CONTEXT() REPRESENTATION_CONTEXT('2D SPACE',''
  ) );
#237 = PCURVE('',#238,#243);
#238 = PLANE('',#239);
#239 = AXIS2_PLACEMENT_3D('',#240,#241,#242);
#240 = CARTESIAN_POINT('',(-560.1040982822,244.3933982822,-45.));
#241 = DIRECTION('',(-0.5,0.5,-0.707106781187));
#242 = DIRECTION('',(-0.707106781187,-0.707106781187,2.137179322403E-15)
  );
#243 = DEFINITIONAL_REPRESENTATION('',(#244),#248);
#244 = LINE('',#245,#246);
#245 = CARTESIAN_POINT('',(135.93865310216,-18.21648843306));
#246 = VECTOR('',#247,1.);
#247 = DIRECTION('',(-0.281084637715,-0.959682982261));
#248 = ( GEOMETRIC_REPRESENTATION_CONTEXT(2) 
PARAMETRIC_REPRESENTATION_CONTEXT() REPRESENTATION_CONTEXT('2D SPACE',''
  ) );
#249 = ORIENTED_EDGE('',*,*,#56,.T.);
#250 = ORIENTED_EDGE('',*,*,#251,.T.);
#251 = EDGE_CURVE('',#22,#252,#254,.T.);
#252 = VERTEX_POINT('',#253);
#253 = CARTESIAN_POINT('',(-645.,-158.2842931288,-60.));
#254 = SURFACE_CURVE('',#255,(#259,#266),.PCURVE_S1.);
#255 = LINE('',#256,#257);
#256 = CARTESIAN_POINT('',(-630.5305959754,-152.2908697423,
    -74.46940402457));
#257 = VECTOR('',#258,1.);
#258 = DIRECTION('',(0.678598344546,0.281084637715,-0.678598344546));
#259 = PCURVE('',#72,#260);
#260 = DEFINITIONAL_REPRESENTATION('',(#261),#265);
#261 = LINE('',#262,#263);
#262 = CARTESIAN_POINT('',(-303.0015697423,41.676030846608));
#263 = VECTOR('',#264,1.);
#264 = DIRECTION('',(0.281084637715,0.959682982261));
#265 = ( GEOMETRIC_REPRESENTATION_CONTEXT(2) 
PARAMETRIC_REPRESENTATION_CONTEXT() REPRESENTATION_CONTEXT('2D SPACE',''
  ) );
#266 = PCURVE('',#185,#267);
#267 = DEFINITIONAL_REPRESENTATION('',(#268),#272);
#268 = LINE('',#269,#270);
#269 = CARTESIAN_POINT('',(18.419830257628,-41.6760308466));
#270 = VECTOR('',#271,1.);
#271 = DIRECTION('',(0.281084637715,-0.959682982261));
#272 = ( GEOMETRIC_REPRESENTATION_CONTEXT(2) 
PARAMETRIC_REPRESENTATION_CONTEXT() REPRESENTATION_CONTEXT('2D SPACE',''
  ) );
#273 = ORIENTED_EDGE('',*,*,#274,.F.);
#274 = EDGE_CURVE('',#223,#252,#275,.T.);
#275 = SURFACE_CURVE('',#276,(#280,#287),.PCURVE_S1.);
#276 = LINE('',#277,#278);
#277 = CARTESIAN_POINT('',(-645.,150.7107,-60.));
#278 = VECTOR('',#279,1.);
#279 = DIRECTION('',(0.,-1.,0.));
#280 = PCURVE('',#72,#281);
#281 = DEFINITIONAL_REPRESENTATION('',(#282),#286);
#282 = LINE('',#283,#284);
#283 = CARTESIAN_POINT('',(-0.,21.213203435596));
#284 = VECTOR('',#285,1.);
#285 = DIRECTION('',(-1.,0.));
#286 = ( GEOMETRIC_REPRESENTATION_CONTEXT(2) 
PARAMETRIC_REPRESENTATION_CONTEXT() REPRESENTATION_CONTEXT('2D SPACE',''
  ) );
#287 = PCURVE('',#288,#293);
#288 = PLANE('',#289);
#289 = AXIS2_PLACEMENT_3D('',#290,#291,#292);
#290 = CARTESIAN_POINT('',(8.278399408945E-15,-10.,-60.));
#291 = DIRECTION('',(0.,0.,1.));
#292 = DIRECTION('',(1.,0.,0.));
#293 = DEFINITIONAL_REPRESENTATION('',(#294),#298);
#294 = LINE('',#295,#296);
#295 = CARTESIAN_POINT('',(-645.,160.7107));
#296 = VECTOR('',#297,1.);
#297 = DIRECTION('',(0.,-1.));
#298 = ( GEOMETRIC_REPRESENTATION_CONTEXT(2) 
PARAMETRIC_REPRESENTATION_CONTEXT() REPRESENTATION_CONTEXT('2D SPACE',''
  ) );
#299 = ADVANCED_FACE('',(#300),#126,.T.);
#300 = FACE_BOUND('',#301,.T.);
#301 = EDGE_LOOP('',(#302,#325,#326,#327,#350,#378,#406,#434,#462,#488,
    #516,#544,#572,#600,#628,#656,#684,#712,#740,#766));
#302 = ORIENTED_EDGE('',*,*,#303,.T.);
#303 = EDGE_CURVE('',#304,#85,#306,.T.);
#304 = VERTEX_POINT('',#305);
#305 = CARTESIAN_POINT('',(-570.7107,255.,35.485));
#306 = SURFACE_CURVE('',#307,(#311,#318),.PCURVE_S1.);
#307 = LINE('',#308,#309);
#308 = CARTESIAN_POINT('',(-570.7107,255.,35.485));
#309 = VECTOR('',#310,1.);
#310 = DIRECTION('',(-0.707106781187,-0.707106781187,0.));
#311 = PCURVE('',#126,#312);
#312 = DEFINITIONAL_REPRESENTATION('',(#313),#317);
#313 = LINE('',#314,#315);
#314 = CARTESIAN_POINT('',(-570.7107,265.));
#315 = VECTOR('',#316,1.);
#316 = DIRECTION('',(-0.707106781187,-0.707106781187));
#317 = ( GEOMETRIC_REPRESENTATION_CONTEXT(2) 
PARAMETRIC_REPRESENTATION_CONTEXT() REPRESENTATION_CONTEXT('2D SPACE',''
  ) );
#318 = PCURVE('',#100,#319);
#319 = DEFINITIONAL_REPRESENTATION('',(#320),#324);
#320 = LINE('',#321,#322);
#321 = CARTESIAN_POINT('',(0.,-95.485));
#322 = VECTOR('',#323,1.);
#323 = DIRECTION('',(1.,0.));
#324 = ( GEOMETRIC_REPRESENTATION_CONTEXT(2) 
PARAMETRIC_REPRESENTATION_CONTEXT() REPRESENTATION_CONTEXT('2D SPACE',''
  ) );
#325 = ORIENTED_EDGE('',*,*,#112,.T.);
#326 = ORIENTED_EDGE('',*,*,#198,.T.);
#327 = ORIENTED_EDGE('',*,*,#328,.T.);
#328 = EDGE_CURVE('',#144,#329,#331,.T.);
#329 = VERTEX_POINT('',#330);
#330 = CARTESIAN_POINT('',(570.7107,-275.,35.485));
#331 = SURFACE_CURVE('',#332,(#336,#343),.PCURVE_S1.);
#332 = LINE('',#333,#334);
#333 = CARTESIAN_POINT('',(-570.7107,-275.,35.485));
#334 = VECTOR('',#335,1.);
#335 = DIRECTION('',(1.,0.,0.));
#336 = PCURVE('',#126,#337);
#337 = DEFINITIONAL_REPRESENTATION('',(#338),#342);
#338 = LINE('',#339,#340);
#339 = CARTESIAN_POINT('',(-570.7107,-265.));
#340 = VECTOR('',#341,1.);
#341 = DIRECTION('',(1.,0.));
#342 = ( GEOMETRIC_REPRESENTATION_CONTEXT(2) 
PARAMETRIC_REPRESENTATION_CONTEXT() REPRESENTATION_CONTEXT('2D SPACE',''
  ) );
#343 = PCURVE('',#159,#344);
#344 = DEFINITIONAL_REPRESENTATION('',(#345),#349);
#345 = LINE('',#346,#347);
#346 = CARTESIAN_POINT('',(0.,-95.485));
#347 = VECTOR('',#348,1.);
#348 = DIRECTION('',(1.,0.));
#349 = ( GEOMETRIC_REPRESENTATION_CONTEXT(2) 
PARAMETRIC_REPRESENTATION_CONTEXT() REPRESENTATION_CONTEXT('2D SPACE',''
  ) );
#350 = ORIENTED_EDGE('',*,*,#351,.T.);
#351 = EDGE_CURVE('',#329,#352,#354,.T.);
#352 = VERTEX_POINT('',#353);
#353 = CARTESIAN_POINT('',(675.,-170.7107,35.485));
#354 = SURFACE_CURVE('',#355,(#359,#366),.PCURVE_S1.);
#355 = LINE('',#356,#357);
#356 = CARTESIAN_POINT('',(570.7107,-275.,35.485));
#357 = VECTOR('',#358,1.);
#358 = DIRECTION('',(0.707106781187,0.707106781187,0.));
#359 = PCURVE('',#126,#360);
#360 = DEFINITIONAL_REPRESENTATION('',(#361),#365);
#361 = LINE('',#362,#363);
#362 = CARTESIAN_POINT('',(570.7107,-265.));
#363 = VECTOR('',#364,1.);
#364 = DIRECTION('',(0.707106781187,0.707106781187));
#365 = ( GEOMETRIC_REPRESENTATION_CONTEXT(2) 
PARAMETRIC_REPRESENTATION_CONTEXT() REPRESENTATION_CONTEXT('2D SPACE',''
  ) );
#366 = PCURVE('',#367,#372);
#367 = PLANE('',#368);
#368 = AXIS2_PLACEMENT_3D('',#369,#370,#371);
#369 = CARTESIAN_POINT('',(570.7107,-275.,-60.));
#370 = DIRECTION('',(-0.707106781187,0.707106781187,0.));
#371 = DIRECTION('',(0.707106781187,0.707106781187,0.));
#372 = DEFINITIONAL_REPRESENTATION('',(#373),#377);
#373 = LINE('',#374,#375);
#374 = CARTESIAN_POINT('',(0.,-95.485));
#375 = VECTOR('',#376,1.);
#376 = DIRECTION('',(1.,0.));
#377 = ( GEOMETRIC_REPRESENTATION_CONTEXT(2) 
PARAMETRIC_REPRESENTATION_CONTEXT() REPRESENTATION_CONTEXT('2D SPACE',''
  ) );
#378 = ORIENTED_EDGE('',*,*,#379,.T.);
#379 = EDGE_CURVE('',#352,#380,#382,.T.);
#380 = VERTEX_POINT('',#381);
#381 = CARTESIAN_POINT('',(675.,150.7107,35.485));
#382 = SURFACE_CURVE('',#383,(#387,#394),.PCURVE_S1.);
#383 = LINE('',#384,#385);
#384 = CARTESIAN_POINT('',(675.,-170.7107,35.485));
#385 = VECTOR('',#386,1.);
#386 = DIRECTION('',(0.,1.,0.));
#387 = PCURVE('',#126,#388);
#388 = DEFINITIONAL_REPRESENTATION('',(#389),#393);
#389 = LINE('',#390,#391);
#390 = CARTESIAN_POINT('',(675.,-160.7107));
#391 = VECTOR('',#392,1.);
#392 = DIRECTION('',(0.,1.));
#393 = ( GEOMETRIC_REPRESENTATION_CONTEXT(2) 
PARAMETRIC_REPRESENTATION_CONTEXT() REPRESENTATION_CONTEXT('2D SPACE',''
  ) );
#394 = PCURVE('',#395,#400);
#395 = PLANE('',#396);
#396 = AXIS2_PLACEMENT_3D('',#397,#398,#399);
#397 = CARTESIAN_POINT('',(675.,-170.7107,-60.));
#398 = DIRECTION('',(-1.,0.,0.));
#399 = DIRECTION('',(0.,1.,0.));
#400 = DEFINITIONAL_REPRESENTATION('',(#401),#405);
#401 = LINE('',#402,#403);
#402 = CARTESIAN_POINT('',(0.,-95.485));
#403 = VECTOR('',#404,1.);
#404 = DIRECTION('',(1.,0.));
#405 = ( GEOMETRIC_REPRESENTATION_CONTEXT(2) 
PARAMETRIC_REPRESENTATION_CONTEXT() REPRESENTATION_CONTEXT('2D SPACE',''
  ) );
#406 = ORIENTED_EDGE('',*,*,#407,.T.);
#407 = EDGE_CURVE('',#380,#408,#410,.T.);
#408 = VERTEX_POINT('',#409);
#409 = CARTESIAN_POINT('',(570.7107,255.,35.485));
#410 = SURFACE_CURVE('',#411,(#415,#422),.PCURVE_S1.);
#411 = LINE('',#412,#413);
#412 = CARTESIAN_POINT('',(675.,150.7107,35.485));
#413 = VECTOR('',#414,1.);
#414 = DIRECTION('',(-0.707106781187,0.707106781187,0.));
#415 = PCURVE('',#126,#416);
#416 = DEFINITIONAL_REPRESENTATION('',(#417),#421);
#417 = LINE('',#418,#419);
#418 = CARTESIAN_POINT('',(675.,160.7107));
#419 = VECTOR('',#420,1.);
#420 = DIRECTION('',(-0.707106781187,0.707106781187));
#421 = ( GEOMETRIC_REPRESENTATION_CONTEXT(2) 
PARAMETRIC_REPRESENTATION_CONTEXT() REPRESENTATION_CONTEXT('2D SPACE',''
  ) );
#422 = PCURVE('',#423,#428);
#423 = PLANE('',#424);
#424 = AXIS2_PLACEMENT_3D('',#425,#426,#427);
#425 = CARTESIAN_POINT('',(675.,150.7107,-60.));
#426 = DIRECTION('',(-0.707106781187,-0.707106781187,0.));
#427 = DIRECTION('',(-0.707106781187,0.707106781187,0.));
#428 = DEFINITIONAL_REPRESENTATION('',(#429),#433);
#429 = LINE('',#430,#431);
#430 = CARTESIAN_POINT('',(0.,-95.485));
#431 = VECTOR('',#432,1.);
#432 = DIRECTION('',(1.,0.));
#433 = ( GEOMETRIC_REPRESENTATION_CONTEXT(2) 
PARAMETRIC_REPRESENTATION_CONTEXT() REPRESENTATION_CONTEXT('2D SPACE',''
  ) );
#434 = ORIENTED_EDGE('',*,*,#435,.T.);
#435 = EDGE_CURVE('',#408,#436,#438,.T.);
#436 = VERTEX_POINT('',#437);
#437 = CARTESIAN_POINT('',(185.194,255.,35.485));
#438 = SURFACE_CURVE('',#439,(#443,#450),.PCURVE_S1.);
#439 = LINE('',#440,#441);
#440 = CARTESIAN_POINT('',(570.7107,255.,35.485));
#441 = VECTOR('',#442,1.);
#442 = DIRECTION('',(-1.,0.,0.));
#443 = PCURVE('',#126,#444);
#444 = DEFINITIONAL_REPRESENTATION('',(#445),#449);
#445 = LINE('',#446,#447);
#446 = CARTESIAN_POINT('',(570.7107,265.));
#447 = VECTOR('',#448,1.);
#448 = DIRECTION('',(-1.,0.));
#449 = ( GEOMETRIC_REPRESENTATION_CONTEXT(2) 
PARAMETRIC_REPRESENTATION_CONTEXT() REPRESENTATION_CONTEXT('2D SPACE',''
  ) );
#450 = PCURVE('',#451,#456);
#451 = PLANE('',#452);
#452 = AXIS2_PLACEMENT_3D('',#453,#454,#455);
#453 = CARTESIAN_POINT('',(570.7107,255.,-60.));
#454 = DIRECTION('',(0.,-1.,0.));
#455 = DIRECTION('',(-1.,0.,0.));
#456 = DEFINITIONAL_REPRESENTATION('',(#457),#461);
#457 = LINE('',#458,#459);
#458 = CARTESIAN_POINT('',(0.,-95.485));
#459 = VECTOR('',#460,1.);
#460 = DIRECTION('',(1.,0.));
#461 = ( GEOMETRIC_REPRESENTATION_CONTEXT(2) 
PARAMETRIC_REPRESENTATION_CONTEXT() REPRESENTATION_CONTEXT('2D SPACE',''
  ) );
#462 = ORIENTED_EDGE('',*,*,#463,.T.);
#463 = EDGE_CURVE('',#436,#464,#466,.T.);
#464 = VERTEX_POINT('',#465);
#465 = CARTESIAN_POINT('',(185.194,245.,35.485));
#466 = SURFACE_CURVE('',#467,(#471,#477),.PCURVE_S1.);
#467 = LINE('',#468,#469);
#468 = CARTESIAN_POINT('',(185.194,112.5,35.485));
#469 = VECTOR('',#470,1.);
#470 = DIRECTION('',(-0.,-1.,0.));
#471 = PCURVE('',#126,#472);
#472 = DEFINITIONAL_REPRESENTATION('',(#473),#476);
#473 = B_SPLINE_CURVE_WITH_KNOTS('',1,(#474,#475),.UNSPECIFIED.,.F.,.F.,
  (2,2),(-142.5,-122.5),.PIECEWISE_BEZIER_KNOTS.);
#474 = CARTESIAN_POINT('',(185.194,265.));
#475 = CARTESIAN_POINT('',(185.194,245.));
#476 = ( GEOMETRIC_REPRESENTATION_CONTEXT(2) 
PARAMETRIC_REPRESENTATION_CONTEXT() REPRESENTATION_CONTEXT('2D SPACE',''
  ) );
#477 = PCURVE('',#478,#483);
#478 = PLANE('',#479);
#479 = AXIS2_PLACEMENT_3D('',#480,#481,#482);
#480 = CARTESIAN_POINT('',(185.194,235.,134.238));
#481 = DIRECTION('',(-1.,0.,-0.));
#482 = DIRECTION('',(0.,0.,-1.));
#483 = DEFINITIONAL_REPRESENTATION('',(#484),#487);
#484 = B_SPLINE_CURVE_WITH_KNOTS('',1,(#485,#486),.UNSPECIFIED.,.F.,.F.,
  (2,2),(-142.5,-122.5),.PIECEWISE_BEZIER_KNOTS.);
#485 = CARTESIAN_POINT('',(98.753,-20.));
#486 = CARTESIAN_POINT('',(98.753,0.));
#487 = ( GEOMETRIC_REPRESENTATION_CONTEXT(2) 
PARAMETRIC_REPRESENTATION_CONTEXT() REPRESENTATION_CONTEXT('2D SPACE',''
  ) );
#488 = ORIENTED_EDGE('',*,*,#489,.F.);
#489 = EDGE_CURVE('',#490,#464,#492,.T.);
#490 = VERTEX_POINT('',#491);
#491 = CARTESIAN_POINT('',(566.56856437626,245.,35.485));
#492 = SURFACE_CURVE('',#493,(#497,#504),.PCURVE_S1.);
#493 = LINE('',#494,#495);
#494 = CARTESIAN_POINT('',(570.7107,245.,35.485));
#495 = VECTOR('',#496,1.);
#496 = DIRECTION('',(-1.,0.,0.));
#497 = PCURVE('',#126,#498);
#498 = DEFINITIONAL_REPRESENTATION('',(#499),#503);
#499 = LINE('',#500,#501);
#500 = CARTESIAN_POINT('',(570.7107,255.));
#501 = VECTOR('',#502,1.);
#502 = DIRECTION('',(-1.,0.));
#503 = ( GEOMETRIC_REPRESENTATION_CONTEXT(2) 
PARAMETRIC_REPRESENTATION_CONTEXT() REPRESENTATION_CONTEXT('2D SPACE',''
  ) );
#504 = PCURVE('',#505,#510);
#505 = PLANE('',#506);
#506 = AXIS2_PLACEMENT_3D('',#507,#508,#509);
#507 = CARTESIAN_POINT('',(566.56856437626,245.,134.23));
#508 = DIRECTION('',(0.,1.,-0.));
#509 = DIRECTION('',(-1.,0.,0.));
#510 = DEFINITIONAL_REPRESENTATION('',(#511),#515);
#511 = LINE('',#512,#513);
#512 = CARTESIAN_POINT('',(-4.142135623731,-98.745));
#513 = VECTOR('',#514,1.);
#514 = DIRECTION('',(1.,0.));
#515 = ( GEOMETRIC_REPRESENTATION_CONTEXT(2) 
PARAMETRIC_REPRESENTATION_CONTEXT() REPRESENTATION_CONTEXT('2D SPACE',''
  ) );
#516 = ORIENTED_EDGE('',*,*,#517,.F.);
#517 = EDGE_CURVE('',#518,#490,#520,.T.);
#518 = VERTEX_POINT('',#519);
#519 = CARTESIAN_POINT('',(665.,146.56856437626,35.485));
#520 = SURFACE_CURVE('',#521,(#525,#532),.PCURVE_S1.);
#521 = LINE('',#522,#523);
#522 = CARTESIAN_POINT('',(667.92893218813,143.63963218813,35.485));
#523 = VECTOR('',#524,1.);
#524 = DIRECTION('',(-0.707106781187,0.707106781187,0.));
#525 = PCURVE('',#126,#526);
#526 = DEFINITIONAL_REPRESENTATION('',(#527),#531);
#527 = LINE('',#528,#529);
#528 = CARTESIAN_POINT('',(667.92893218813,153.63963218813));
#529 = VECTOR('',#530,1.);
#530 = DIRECTION('',(-0.707106781187,0.707106781187));
#531 = ( GEOMETRIC_REPRESENTATION_CONTEXT(2) 
PARAMETRIC_REPRESENTATION_CONTEXT() REPRESENTATION_CONTEXT('2D SPACE',''
  ) );
#532 = PCURVE('',#533,#538);
#533 = PLANE('',#534);
#534 = AXIS2_PLACEMENT_3D('',#535,#536,#537);
#535 = CARTESIAN_POINT('',(665.,146.56856437626,134.23));
#536 = DIRECTION('',(0.707106781187,0.707106781187,-0.));
#537 = DIRECTION('',(-0.707106781187,0.707106781187,0.));
#538 = DEFINITIONAL_REPRESENTATION('',(#539),#543);
#539 = LINE('',#540,#541);
#540 = CARTESIAN_POINT('',(-4.142135623731,-98.745));
#541 = VECTOR('',#542,1.);
#542 = DIRECTION('',(1.,0.));
#543 = ( GEOMETRIC_REPRESENTATION_CONTEXT(2) 
PARAMETRIC_REPRESENTATION_CONTEXT() REPRESENTATION_CONTEXT('2D SPACE',''
  ) );
#544 = ORIENTED_EDGE('',*,*,#545,.F.);
#545 = EDGE_CURVE('',#546,#518,#548,.T.);
#546 = VERTEX_POINT('',#547);
#547 = CARTESIAN_POINT('',(665.,-166.5685643762,35.485));
#548 = SURFACE_CURVE('',#549,(#553,#560),.PCURVE_S1.);
#549 = LINE('',#550,#551);
#550 = CARTESIAN_POINT('',(665.,-170.7107,35.485));
#551 = VECTOR('',#552,1.);
#552 = DIRECTION('',(0.,1.,0.));
#553 = PCURVE('',#126,#554);
#554 = DEFINITIONAL_REPRESENTATION('',(#555),#559);
#555 = LINE('',#556,#557);
#556 = CARTESIAN_POINT('',(665.,-160.7107));
#557 = VECTOR('',#558,1.);
#558 = DIRECTION('',(0.,1.));
#559 = ( GEOMETRIC_REPRESENTATION_CONTEXT(2) 
PARAMETRIC_REPRESENTATION_CONTEXT() REPRESENTATION_CONTEXT('2D SPACE',''
  ) );
#560 = PCURVE('',#561,#566);
#561 = PLANE('',#562);
#562 = AXIS2_PLACEMENT_3D('',#563,#564,#565);
#563 = CARTESIAN_POINT('',(665.,-166.5685643762,134.23));
#564 = DIRECTION('',(1.,0.,0.));
#565 = DIRECTION('',(-0.,1.,0.));
#566 = DEFINITIONAL_REPRESENTATION('',(#567),#571);
#567 = LINE('',#568,#569);
#568 = CARTESIAN_POINT('',(-4.142135623731,-98.745));
#569 = VECTOR('',#570,1.);
#570 = DIRECTION('',(1.,0.));
#571 = ( GEOMETRIC_REPRESENTATION_CONTEXT(2) 
PARAMETRIC_REPRESENTATION_CONTEXT() REPRESENTATION_CONTEXT('2D SPACE',''
  ) );
#572 = ORIENTED_EDGE('',*,*,#573,.F.);
#573 = EDGE_CURVE('',#574,#546,#576,.T.);
#574 = VERTEX_POINT('',#575);
#575 = CARTESIAN_POINT('',(566.56856437626,-265.,35.485));
#576 = SURFACE_CURVE('',#577,(#581,#588),.PCURVE_S1.);
#577 = LINE('',#578,#579);
#578 = CARTESIAN_POINT('',(563.63963218813,-267.9289321881,35.485));
#579 = VECTOR('',#580,1.);
#580 = DIRECTION('',(0.707106781187,0.707106781187,0.));
#581 = PCURVE('',#126,#582);
#582 = DEFINITIONAL_REPRESENTATION('',(#583),#587);
#583 = LINE('',#584,#585);
#584 = CARTESIAN_POINT('',(563.63963218813,-257.9289321881));
#585 = VECTOR('',#586,1.);
#586 = DIRECTION('',(0.707106781187,0.707106781187));
#587 = ( GEOMETRIC_REPRESENTATION_CONTEXT(2) 
PARAMETRIC_REPRESENTATION_CONTEXT() REPRESENTATION_CONTEXT('2D SPACE',''
  ) );
#588 = PCURVE('',#589,#594);
#589 = PLANE('',#590);
#590 = AXIS2_PLACEMENT_3D('',#591,#592,#593);
#591 = CARTESIAN_POINT('',(566.56856437626,-265.,134.23));
#592 = DIRECTION('',(0.707106781187,-0.707106781187,0.));
#593 = DIRECTION('',(0.707106781187,0.707106781187,0.));
#594 = DEFINITIONAL_REPRESENTATION('',(#595),#599);
#595 = LINE('',#596,#597);
#596 = CARTESIAN_POINT('',(-4.142135623731,-98.745));
#597 = VECTOR('',#598,1.);
#598 = DIRECTION('',(1.,0.));
#599 = ( GEOMETRIC_REPRESENTATION_CONTEXT(2) 
PARAMETRIC_REPRESENTATION_CONTEXT() REPRESENTATION_CONTEXT('2D SPACE',''
  ) );
#600 = ORIENTED_EDGE('',*,*,#601,.F.);
#601 = EDGE_CURVE('',#602,#574,#604,.T.);
#602 = VERTEX_POINT('',#603);
#603 = CARTESIAN_POINT('',(-566.5685643762,-265.,35.485));
#604 = SURFACE_CURVE('',#605,(#609,#616),.PCURVE_S1.);
#605 = LINE('',#606,#607);
#606 = CARTESIAN_POINT('',(-570.7107,-265.,35.485));
#607 = VECTOR('',#608,1.);
#608 = DIRECTION('',(1.,0.,0.));
#609 = PCURVE('',#126,#610);
#610 = DEFINITIONAL_REPRESENTATION('',(#611),#615);
#611 = LINE('',#612,#613);
#612 = CARTESIAN_POINT('',(-570.7107,-255.));
#613 = VECTOR('',#614,1.);
#614 = DIRECTION('',(1.,0.));
#615 = ( GEOMETRIC_REPRESENTATION_CONTEXT(2) 
PARAMETRIC_REPRESENTATION_CONTEXT() REPRESENTATION_CONTEXT('2D SPACE',''
  ) );
#616 = PCURVE('',#617,#622);
#617 = PLANE('',#618);
#618 = AXIS2_PLACEMENT_3D('',#619,#620,#621);
#619 = CARTESIAN_POINT('',(-566.5685643762,-265.,134.23));
#620 = DIRECTION('',(0.,-1.,0.));
#621 = DIRECTION('',(1.,0.,0.));
#622 = DEFINITIONAL_REPRESENTATION('',(#623),#627);
#623 = LINE('',#624,#625);
#624 = CARTESIAN_POINT('',(-4.142135623731,-98.745));
#625 = VECTOR('',#626,1.);
#626 = DIRECTION('',(1.,0.));
#627 = ( GEOMETRIC_REPRESENTATION_CONTEXT(2) 
PARAMETRIC_REPRESENTATION_CONTEXT() REPRESENTATION_CONTEXT('2D SPACE',''
  ) );
#628 = ORIENTED_EDGE('',*,*,#629,.F.);
#629 = EDGE_CURVE('',#630,#602,#632,.T.);
#630 = VERTEX_POINT('',#631);
#631 = CARTESIAN_POINT('',(-665.,-166.5685643762,35.485));
#632 = SURFACE_CURVE('',#633,(#637,#644),.PCURVE_S1.);
#633 = LINE('',#634,#635);
#634 = CARTESIAN_POINT('',(-667.9289321881,-163.6396321881,35.485));
#635 = VECTOR('',#636,1.);
#636 = DIRECTION('',(0.707106781187,-0.707106781187,0.));
#637 = PCURVE('',#126,#638);
#638 = DEFINITIONAL_REPRESENTATION('',(#639),#643);
#639 = LINE('',#640,#641);
#640 = CARTESIAN_POINT('',(-667.9289321881,-153.6396321881));
#641 = VECTOR('',#642,1.);
#642 = DIRECTION('',(0.707106781187,-0.707106781187));
#643 = ( GEOMETRIC_REPRESENTATION_CONTEXT(2) 
PARAMETRIC_REPRESENTATION_CONTEXT() REPRESENTATION_CONTEXT('2D SPACE',''
  ) );
#644 = PCURVE('',#645,#650);
#645 = PLANE('',#646);
#646 = AXIS2_PLACEMENT_3D('',#647,#648,#649);
#647 = CARTESIAN_POINT('',(-665.,-166.5685643762,134.23));
#648 = DIRECTION('',(-0.707106781187,-0.707106781187,0.));
#649 = DIRECTION('',(0.707106781187,-0.707106781187,0.));
#650 = DEFINITIONAL_REPRESENTATION('',(#651),#655);
#651 = LINE('',#652,#653);
#652 = CARTESIAN_POINT('',(-4.142135623731,-98.745));
#653 = VECTOR('',#654,1.);
#654 = DIRECTION('',(1.,0.));
#655 = ( GEOMETRIC_REPRESENTATION_CONTEXT(2) 
PARAMETRIC_REPRESENTATION_CONTEXT() REPRESENTATION_CONTEXT('2D SPACE',''
  ) );
#656 = ORIENTED_EDGE('',*,*,#657,.F.);
#657 = EDGE_CURVE('',#658,#630,#660,.T.);
#658 = VERTEX_POINT('',#659);
#659 = CARTESIAN_POINT('',(-665.,146.56856437626,35.485));
#660 = SURFACE_CURVE('',#661,(#665,#672),.PCURVE_S1.);
#661 = LINE('',#662,#663);
#662 = CARTESIAN_POINT('',(-665.,150.7107,35.485));
#663 = VECTOR('',#664,1.);
#664 = DIRECTION('',(0.,-1.,0.));
#665 = PCURVE('',#126,#666);
#666 = DEFINITIONAL_REPRESENTATION('',(#667),#671);
#667 = LINE('',#668,#669);
#668 = CARTESIAN_POINT('',(-665.,160.7107));
#669 = VECTOR('',#670,1.);
#670 = DIRECTION('',(0.,-1.));
#671 = ( GEOMETRIC_REPRESENTATION_CONTEXT(2) 
PARAMETRIC_REPRESENTATION_CONTEXT() REPRESENTATION_CONTEXT('2D SPACE',''
  ) );
#672 = PCURVE('',#673,#678);
#673 = PLANE('',#674);
#674 = AXIS2_PLACEMENT_3D('',#675,#676,#677);
#675 = CARTESIAN_POINT('',(-665.,146.56856437626,134.23));
#676 = DIRECTION('',(-1.,0.,0.));
#677 = DIRECTION('',(0.,-1.,0.));
#678 = DEFINITIONAL_REPRESENTATION('',(#679),#683);
#679 = LINE('',#680,#681);
#680 = CARTESIAN_POINT('',(-4.142135623731,-98.745));
#681 = VECTOR('',#682,1.);
#682 = DIRECTION('',(1.,0.));
#683 = ( GEOMETRIC_REPRESENTATION_CONTEXT(2) 
PARAMETRIC_REPRESENTATION_CONTEXT() REPRESENTATION_CONTEXT('2D SPACE',''
  ) );
#684 = ORIENTED_EDGE('',*,*,#685,.F.);
#685 = EDGE_CURVE('',#686,#658,#688,.T.);
#686 = VERTEX_POINT('',#687);
#687 = CARTESIAN_POINT('',(-566.5685643762,245.,35.485));
#688 = SURFACE_CURVE('',#689,(#693,#700),.PCURVE_S1.);
#689 = LINE('',#690,#691);
#690 = CARTESIAN_POINT('',(-563.6396321881,247.92893218813,35.485));
#691 = VECTOR('',#692,1.);
#692 = DIRECTION('',(-0.707106781187,-0.707106781187,0.));
#693 = PCURVE('',#126,#694);
#694 = DEFINITIONAL_REPRESENTATION('',(#695),#699);
#695 = LINE('',#696,#697);
#696 = CARTESIAN_POINT('',(-563.6396321881,257.92893218813));
#697 = VECTOR('',#698,1.);
#698 = DIRECTION('',(-0.707106781187,-0.707106781187));
#699 = ( GEOMETRIC_REPRESENTATION_CONTEXT(2) 
PARAMETRIC_REPRESENTATION_CONTEXT() REPRESENTATION_CONTEXT('2D SPACE',''
  ) );
#700 = PCURVE('',#701,#706);
#701 = PLANE('',#702);
#702 = AXIS2_PLACEMENT_3D('',#703,#704,#705);
#703 = CARTESIAN_POINT('',(-566.5685643762,245.,134.23));
#704 = DIRECTION('',(-0.707106781187,0.707106781187,0.));
#705 = DIRECTION('',(-0.707106781187,-0.707106781187,0.));
#706 = DEFINITIONAL_REPRESENTATION('',(#707),#711);
#707 = LINE('',#708,#709);
#708 = CARTESIAN_POINT('',(-4.142135623731,-98.745));
#709 = VECTOR('',#710,1.);
#710 = DIRECTION('',(1.,0.));
#711 = ( GEOMETRIC_REPRESENTATION_CONTEXT(2) 
PARAMETRIC_REPRESENTATION_CONTEXT() REPRESENTATION_CONTEXT('2D SPACE',''
  ) );
#712 = ORIENTED_EDGE('',*,*,#713,.F.);
#713 = EDGE_CURVE('',#714,#686,#716,.T.);
#714 = VERTEX_POINT('',#715);
#715 = CARTESIAN_POINT('',(-185.194,245.,35.485));
#716 = SURFACE_CURVE('',#717,(#721,#728),.PCURVE_S1.);
#717 = LINE('',#718,#719);
#718 = CARTESIAN_POINT('',(570.7107,245.,35.485));
#719 = VECTOR('',#720,1.);
#720 = DIRECTION('',(-1.,0.,0.));
#721 = PCURVE('',#126,#722);
#722 = DEFINITIONAL_REPRESENTATION('',(#723),#727);
#723 = LINE('',#724,#725);
#724 = CARTESIAN_POINT('',(570.7107,255.));
#725 = VECTOR('',#726,1.);
#726 = DIRECTION('',(-1.,0.));
#727 = ( GEOMETRIC_REPRESENTATION_CONTEXT(2) 
PARAMETRIC_REPRESENTATION_CONTEXT() REPRESENTATION_CONTEXT('2D SPACE',''
  ) );
#728 = PCURVE('',#729,#734);
#729 = PLANE('',#730);
#730 = AXIS2_PLACEMENT_3D('',#731,#732,#733);
#731 = CARTESIAN_POINT('',(566.56856437626,245.,134.23));
#732 = DIRECTION('',(0.,1.,-0.));
#733 = DIRECTION('',(-1.,0.,0.));
#734 = DEFINITIONAL_REPRESENTATION('',(#735),#739);
#735 = LINE('',#736,#737);
#736 = CARTESIAN_POINT('',(-4.142135623731,-98.745));
#737 = VECTOR('',#738,1.);
#738 = DIRECTION('',(1.,0.));
#739 = ( GEOMETRIC_REPRESENTATION_CONTEXT(2) 
PARAMETRIC_REPRESENTATION_CONTEXT() REPRESENTATION_CONTEXT('2D SPACE',''
  ) );
#740 = ORIENTED_EDGE('',*,*,#741,.F.);
#741 = EDGE_CURVE('',#742,#714,#744,.T.);
#742 = VERTEX_POINT('',#743);
#743 = CARTESIAN_POINT('',(-185.194,255.,35.485));
#744 = SURFACE_CURVE('',#745,(#749,#755),.PCURVE_S1.);
#745 = LINE('',#746,#747);
#746 = CARTESIAN_POINT('',(-185.194,112.5,35.485));
#747 = VECTOR('',#748,1.);
#748 = DIRECTION('',(-0.,-1.,0.));
#749 = PCURVE('',#126,#750);
#750 = DEFINITIONAL_REPRESENTATION('',(#751),#754);
#751 = B_SPLINE_CURVE_WITH_KNOTS('',1,(#752,#753),.UNSPECIFIED.,.F.,.F.,
  (2,2),(-142.5,-122.5),.PIECEWISE_BEZIER_KNOTS.);
#752 = CARTESIAN_POINT('',(-185.194,265.));
#753 = CARTESIAN_POINT('',(-185.194,245.));
#754 = ( GEOMETRIC_REPRESENTATION_CONTEXT(2) 
PARAMETRIC_REPRESENTATION_CONTEXT() REPRESENTATION_CONTEXT('2D SPACE',''
  ) );
#755 = PCURVE('',#756,#761);
#756 = PLANE('',#757);
#757 = AXIS2_PLACEMENT_3D('',#758,#759,#760);
#758 = CARTESIAN_POINT('',(-185.194,235.,134.238));
#759 = DIRECTION('',(-1.,0.,-0.));
#760 = DIRECTION('',(0.,0.,-1.));
#761 = DEFINITIONAL_REPRESENTATION('',(#762),#765);
#762 = B_SPLINE_CURVE_WITH_KNOTS('',1,(#763,#764),.UNSPECIFIED.,.F.,.F.,
  (2,2),(-142.5,-122.5),.PIECEWISE_BEZIER_KNOTS.);
#763 = CARTESIAN_POINT('',(98.753,-20.));
#764 = CARTESIAN_POINT('',(98.753,0.));
#765 = ( GEOMETRIC_REPRESENTATION_CONTEXT(2) 
PARAMETRIC_REPRESENTATION_CONTEXT() REPRESENTATION_CONTEXT('2D SPACE',''
  ) );
#766 = ORIENTED_EDGE('',*,*,#767,.T.);
#767 = EDGE_CURVE('',#742,#304,#768,.T.);
#768 = SURFACE_CURVE('',#769,(#773,#780),.PCURVE_S1.);
#769 = LINE('',#770,#771);
#770 = CARTESIAN_POINT('',(570.7107,255.,35.485));
#771 = VECTOR('',#772,1.);
#772 = DIRECTION('',(-1.,0.,0.));
#773 = PCURVE('',#126,#774);
#774 = DEFINITIONAL_REPRESENTATION('',(#775),#779);
#775 = LINE('',#776,#777);
#776 = CARTESIAN_POINT('',(570.7107,265.));
#777 = VECTOR('',#778,1.);
#778 = DIRECTION('',(-1.,0.));
#779 = ( GEOMETRIC_REPRESENTATION_CONTEXT(2) 
PARAMETRIC_REPRESENTATION_CONTEXT() REPRESENTATION_CONTEXT('2D SPACE',''
  ) );
#780 = PCURVE('',#451,#781);
#781 = DEFINITIONAL_REPRESENTATION('',(#782),#786);
#782 = LINE('',#783,#784);
#783 = CARTESIAN_POINT('',(0.,-95.485));
#784 = VECTOR('',#785,1.);
#785 = DIRECTION('',(1.,0.));
#786 = ( GEOMETRIC_REPRESENTATION_CONTEXT(2) 
PARAMETRIC_REPRESENTATION_CONTEXT() REPRESENTATION_CONTEXT('2D SPACE',''
  ) );
#787 = ADVANCED_FACE('',(#788),#100,.F.);
#788 = FACE_BOUND('',#789,.F.);
#789 = EDGE_LOOP('',(#790,#791,#814,#835));
#790 = ORIENTED_EDGE('',*,*,#84,.F.);
#791 = ORIENTED_EDGE('',*,*,#792,.F.);
#792 = EDGE_CURVE('',#793,#57,#795,.T.);
#793 = VERTEX_POINT('',#794);
#794 = CARTESIAN_POINT('',(-570.7107,255.,-30.));
#795 = SURFACE_CURVE('',#796,(#800,#807),.PCURVE_S1.);
#796 = LINE('',#797,#798);
#797 = CARTESIAN_POINT('',(-570.7107,255.,-30.));
#798 = VECTOR('',#799,1.);
#799 = DIRECTION('',(-0.707106781187,-0.707106781187,0.));
#800 = PCURVE('',#100,#801);
#801 = DEFINITIONAL_REPRESENTATION('',(#802),#806);
#802 = LINE('',#803,#804);
#803 = CARTESIAN_POINT('',(0.,-30.));
#804 = VECTOR('',#805,1.);
#805 = DIRECTION('',(1.,0.));
#806 = ( GEOMETRIC_REPRESENTATION_CONTEXT(2) 
PARAMETRIC_REPRESENTATION_CONTEXT() REPRESENTATION_CONTEXT('2D SPACE',''
  ) );
#807 = PCURVE('',#238,#808);
#808 = DEFINITIONAL_REPRESENTATION('',(#809),#813);
#809 = LINE('',#810,#811);
#810 = CARTESIAN_POINT('',(0.,21.213203435596));
#811 = VECTOR('',#812,1.);
#812 = DIRECTION('',(1.,0.));
#813 = ( GEOMETRIC_REPRESENTATION_CONTEXT(2) 
PARAMETRIC_REPRESENTATION_CONTEXT() REPRESENTATION_CONTEXT('2D SPACE',''
  ) );
#814 = ORIENTED_EDGE('',*,*,#815,.T.);
#815 = EDGE_CURVE('',#793,#304,#816,.T.);
#816 = SURFACE_CURVE('',#817,(#821,#828),.PCURVE_S1.);
#817 = LINE('',#818,#819);
#818 = CARTESIAN_POINT('',(-570.7107,255.,-60.));
#819 = VECTOR('',#820,1.);
#820 = DIRECTION('',(0.,0.,1.));
#821 = PCURVE('',#100,#822);
#822 = DEFINITIONAL_REPRESENTATION('',(#823),#827);
#823 = LINE('',#824,#825);
#824 = CARTESIAN_POINT('',(0.,0.));
#825 = VECTOR('',#826,1.);
#826 = DIRECTION('',(0.,-1.));
#827 = ( GEOMETRIC_REPRESENTATION_CONTEXT(2) 
PARAMETRIC_REPRESENTATION_CONTEXT() REPRESENTATION_CONTEXT('2D SPACE',''
  ) );
#828 = PCURVE('',#451,#829);
#829 = DEFINITIONAL_REPRESENTATION('',(#830),#834);
#830 = LINE('',#831,#832);
#831 = CARTESIAN_POINT('',(1.1414214E+03,0.));
#832 = VECTOR('',#833,1.);
#833 = DIRECTION('',(0.,-1.));
#834 = ( GEOMETRIC_REPRESENTATION_CONTEXT(2) 
PARAMETRIC_REPRESENTATION_CONTEXT() REPRESENTATION_CONTEXT('2D SPACE',''
  ) );
#835 = ORIENTED_EDGE('',*,*,#303,.T.);
#836 = ADVANCED_FACE('',(#837),#159,.F.);
#837 = FACE_BOUND('',#838,.F.);
#838 = EDGE_LOOP('',(#839,#862,#888,#889));
#839 = ORIENTED_EDGE('',*,*,#840,.F.);
#840 = EDGE_CURVE('',#841,#329,#843,.T.);
#841 = VERTEX_POINT('',#842);
#842 = CARTESIAN_POINT('',(570.7107,-275.,-30.));
#843 = SURFACE_CURVE('',#844,(#848,#855),.PCURVE_S1.);
#844 = LINE('',#845,#846);
#845 = CARTESIAN_POINT('',(570.7107,-275.,-60.));
#846 = VECTOR('',#847,1.);
#847 = DIRECTION('',(0.,0.,1.));
#848 = PCURVE('',#159,#849);
#849 = DEFINITIONAL_REPRESENTATION('',(#850),#854);
#850 = LINE('',#851,#852);
#851 = CARTESIAN_POINT('',(1.1414214E+03,0.));
#852 = VECTOR('',#853,1.);
#853 = DIRECTION('',(0.,-1.));
#854 = ( GEOMETRIC_REPRESENTATION_CONTEXT(2) 
PARAMETRIC_REPRESENTATION_CONTEXT() REPRESENTATION_CONTEXT('2D SPACE',''
  ) );
#855 = PCURVE('',#367,#856);
#856 = DEFINITIONAL_REPRESENTATION('',(#857),#861);
#857 = LINE('',#858,#859);
#858 = CARTESIAN_POINT('',(0.,0.));
#859 = VECTOR('',#860,1.);
#860 = DIRECTION('',(0.,-1.));
#861 = ( GEOMETRIC_REPRESENTATION_CONTEXT(2) 
PARAMETRIC_REPRESENTATION_CONTEXT() REPRESENTATION_CONTEXT('2D SPACE',''
  ) );
#862 = ORIENTED_EDGE('',*,*,#863,.F.);
#863 = EDGE_CURVE('',#142,#841,#864,.T.);
#864 = SURFACE_CURVE('',#865,(#869,#876),.PCURVE_S1.);
#865 = LINE('',#866,#867);
#866 = CARTESIAN_POINT('',(-570.7107,-275.,-30.));
#867 = VECTOR('',#868,1.);
#868 = DIRECTION('',(1.,0.,0.));
#869 = PCURVE('',#159,#870);
#870 = DEFINITIONAL_REPRESENTATION('',(#871),#875);
#871 = LINE('',#872,#873);
#872 = CARTESIAN_POINT('',(0.,-30.));
#873 = VECTOR('',#874,1.);
#874 = DIRECTION('',(1.,0.));
#875 = ( GEOMETRIC_REPRESENTATION_CONTEXT(2) 
PARAMETRIC_REPRESENTATION_CONTEXT() REPRESENTATION_CONTEXT('2D SPACE',''
  ) );
#876 = PCURVE('',#877,#882);
#877 = PLANE('',#878);
#878 = AXIS2_PLACEMENT_3D('',#879,#880,#881);
#879 = CARTESIAN_POINT('',(-570.7107,-260.,-45.));
#880 = DIRECTION('',(5.319400087957E-17,-0.707106781187,-0.707106781187)
  );
#881 = DIRECTION('',(1.,3.761383874039E-17,3.761383874039E-17));
#882 = DEFINITIONAL_REPRESENTATION('',(#883),#887);
#883 = LINE('',#884,#885);
#884 = CARTESIAN_POINT('',(0.,21.213203435596));
#885 = VECTOR('',#886,1.);
#886 = DIRECTION('',(1.,0.));
#887 = ( GEOMETRIC_REPRESENTATION_CONTEXT(2) 
PARAMETRIC_REPRESENTATION_CONTEXT() REPRESENTATION_CONTEXT('2D SPACE',''
  ) );
#888 = ORIENTED_EDGE('',*,*,#141,.T.);
#889 = ORIENTED_EDGE('',*,*,#328,.T.);
#890 = ADVANCED_FACE('',(#891),#185,.T.);
#891 = FACE_BOUND('',#892,.T.);
#892 = EDGE_LOOP('',(#893,#894,#917,#938));
#893 = ORIENTED_EDGE('',*,*,#251,.T.);
#894 = ORIENTED_EDGE('',*,*,#895,.T.);
#895 = EDGE_CURVE('',#252,#896,#898,.T.);
#896 = VERTEX_POINT('',#897);
#897 = CARTESIAN_POINT('',(-558.2842931288,-245.,-60.));
#898 = SURFACE_CURVE('',#899,(#903,#910),.PCURVE_S1.);
#899 = LINE('',#900,#901);
#900 = CARTESIAN_POINT('',(-653.7867965644,-149.4974965644,-60.));
#901 = VECTOR('',#902,1.);
#902 = DIRECTION('',(0.707106781187,-0.707106781187,0.));
#903 = PCURVE('',#185,#904);
#904 = DEFINITIONAL_REPRESENTATION('',(#905),#909);
#905 = LINE('',#906,#907);
#906 = CARTESIAN_POINT('',(-5.684341886081E-14,-21.21320343559));
#907 = VECTOR('',#908,1.);
#908 = DIRECTION('',(1.,0.));
#909 = ( GEOMETRIC_REPRESENTATION_CONTEXT(2) 
PARAMETRIC_REPRESENTATION_CONTEXT() REPRESENTATION_CONTEXT('2D SPACE',''
  ) );
#910 = PCURVE('',#288,#911);
#911 = DEFINITIONAL_REPRESENTATION('',(#912),#916);
#912 = LINE('',#913,#914);
#913 = CARTESIAN_POINT('',(-653.7867965644,-139.4974965644));
#914 = VECTOR('',#915,1.);
#915 = DIRECTION('',(0.707106781187,-0.707106781187));
#916 = ( GEOMETRIC_REPRESENTATION_CONTEXT(2) 
PARAMETRIC_REPRESENTATION_CONTEXT() REPRESENTATION_CONTEXT('2D SPACE',''
  ) );
#917 = ORIENTED_EDGE('',*,*,#918,.T.);
#918 = EDGE_CURVE('',#896,#142,#919,.T.);
#919 = SURFACE_CURVE('',#920,(#924,#931),.PCURVE_S1.);
#920 = LINE('',#921,#922);
#921 = CARTESIAN_POINT('',(-559.1620106317,-247.1189974995,
    -57.88100250042));
#922 = VECTOR('',#923,1.);
#923 = DIRECTION('',(-0.281084637715,-0.678598344546,0.678598344546));
#924 = PCURVE('',#185,#925);
#925 = DEFINITIONAL_REPRESENTATION('',(#926),#930);
#926 = LINE('',#927,#928);
#927 = CARTESIAN_POINT('',(135.93865310216,-18.21648843305));
#928 = VECTOR('',#929,1.);
#929 = DIRECTION('',(0.281084637715,0.959682982261));
#930 = ( GEOMETRIC_REPRESENTATION_CONTEXT(2) 
PARAMETRIC_REPRESENTATION_CONTEXT() REPRESENTATION_CONTEXT('2D SPACE',''
  ) );
#931 = PCURVE('',#877,#932);
#932 = DEFINITIONAL_REPRESENTATION('',(#933),#937);
#933 = LINE('',#934,#935);
#934 = CARTESIAN_POINT('',(11.548689368233,-18.21648843306));
#935 = VECTOR('',#936,1.);
#936 = DIRECTION('',(-0.281084637715,0.959682982261));
#937 = ( GEOMETRIC_REPRESENTATION_CONTEXT(2) 
PARAMETRIC_REPRESENTATION_CONTEXT() REPRESENTATION_CONTEXT('2D SPACE',''
  ) );
#938 = ORIENTED_EDGE('',*,*,#171,.F.);
#939 = ADVANCED_FACE('',(#940),#238,.T.);
#940 = FACE_BOUND('',#941,.T.);
#941 = EDGE_LOOP('',(#942,#970,#991,#992));
#942 = ORIENTED_EDGE('',*,*,#943,.F.);
#943 = EDGE_CURVE('',#944,#793,#946,.T.);
#944 = VERTEX_POINT('',#945);
#945 = CARTESIAN_POINT('',(-558.2842931288,225.,-60.));
#946 = SURFACE_CURVE('',#947,(#951,#958),.PCURVE_S1.);
#947 = LINE('',#948,#949);
#948 = CARTESIAN_POINT('',(-519.897354583,132.32573234489,
    -152.6742676551));
#949 = VECTOR('',#950,1.);
#950 = DIRECTION('',(-0.281084637715,0.678598344546,0.678598344546));
#951 = PCURVE('',#238,#952);
#952 = DEFINITIONAL_REPRESENTATION('',(#953),#957);
#953 = LINE('',#954,#955);
#954 = CARTESIAN_POINT('',(50.81334541693,-152.2744096364));
#955 = VECTOR('',#956,1.);
#956 = DIRECTION('',(-0.281084637715,0.959682982261));
#957 = ( GEOMETRIC_REPRESENTATION_CONTEXT(2) 
PARAMETRIC_REPRESENTATION_CONTEXT() REPRESENTATION_CONTEXT('2D SPACE',''
  ) );
#958 = PCURVE('',#959,#964);
#959 = PLANE('',#960);
#960 = AXIS2_PLACEMENT_3D('',#961,#962,#963);
#961 = CARTESIAN_POINT('',(570.7107,240.,-45.));
#962 = DIRECTION('',(-5.319400087957E-17,0.707106781187,-0.707106781187)
  );
#963 = DIRECTION('',(-1.,-3.761383874039E-17,3.761383874039E-17));
#964 = DEFINITIONAL_REPRESENTATION('',(#965),#969);
#965 = LINE('',#966,#967);
#966 = CARTESIAN_POINT('',(1.090608054583E+03,-152.2744096364));
#967 = VECTOR('',#968,1.);
#968 = DIRECTION('',(0.281084637715,0.959682982261));
#969 = ( GEOMETRIC_REPRESENTATION_CONTEXT(2) 
PARAMETRIC_REPRESENTATION_CONTEXT() REPRESENTATION_CONTEXT('2D SPACE',''
  ) );
#970 = ORIENTED_EDGE('',*,*,#971,.T.);
#971 = EDGE_CURVE('',#944,#223,#972,.T.);
#972 = SURFACE_CURVE('',#973,(#977,#984),.PCURVE_S1.);
#973 = LINE('',#974,#975);
#974 = CARTESIAN_POINT('',(-549.4974965644,233.7867965644,-60.));
#975 = VECTOR('',#976,1.);
#976 = DIRECTION('',(-0.707106781187,-0.707106781187,0.));
#977 = PCURVE('',#238,#978);
#978 = DEFINITIONAL_REPRESENTATION('',(#979),#983);
#979 = LINE('',#980,#981);
#980 = CARTESIAN_POINT('',(0.,-21.21320343559));
#981 = VECTOR('',#982,1.);
#982 = DIRECTION('',(1.,0.));
#983 = ( GEOMETRIC_REPRESENTATION_CONTEXT(2) 
PARAMETRIC_REPRESENTATION_CONTEXT() REPRESENTATION_CONTEXT('2D SPACE',''
  ) );
#984 = PCURVE('',#288,#985);
#985 = DEFINITIONAL_REPRESENTATION('',(#986),#990);
#986 = LINE('',#987,#988);
#987 = CARTESIAN_POINT('',(-549.4974965644,243.7867965644));
#988 = VECTOR('',#989,1.);
#989 = DIRECTION('',(-0.707106781187,-0.707106781187));
#990 = ( GEOMETRIC_REPRESENTATION_CONTEXT(2) 
PARAMETRIC_REPRESENTATION_CONTEXT() REPRESENTATION_CONTEXT('2D SPACE',''
  ) );
#991 = ORIENTED_EDGE('',*,*,#222,.F.);
#992 = ORIENTED_EDGE('',*,*,#792,.F.);
#993 = ADVANCED_FACE('',(#994),#288,.F.);
#994 = FACE_BOUND('',#995,.F.);
#995 = EDGE_LOOP('',(#996,#997,#998,#1021,#1049,#1077,#1105,#1126));
#996 = ORIENTED_EDGE('',*,*,#274,.T.);
#997 = ORIENTED_EDGE('',*,*,#895,.T.);
#998 = ORIENTED_EDGE('',*,*,#999,.T.);
#999 = EDGE_CURVE('',#896,#1000,#1002,.T.);
#1000 = VERTEX_POINT('',#1001);
#1001 = CARTESIAN_POINT('',(558.2842931288,-245.,-60.));
#1002 = SURFACE_CURVE('',#1003,(#1007,#1014),.PCURVE_S1.);
#1003 = LINE('',#1004,#1005);
#1004 = CARTESIAN_POINT('',(-570.7107,-245.,-60.));
#1005 = VECTOR('',#1006,1.);
#1006 = DIRECTION('',(1.,0.,0.));
#1007 = PCURVE('',#288,#1008);
#1008 = DEFINITIONAL_REPRESENTATION('',(#1009),#1013);
#1009 = LINE('',#1010,#1011);
#1010 = CARTESIAN_POINT('',(-570.7107,-235.));
#1011 = VECTOR('',#1012,1.);
#1012 = DIRECTION('',(1.,0.));
#1013 = ( GEOMETRIC_REPRESENTATION_CONTEXT(2) 
PARAMETRIC_REPRESENTATION_CONTEXT() REPRESENTATION_CONTEXT('2D SPACE',''
  ) );
#1014 = PCURVE('',#877,#1015);
#1015 = DEFINITIONAL_REPRESENTATION('',(#1016),#1020);
#1016 = LINE('',#1017,#1018);
#1017 = CARTESIAN_POINT('',(0.,-21.21320343559));
#1018 = VECTOR('',#1019,1.);
#1019 = DIRECTION('',(1.,0.));
#1020 = ( GEOMETRIC_REPRESENTATION_CONTEXT(2) 
PARAMETRIC_REPRESENTATION_CONTEXT() REPRESENTATION_CONTEXT('2D SPACE',''
  ) );
#1021 = ORIENTED_EDGE('',*,*,#1022,.T.);
#1022 = EDGE_CURVE('',#1000,#1023,#1025,.T.);
#1023 = VERTEX_POINT('',#1024);
#1024 = CARTESIAN_POINT('',(645.,-158.2842931288,-60.));
#1025 = SURFACE_CURVE('',#1026,(#1030,#1037),.PCURVE_S1.);
#1026 = LINE('',#1027,#1028);
#1027 = CARTESIAN_POINT('',(549.4974965644,-253.7867965644,-60.));
#1028 = VECTOR('',#1029,1.);
#1029 = DIRECTION('',(0.707106781187,0.707106781187,0.));
#1030 = PCURVE('',#288,#1031);
#1031 = DEFINITIONAL_REPRESENTATION('',(#1032),#1036);
#1032 = LINE('',#1033,#1034);
#1033 = CARTESIAN_POINT('',(549.4974965644,-243.7867965644));
#1034 = VECTOR('',#1035,1.);
#1035 = DIRECTION('',(0.707106781187,0.707106781187));
#1036 = ( GEOMETRIC_REPRESENTATION_CONTEXT(2) 
PARAMETRIC_REPRESENTATION_CONTEXT() REPRESENTATION_CONTEXT('2D SPACE',''
  ) );
#1037 = PCURVE('',#1038,#1043);
#1038 = PLANE('',#1039);
#1039 = AXIS2_PLACEMENT_3D('',#1040,#1041,#1042);
#1040 = CARTESIAN_POINT('',(560.1040982822,-264.3933982822,-45.));
#1041 = DIRECTION('',(0.5,-0.5,-0.707106781187));
#1042 = DIRECTION('',(0.707106781187,0.707106781187,2.137179322403E-15)
  );
#1043 = DEFINITIONAL_REPRESENTATION('',(#1044),#1048);
#1044 = LINE('',#1045,#1046);
#1045 = CARTESIAN_POINT('',(0.,-21.21320343559));
#1046 = VECTOR('',#1047,1.);
#1047 = DIRECTION('',(1.,0.));
#1048 = ( GEOMETRIC_REPRESENTATION_CONTEXT(2) 
PARAMETRIC_REPRESENTATION_CONTEXT() REPRESENTATION_CONTEXT('2D SPACE',''
  ) );
#1049 = ORIENTED_EDGE('',*,*,#1050,.T.);
#1050 = EDGE_CURVE('',#1023,#1051,#1053,.T.);
#1051 = VERTEX_POINT('',#1052);
#1052 = CARTESIAN_POINT('',(645.,138.2842931288,-60.));
#1053 = SURFACE_CURVE('',#1054,(#1058,#1065),.PCURVE_S1.);
#1054 = LINE('',#1055,#1056);
#1055 = CARTESIAN_POINT('',(645.,-170.7107,-60.));
#1056 = VECTOR('',#1057,1.);
#1057 = DIRECTION('',(0.,1.,0.));
#1058 = PCURVE('',#288,#1059);
#1059 = DEFINITIONAL_REPRESENTATION('',(#1060),#1064);
#1060 = LINE('',#1061,#1062);
#1061 = CARTESIAN_POINT('',(645.,-160.7107));
#1062 = VECTOR('',#1063,1.);
#1063 = DIRECTION('',(0.,1.));
#1064 = ( GEOMETRIC_REPRESENTATION_CONTEXT(2) 
PARAMETRIC_REPRESENTATION_CONTEXT() REPRESENTATION_CONTEXT('2D SPACE',''
  ) );
#1065 = PCURVE('',#1066,#1071);
#1066 = PLANE('',#1067);
#1067 = AXIS2_PLACEMENT_3D('',#1068,#1069,#1070);
#1068 = CARTESIAN_POINT('',(660.,-170.7107,-45.));
#1069 = DIRECTION('',(0.707106781187,-5.319400087957E-17,-0.707106781187
    ));
#1070 = DIRECTION('',(3.761383874039E-17,1.,-3.761383874039E-17));
#1071 = DEFINITIONAL_REPRESENTATION('',(#1072),#1076);
#1072 = LINE('',#1073,#1074);
#1073 = CARTESIAN_POINT('',(0.,-21.21320343559));
#1074 = VECTOR('',#1075,1.);
#1075 = DIRECTION('',(1.,0.));
#1076 = ( GEOMETRIC_REPRESENTATION_CONTEXT(2) 
PARAMETRIC_REPRESENTATION_CONTEXT() REPRESENTATION_CONTEXT('2D SPACE',''
  ) );
#1077 = ORIENTED_EDGE('',*,*,#1078,.T.);
#1078 = EDGE_CURVE('',#1051,#1079,#1081,.T.);
#1079 = VERTEX_POINT('',#1080);
#1080 = CARTESIAN_POINT('',(558.2842931288,225.,-60.));
#1081 = SURFACE_CURVE('',#1082,(#1086,#1093),.PCURVE_S1.);
#1082 = LINE('',#1083,#1084);
#1083 = CARTESIAN_POINT('',(653.7867965644,129.4974965644,-60.));
#1084 = VECTOR('',#1085,1.);
#1085 = DIRECTION('',(-0.707106781187,0.707106781187,0.));
#1086 = PCURVE('',#288,#1087);
#1087 = DEFINITIONAL_REPRESENTATION('',(#1088),#1092);
#1088 = LINE('',#1089,#1090);
#1089 = CARTESIAN_POINT('',(653.7867965644,139.4974965644));
#1090 = VECTOR('',#1091,1.);
#1091 = DIRECTION('',(-0.707106781187,0.707106781187));
#1092 = ( GEOMETRIC_REPRESENTATION_CONTEXT(2) 
PARAMETRIC_REPRESENTATION_CONTEXT() REPRESENTATION_CONTEXT('2D SPACE',''
  ) );
#1093 = PCURVE('',#1094,#1099);
#1094 = PLANE('',#1095);
#1095 = AXIS2_PLACEMENT_3D('',#1096,#1097,#1098);
#1096 = CARTESIAN_POINT('',(664.3933982822,140.1040982822,-45.));
#1097 = DIRECTION('',(0.5,0.5,-0.707106781187));
#1098 = DIRECTION('',(-0.707106781187,0.707106781187,1.998401444325E-15)
  );
#1099 = DEFINITIONAL_REPRESENTATION('',(#1100),#1104);
#1100 = LINE('',#1101,#1102);
#1101 = CARTESIAN_POINT('',(0.,-21.21320343559));
#1102 = VECTOR('',#1103,1.);
#1103 = DIRECTION('',(1.,0.));
#1104 = ( GEOMETRIC_REPRESENTATION_CONTEXT(2) 
PARAMETRIC_REPRESENTATION_CONTEXT() REPRESENTATION_CONTEXT('2D SPACE',''
  ) );
#1105 = ORIENTED_EDGE('',*,*,#1106,.T.);
#1106 = EDGE_CURVE('',#1079,#944,#1107,.T.);
#1107 = SURFACE_CURVE('',#1108,(#1112,#1119),.PCURVE_S1.);
#1108 = LINE('',#1109,#1110);
#1109 = CARTESIAN_POINT('',(570.7107,225.,-60.));
#1110 = VECTOR('',#1111,1.);
#1111 = DIRECTION('',(-1.,0.,0.));
#1112 = PCURVE('',#288,#1113);
#1113 = DEFINITIONAL_REPRESENTATION('',(#1114),#1118);
#1114 = LINE('',#1115,#1116);
#1115 = CARTESIAN_POINT('',(570.7107,235.));
#1116 = VECTOR('',#1117,1.);
#1117 = DIRECTION('',(-1.,0.));
#1118 = ( GEOMETRIC_REPRESENTATION_CONTEXT(2) 
PARAMETRIC_REPRESENTATION_CONTEXT() REPRESENTATION_CONTEXT('2D SPACE',''
  ) );
#1119 = PCURVE('',#959,#1120);
#1120 = DEFINITIONAL_REPRESENTATION('',(#1121),#1125);
#1121 = LINE('',#1122,#1123);
#1122 = CARTESIAN_POINT('',(0.,-21.21320343559));
#1123 = VECTOR('',#1124,1.);
#1124 = DIRECTION('',(1.,0.));
#1125 = ( GEOMETRIC_REPRESENTATION_CONTEXT(2) 
PARAMETRIC_REPRESENTATION_CONTEXT() REPRESENTATION_CONTEXT('2D SPACE',''
  ) );
#1126 = ORIENTED_EDGE('',*,*,#971,.T.);
#1127 = ADVANCED_FACE('',(#1128),#451,.F.);
#1128 = FACE_BOUND('',#1129,.F.);
#1129 = EDGE_LOOP('',(#1130,#1131,#1154,#1175,#1176,#1197,#1223,#1242));
#1130 = ORIENTED_EDGE('',*,*,#815,.F.);
#1131 = ORIENTED_EDGE('',*,*,#1132,.F.);
#1132 = EDGE_CURVE('',#1133,#793,#1135,.T.);
#1133 = VERTEX_POINT('',#1134);
#1134 = CARTESIAN_POINT('',(570.7107,255.,-30.));
#1135 = SURFACE_CURVE('',#1136,(#1140,#1147),.PCURVE_S1.);
#1136 = LINE('',#1137,#1138);
#1137 = CARTESIAN_POINT('',(570.7107,255.,-30.));
#1138 = VECTOR('',#1139,1.);
#1139 = DIRECTION('',(-1.,0.,0.));
#1140 = PCURVE('',#451,#1141);
#1141 = DEFINITIONAL_REPRESENTATION('',(#1142),#1146);
#1142 = LINE('',#1143,#1144);
#1143 = CARTESIAN_POINT('',(0.,-30.));
#1144 = VECTOR('',#1145,1.);
#1145 = DIRECTION('',(1.,0.));
#1146 = ( GEOMETRIC_REPRESENTATION_CONTEXT(2) 
PARAMETRIC_REPRESENTATION_CONTEXT() REPRESENTATION_CONTEXT('2D SPACE',''
  ) );
#1147 = PCURVE('',#959,#1148);
#1148 = DEFINITIONAL_REPRESENTATION('',(#1149),#1153);
#1149 = LINE('',#1150,#1151);
#1150 = CARTESIAN_POINT('',(0.,21.213203435596));
#1151 = VECTOR('',#1152,1.);
#1152 = DIRECTION('',(1.,0.));
#1153 = ( GEOMETRIC_REPRESENTATION_CONTEXT(2) 
PARAMETRIC_REPRESENTATION_CONTEXT() REPRESENTATION_CONTEXT('2D SPACE',''
  ) );
#1154 = ORIENTED_EDGE('',*,*,#1155,.T.);
#1155 = EDGE_CURVE('',#1133,#408,#1156,.T.);
#1156 = SURFACE_CURVE('',#1157,(#1161,#1168),.PCURVE_S1.);
#1157 = LINE('',#1158,#1159);
#1158 = CARTESIAN_POINT('',(570.7107,255.,-60.));
#1159 = VECTOR('',#1160,1.);
#1160 = DIRECTION('',(0.,0.,1.));
#1161 = PCURVE('',#451,#1162);
#1162 = DEFINITIONAL_REPRESENTATION('',(#1163),#1167);
#1163 = LINE('',#1164,#1165);
#1164 = CARTESIAN_POINT('',(0.,-0.));
#1165 = VECTOR('',#1166,1.);
#1166 = DIRECTION('',(0.,-1.));
#1167 = ( GEOMETRIC_REPRESENTATION_CONTEXT(2) 
PARAMETRIC_REPRESENTATION_CONTEXT() REPRESENTATION_CONTEXT('2D SPACE',''
  ) );
#1168 = PCURVE('',#423,#1169);
#1169 = DEFINITIONAL_REPRESENTATION('',(#1170),#1174);
#1170 = LINE('',#1171,#1172);
#1171 = CARTESIAN_POINT('',(147.48734247039,0.));
#1172 = VECTOR('',#1173,1.);
#1173 = DIRECTION('',(0.,-1.));
#1174 = ( GEOMETRIC_REPRESENTATION_CONTEXT(2) 
PARAMETRIC_REPRESENTATION_CONTEXT() REPRESENTATION_CONTEXT('2D SPACE',''
  ) );
#1175 = ORIENTED_EDGE('',*,*,#435,.T.);
#1176 = ORIENTED_EDGE('',*,*,#1177,.T.);
#1177 = EDGE_CURVE('',#436,#1178,#1180,.T.);
#1178 = VERTEX_POINT('',#1179);
#1179 = CARTESIAN_POINT('',(185.194,255.,-14.));
#1180 = SURFACE_CURVE('',#1181,(#1185,#1191),.PCURVE_S1.);
#1181 = LINE('',#1182,#1183);
#1182 = CARTESIAN_POINT('',(185.194,255.,37.119));
#1183 = VECTOR('',#1184,1.);
#1184 = DIRECTION('',(0.,0.,-1.));
#1185 = PCURVE('',#451,#1186);
#1186 = DEFINITIONAL_REPRESENTATION('',(#1187),#1190);
#1187 = B_SPLINE_CURVE_WITH_KNOTS('',1,(#1188,#1189),.UNSPECIFIED.,.F.,
  .F.,(2,2),(1.634,51.119),.PIECEWISE_BEZIER_KNOTS.);
#1188 = CARTESIAN_POINT('',(385.5167,-95.485));
#1189 = CARTESIAN_POINT('',(385.5167,-46.));
#1190 = ( GEOMETRIC_REPRESENTATION_CONTEXT(2) 
PARAMETRIC_REPRESENTATION_CONTEXT() REPRESENTATION_CONTEXT('2D SPACE',''
  ) );
#1191 = PCURVE('',#478,#1192);
#1192 = DEFINITIONAL_REPRESENTATION('',(#1193),#1196);
#1193 = B_SPLINE_CURVE_WITH_KNOTS('',1,(#1194,#1195),.UNSPECIFIED.,.F.,
  .F.,(2,2),(1.634,51.119),.PIECEWISE_BEZIER_KNOTS.);
#1194 = CARTESIAN_POINT('',(98.753,-20.));
#1195 = CARTESIAN_POINT('',(148.238,-20.));
#1196 = ( GEOMETRIC_REPRESENTATION_CONTEXT(2) 
PARAMETRIC_REPRESENTATION_CONTEXT() REPRESENTATION_CONTEXT('2D SPACE',''
  ) );
#1197 = ORIENTED_EDGE('',*,*,#1198,.F.);
#1198 = EDGE_CURVE('',#1199,#1178,#1201,.T.);
#1199 = VERTEX_POINT('',#1200);
#1200 = CARTESIAN_POINT('',(-185.194,255.,-14.));
#1201 = SURFACE_CURVE('',#1202,(#1206,#1212),.PCURVE_S1.);
#1202 = LINE('',#1203,#1204);
#1203 = CARTESIAN_POINT('',(192.75835,255.,-14.));
#1204 = VECTOR('',#1205,1.);
#1205 = DIRECTION('',(1.,0.,0.));
#1206 = PCURVE('',#451,#1207);
#1207 = DEFINITIONAL_REPRESENTATION('',(#1208),#1211);
#1208 = B_SPLINE_CURVE_WITH_KNOTS('',1,(#1209,#1210),.UNSPECIFIED.,.F.,
  .F.,(2,2),(-377.95235,-7.56435),.PIECEWISE_BEZIER_KNOTS.);
#1209 = CARTESIAN_POINT('',(755.9047,-46.));
#1210 = CARTESIAN_POINT('',(385.5167,-46.));
#1211 = ( GEOMETRIC_REPRESENTATION_CONTEXT(2) 
PARAMETRIC_REPRESENTATION_CONTEXT() REPRESENTATION_CONTEXT('2D SPACE',''
  ) );
#1212 = PCURVE('',#1213,#1218);
#1213 = PLANE('',#1214);
#1214 = AXIS2_PLACEMENT_3D('',#1215,#1216,#1217);
#1215 = CARTESIAN_POINT('',(-185.194,235.,-14.));
#1216 = DIRECTION('',(0.,0.,-1.));
#1217 = DIRECTION('',(1.,0.,0.));
#1218 = DEFINITIONAL_REPRESENTATION('',(#1219),#1222);
#1219 = B_SPLINE_CURVE_WITH_KNOTS('',1,(#1220,#1221),.UNSPECIFIED.,.F.,
  .F.,(2,2),(-377.95235,-7.56435),.PIECEWISE_BEZIER_KNOTS.);
#1220 = CARTESIAN_POINT('',(0.,-20.));
#1221 = CARTESIAN_POINT('',(370.388,-20.));
#1222 = ( GEOMETRIC_REPRESENTATION_CONTEXT(2) 
PARAMETRIC_REPRESENTATION_CONTEXT() REPRESENTATION_CONTEXT('2D SPACE',''
  ) );
#1223 = ORIENTED_EDGE('',*,*,#1224,.F.);
#1224 = EDGE_CURVE('',#742,#1199,#1225,.T.);
#1225 = SURFACE_CURVE('',#1226,(#1230,#1236),.PCURVE_S1.);
#1226 = LINE('',#1227,#1228);
#1227 = CARTESIAN_POINT('',(-185.194,255.,37.119));
#1228 = VECTOR('',#1229,1.);
#1229 = DIRECTION('',(0.,0.,-1.));
#1230 = PCURVE('',#451,#1231);
#1231 = DEFINITIONAL_REPRESENTATION('',(#1232),#1235);
#1232 = B_SPLINE_CURVE_WITH_KNOTS('',1,(#1233,#1234),.UNSPECIFIED.,.F.,
  .F.,(2,2),(1.634,51.119),.PIECEWISE_BEZIER_KNOTS.);
#1233 = CARTESIAN_POINT('',(755.9047,-95.485));
#1234 = CARTESIAN_POINT('',(755.9047,-46.));
#1235 = ( GEOMETRIC_REPRESENTATION_CONTEXT(2) 
PARAMETRIC_REPRESENTATION_CONTEXT() REPRESENTATION_CONTEXT('2D SPACE',''
  ) );
#1236 = PCURVE('',#756,#1237);
#1237 = DEFINITIONAL_REPRESENTATION('',(#1238),#1241);
#1238 = B_SPLINE_CURVE_WITH_KNOTS('',1,(#1239,#1240),.UNSPECIFIED.,.F.,
  .F.,(2,2),(1.634,51.119),.PIECEWISE_BEZIER_KNOTS.);
#1239 = CARTESIAN_POINT('',(98.753,-20.));
#1240 = CARTESIAN_POINT('',(148.238,-20.));
#1241 = ( GEOMETRIC_REPRESENTATION_CONTEXT(2) 
PARAMETRIC_REPRESENTATION_CONTEXT() REPRESENTATION_CONTEXT('2D SPACE',''
  ) );
#1242 = ORIENTED_EDGE('',*,*,#767,.T.);
#1243 = ADVANCED_FACE('',(#1244),#756,.F.);
#1244 = FACE_BOUND('',#1245,.F.);
#1245 = EDGE_LOOP('',(#1246,#1276,#1302,#1321,#1322,#1323));
#1246 = ORIENTED_EDGE('',*,*,#1247,.F.);
#1247 = EDGE_CURVE('',#1248,#1250,#1252,.T.);
#1248 = VERTEX_POINT('',#1249);
#1249 = CARTESIAN_POINT('',(-185.194,235.,134.23));
#1250 = VERTEX_POINT('',#1251);
#1251 = CARTESIAN_POINT('',(-185.194,235.,-14.));
#1252 = SURFACE_CURVE('',#1253,(#1257,#1264),.PCURVE_S1.);
#1253 = LINE('',#1254,#1255);
#1254 = CARTESIAN_POINT('',(-185.194,235.,60.119));
#1255 = VECTOR('',#1256,1.);
#1256 = DIRECTION('',(0.,0.,-1.));
#1257 = PCURVE('',#756,#1258);
#1258 = DEFINITIONAL_REPRESENTATION('',(#1259),#1263);
#1259 = LINE('',#1260,#1261);
#1260 = CARTESIAN_POINT('',(74.119,0.));
#1261 = VECTOR('',#1262,1.);
#1262 = DIRECTION('',(1.,0.));
#1263 = ( GEOMETRIC_REPRESENTATION_CONTEXT(2) 
PARAMETRIC_REPRESENTATION_CONTEXT() REPRESENTATION_CONTEXT('2D SPACE',''
  ) );
#1264 = PCURVE('',#1265,#1270);
#1265 = PLANE('',#1266);
#1266 = AXIS2_PLACEMENT_3D('',#1267,#1268,#1269);
#1267 = CARTESIAN_POINT('',(562.4264,235.,134.238));
#1268 = DIRECTION('',(0.,1.,-0.));
#1269 = DIRECTION('',(-1.,0.,0.));
#1270 = DEFINITIONAL_REPRESENTATION('',(#1271),#1275);
#1271 = LINE('',#1272,#1273);
#1272 = CARTESIAN_POINT('',(747.6204,-74.119));
#1273 = VECTOR('',#1274,1.);
#1274 = DIRECTION('',(0.,-1.));
#1275 = ( GEOMETRIC_REPRESENTATION_CONTEXT(2) 
PARAMETRIC_REPRESENTATION_CONTEXT() REPRESENTATION_CONTEXT('2D SPACE',''
  ) );
#1276 = ORIENTED_EDGE('',*,*,#1277,.F.);
#1277 = EDGE_CURVE('',#1278,#1248,#1280,.T.);
#1278 = VERTEX_POINT('',#1279);
#1279 = CARTESIAN_POINT('',(-185.194,245.,134.23));
#1280 = SURFACE_CURVE('',#1281,(#1285,#1291),.PCURVE_S1.);
#1281 = LINE('',#1282,#1283);
#1282 = CARTESIAN_POINT('',(-185.194,112.5,134.23));
#1283 = VECTOR('',#1284,1.);
#1284 = DIRECTION('',(-0.,-1.,0.));
#1285 = PCURVE('',#756,#1286);
#1286 = DEFINITIONAL_REPRESENTATION('',(#1287),#1290);
#1287 = B_SPLINE_CURVE_WITH_KNOTS('',1,(#1288,#1289),.UNSPECIFIED.,.F.,
  .F.,(2,2),(-132.5,-122.5),.PIECEWISE_BEZIER_KNOTS.);
#1288 = CARTESIAN_POINT('',(8.00000000001E-03,-10.));
#1289 = CARTESIAN_POINT('',(8.00000000001E-03,0.));
#1290 = ( GEOMETRIC_REPRESENTATION_CONTEXT(2) 
PARAMETRIC_REPRESENTATION_CONTEXT() REPRESENTATION_CONTEXT('2D SPACE',''
  ) );
#1291 = PCURVE('',#1292,#1297);
#1292 = PLANE('',#1293);
#1293 = AXIS2_PLACEMENT_3D('',#1294,#1295,#1296);
#1294 = CARTESIAN_POINT('',(8.278399408945E-15,-10.,134.23));
#1295 = DIRECTION('',(0.,0.,1.));
#1296 = DIRECTION('',(1.,0.,0.));
#1297 = DEFINITIONAL_REPRESENTATION('',(#1298),#1301);
#1298 = B_SPLINE_CURVE_WITH_KNOTS('',1,(#1299,#1300),.UNSPECIFIED.,.F.,
  .F.,(2,2),(-132.5,-122.5),.PIECEWISE_BEZIER_KNOTS.);
#1299 = CARTESIAN_POINT('',(-185.194,255.));
#1300 = CARTESIAN_POINT('',(-185.194,245.));
#1301 = ( GEOMETRIC_REPRESENTATION_CONTEXT(2) 
PARAMETRIC_REPRESENTATION_CONTEXT() REPRESENTATION_CONTEXT('2D SPACE',''
  ) );
#1302 = ORIENTED_EDGE('',*,*,#1303,.F.);
#1303 = EDGE_CURVE('',#714,#1278,#1304,.T.);
#1304 = SURFACE_CURVE('',#1305,(#1309,#1315),.PCURVE_S1.);
#1305 = LINE('',#1306,#1307);
#1306 = CARTESIAN_POINT('',(-185.194,245.,134.234));
#1307 = VECTOR('',#1308,1.);
#1308 = DIRECTION('',(0.,0.,1.));
#1309 = PCURVE('',#756,#1310);
#1310 = DEFINITIONAL_REPRESENTATION('',(#1311),#1314);
#1311 = B_SPLINE_CURVE_WITH_KNOTS('',1,(#1312,#1313),.UNSPECIFIED.,.F.,
  .F.,(2,2),(-98.749,-3.999999999991E-03),.PIECEWISE_BEZIER_KNOTS.);
#1312 = CARTESIAN_POINT('',(98.753,-10.));
#1313 = CARTESIAN_POINT('',(8.00000000001E-03,-10.));
#1314 = ( GEOMETRIC_REPRESENTATION_CONTEXT(2) 
PARAMETRIC_REPRESENTATION_CONTEXT() REPRESENTATION_CONTEXT('2D SPACE',''
  ) );
#1315 = PCURVE('',#729,#1316);
#1316 = DEFINITIONAL_REPRESENTATION('',(#1317),#1320);
#1317 = B_SPLINE_CURVE_WITH_KNOTS('',1,(#1318,#1319),.UNSPECIFIED.,.F.,
  .F.,(2,2),(-98.749,-3.999999999991E-03),.PIECEWISE_BEZIER_KNOTS.);
#1318 = CARTESIAN_POINT('',(751.76256437626,-98.745));
#1319 = CARTESIAN_POINT('',(751.76256437626,0.));
#1320 = ( GEOMETRIC_REPRESENTATION_CONTEXT(2) 
PARAMETRIC_REPRESENTATION_CONTEXT() REPRESENTATION_CONTEXT('2D SPACE',''
  ) );
#1321 = ORIENTED_EDGE('',*,*,#741,.F.);
#1322 = ORIENTED_EDGE('',*,*,#1224,.T.);
#1323 = ORIENTED_EDGE('',*,*,#1324,.F.);
#1324 = EDGE_CURVE('',#1250,#1199,#1325,.T.);
#1325 = SURFACE_CURVE('',#1326,(#1330,#1337),.PCURVE_S1.);
#1326 = LINE('',#1327,#1328);
#1327 = CARTESIAN_POINT('',(-185.194,235.,-14.));
#1328 = VECTOR('',#1329,1.);
#1329 = DIRECTION('',(-0.,1.,0.));
#1330 = PCURVE('',#756,#1331);
#1331 = DEFINITIONAL_REPRESENTATION('',(#1332),#1336);
#1332 = LINE('',#1333,#1334);
#1333 = CARTESIAN_POINT('',(148.238,0.));
#1334 = VECTOR('',#1335,1.);
#1335 = DIRECTION('',(0.,-1.));
#1336 = ( GEOMETRIC_REPRESENTATION_CONTEXT(2) 
PARAMETRIC_REPRESENTATION_CONTEXT() REPRESENTATION_CONTEXT('2D SPACE',''
  ) );
#1337 = PCURVE('',#1213,#1338);
#1338 = DEFINITIONAL_REPRESENTATION('',(#1339),#1343);
#1339 = LINE('',#1340,#1341);
#1340 = CARTESIAN_POINT('',(0.,0.));
#1341 = VECTOR('',#1342,1.);
#1342 = DIRECTION('',(0.,-1.));
#1343 = ( GEOMETRIC_REPRESENTATION_CONTEXT(2) 
PARAMETRIC_REPRESENTATION_CONTEXT() REPRESENTATION_CONTEXT('2D SPACE',''
  ) );
#1344 = ADVANCED_FACE('',(#1345),#729,.T.);
#1345 = FACE_BOUND('',#1346,.T.);
#1346 = EDGE_LOOP('',(#1347,#1370,#1371,#1372));
#1347 = ORIENTED_EDGE('',*,*,#1348,.F.);
#1348 = EDGE_CURVE('',#1278,#1349,#1351,.T.);
#1349 = VERTEX_POINT('',#1350);
#1350 = CARTESIAN_POINT('',(-566.5685643762,245.,134.23));
#1351 = SURFACE_CURVE('',#1352,(#1356,#1363),.PCURVE_S1.);
#1352 = LINE('',#1353,#1354);
#1353 = CARTESIAN_POINT('',(570.7107,245.,134.23));
#1354 = VECTOR('',#1355,1.);
#1355 = DIRECTION('',(-1.,0.,0.));
#1356 = PCURVE('',#729,#1357);
#1357 = DEFINITIONAL_REPRESENTATION('',(#1358),#1362);
#1358 = LINE('',#1359,#1360);
#1359 = CARTESIAN_POINT('',(-4.142135623731,0.));
#1360 = VECTOR('',#1361,1.);
#1361 = DIRECTION('',(1.,0.));
#1362 = ( GEOMETRIC_REPRESENTATION_CONTEXT(2) 
PARAMETRIC_REPRESENTATION_CONTEXT() REPRESENTATION_CONTEXT('2D SPACE',''
  ) );
#1363 = PCURVE('',#1292,#1364);
#1364 = DEFINITIONAL_REPRESENTATION('',(#1365),#1369);
#1365 = LINE('',#1366,#1367);
#1366 = CARTESIAN_POINT('',(570.7107,255.));
#1367 = VECTOR('',#1368,1.);
#1368 = DIRECTION('',(-1.,0.));
#1369 = ( GEOMETRIC_REPRESENTATION_CONTEXT(2) 
PARAMETRIC_REPRESENTATION_CONTEXT() REPRESENTATION_CONTEXT('2D SPACE',''
  ) );
#1370 = ORIENTED_EDGE('',*,*,#1303,.F.);
#1371 = ORIENTED_EDGE('',*,*,#713,.T.);
#1372 = ORIENTED_EDGE('',*,*,#1373,.F.);
#1373 = EDGE_CURVE('',#1349,#686,#1374,.T.);
#1374 = SURFACE_CURVE('',#1375,(#1379,#1386),.PCURVE_S1.);
#1375 = LINE('',#1376,#1377);
#1376 = CARTESIAN_POINT('',(-566.5685643762,245.,134.23));
#1377 = VECTOR('',#1378,1.);
#1378 = DIRECTION('',(-0.,-0.,-1.));
#1379 = PCURVE('',#729,#1380);
#1380 = DEFINITIONAL_REPRESENTATION('',(#1381),#1385);
#1381 = LINE('',#1382,#1383);
#1382 = CARTESIAN_POINT('',(1.133137128753E+03,0.));
#1383 = VECTOR('',#1384,1.);
#1384 = DIRECTION('',(0.,-1.));
#1385 = ( GEOMETRIC_REPRESENTATION_CONTEXT(2) 
PARAMETRIC_REPRESENTATION_CONTEXT() REPRESENTATION_CONTEXT('2D SPACE',''
  ) );
#1386 = PCURVE('',#701,#1387);
#1387 = DEFINITIONAL_REPRESENTATION('',(#1388),#1392);
#1388 = LINE('',#1389,#1390);
#1389 = CARTESIAN_POINT('',(-4.01943669423E-14,0.));
#1390 = VECTOR('',#1391,1.);
#1391 = DIRECTION('',(0.,-1.));
#1392 = ( GEOMETRIC_REPRESENTATION_CONTEXT(2) 
PARAMETRIC_REPRESENTATION_CONTEXT() REPRESENTATION_CONTEXT('2D SPACE',''
  ) );
#1393 = ADVANCED_FACE('',(#1394),#701,.T.);
#1394 = FACE_BOUND('',#1395,.T.);
#1395 = EDGE_LOOP('',(#1396,#1397,#1398,#1421));
#1396 = ORIENTED_EDGE('',*,*,#1373,.T.);
#1397 = ORIENTED_EDGE('',*,*,#685,.T.);
#1398 = ORIENTED_EDGE('',*,*,#1399,.F.);
#1399 = EDGE_CURVE('',#1400,#658,#1402,.T.);
#1400 = VERTEX_POINT('',#1401);
#1401 = CARTESIAN_POINT('',(-665.,146.56856437626,134.23));
#1402 = SURFACE_CURVE('',#1403,(#1407,#1414),.PCURVE_S1.);
#1403 = LINE('',#1404,#1405);
#1404 = CARTESIAN_POINT('',(-665.,146.56856437626,134.23));
#1405 = VECTOR('',#1406,1.);
#1406 = DIRECTION('',(-0.,-0.,-1.));
#1407 = PCURVE('',#701,#1408);
#1408 = DEFINITIONAL_REPRESENTATION('',(#1409),#1413);
#1409 = LINE('',#1410,#1411);
#1410 = CARTESIAN_POINT('',(139.20307122293,0.));
#1411 = VECTOR('',#1412,1.);
#1412 = DIRECTION('',(0.,-1.));
#1413 = ( GEOMETRIC_REPRESENTATION_CONTEXT(2) 
PARAMETRIC_REPRESENTATION_CONTEXT() REPRESENTATION_CONTEXT('2D SPACE',''
  ) );
#1414 = PCURVE('',#673,#1415);
#1415 = DEFINITIONAL_REPRESENTATION('',(#1416),#1420);
#1416 = LINE('',#1417,#1418);
#1417 = CARTESIAN_POINT('',(0.,0.));
#1418 = VECTOR('',#1419,1.);
#1419 = DIRECTION('',(0.,-1.));
#1420 = ( GEOMETRIC_REPRESENTATION_CONTEXT(2) 
PARAMETRIC_REPRESENTATION_CONTEXT() REPRESENTATION_CONTEXT('2D SPACE',''
  ) );
#1421 = ORIENTED_EDGE('',*,*,#1422,.F.);
#1422 = EDGE_CURVE('',#1349,#1400,#1423,.T.);
#1423 = SURFACE_CURVE('',#1424,(#1428,#1435),.PCURVE_S1.);
#1424 = LINE('',#1425,#1426);
#1425 = CARTESIAN_POINT('',(-563.6396321881,247.92893218813,134.23));
#1426 = VECTOR('',#1427,1.);
#1427 = DIRECTION('',(-0.707106781187,-0.707106781187,0.));
#1428 = PCURVE('',#701,#1429);
#1429 = DEFINITIONAL_REPRESENTATION('',(#1430),#1434);
#1430 = LINE('',#1431,#1432);
#1431 = CARTESIAN_POINT('',(-4.142135623731,0.));
#1432 = VECTOR('',#1433,1.);
#1433 = DIRECTION('',(1.,0.));
#1434 = ( GEOMETRIC_REPRESENTATION_CONTEXT(2) 
PARAMETRIC_REPRESENTATION_CONTEXT() REPRESENTATION_CONTEXT('2D SPACE',''
  ) );
#1435 = PCURVE('',#1292,#1436);
#1436 = DEFINITIONAL_REPRESENTATION('',(#1437),#1441);
#1437 = LINE('',#1438,#1439);
#1438 = CARTESIAN_POINT('',(-563.6396321881,257.92893218813));
#1439 = VECTOR('',#1440,1.);
#1440 = DIRECTION('',(-0.707106781187,-0.707106781187));
#1441 = ( GEOMETRIC_REPRESENTATION_CONTEXT(2) 
PARAMETRIC_REPRESENTATION_CONTEXT() REPRESENTATION_CONTEXT('2D SPACE',''
  ) );
#1442 = ADVANCED_FACE('',(#1443),#673,.T.);
#1443 = FACE_BOUND('',#1444,.T.);
#1444 = EDGE_LOOP('',(#1445,#1446,#1447,#1470));
#1445 = ORIENTED_EDGE('',*,*,#1399,.T.);
#1446 = ORIENTED_EDGE('',*,*,#657,.T.);
#1447 = ORIENTED_EDGE('',*,*,#1448,.F.);
#1448 = EDGE_CURVE('',#1449,#630,#1451,.T.);
#1449 = VERTEX_POINT('',#1450);
#1450 = CARTESIAN_POINT('',(-665.,-166.5685643762,134.23));
#1451 = SURFACE_CURVE('',#1452,(#1456,#1463),.PCURVE_S1.);
#1452 = LINE('',#1453,#1454);
#1453 = CARTESIAN_POINT('',(-665.,-166.5685643762,134.23));
#1454 = VECTOR('',#1455,1.);
#1455 = DIRECTION('',(-0.,-0.,-1.));
#1456 = PCURVE('',#673,#1457);
#1457 = DEFINITIONAL_REPRESENTATION('',(#1458),#1462);
#1458 = LINE('',#1459,#1460);
#1459 = CARTESIAN_POINT('',(313.13712875253,0.));
#1460 = VECTOR('',#1461,1.);
#1461 = DIRECTION('',(0.,-1.));
#1462 = ( GEOMETRIC_REPRESENTATION_CONTEXT(2) 
PARAMETRIC_REPRESENTATION_CONTEXT() REPRESENTATION_CONTEXT('2D SPACE',''
  ) );
#1463 = PCURVE('',#645,#1464);
#1464 = DEFINITIONAL_REPRESENTATION('',(#1465),#1469);
#1465 = LINE('',#1466,#1467);
#1466 = CARTESIAN_POINT('',(0.,0.));
#1467 = VECTOR('',#1468,1.);
#1468 = DIRECTION('',(0.,-1.));
#1469 = ( GEOMETRIC_REPRESENTATION_CONTEXT(2) 
PARAMETRIC_REPRESENTATION_CONTEXT() REPRESENTATION_CONTEXT('2D SPACE',''
  ) );
#1470 = ORIENTED_EDGE('',*,*,#1471,.F.);
#1471 = EDGE_CURVE('',#1400,#1449,#1472,.T.);
#1472 = SURFACE_CURVE('',#1473,(#1477,#1484),.PCURVE_S1.);
#1473 = LINE('',#1474,#1475);
#1474 = CARTESIAN_POINT('',(-665.,150.7107,134.23));
#1475 = VECTOR('',#1476,1.);
#1476 = DIRECTION('',(0.,-1.,0.));
#1477 = PCURVE('',#673,#1478);
#1478 = DEFINITIONAL_REPRESENTATION('',(#1479),#1483);
#1479 = LINE('',#1480,#1481);
#1480 = CARTESIAN_POINT('',(-4.142135623731,0.));
#1481 = VECTOR('',#1482,1.);
#1482 = DIRECTION('',(1.,0.));
#1483 = ( GEOMETRIC_REPRESENTATION_CONTEXT(2) 
PARAMETRIC_REPRESENTATION_CONTEXT() REPRESENTATION_CONTEXT('2D SPACE',''
  ) );
#1484 = PCURVE('',#1292,#1485);
#1485 = DEFINITIONAL_REPRESENTATION('',(#1486),#1490);
#1486 = LINE('',#1487,#1488);
#1487 = CARTESIAN_POINT('',(-665.,160.7107));
#1488 = VECTOR('',#1489,1.);
#1489 = DIRECTION('',(0.,-1.));
#1490 = ( GEOMETRIC_REPRESENTATION_CONTEXT(2) 
PARAMETRIC_REPRESENTATION_CONTEXT() REPRESENTATION_CONTEXT('2D SPACE',''
  ) );
#1491 = ADVANCED_FACE('',(#1492),#645,.T.);
#1492 = FACE_BOUND('',#1493,.T.);
#1493 = EDGE_LOOP('',(#1494,#1495,#1496,#1519));
#1494 = ORIENTED_EDGE('',*,*,#1448,.T.);
#1495 = ORIENTED_EDGE('',*,*,#629,.T.);
#1496 = ORIENTED_EDGE('',*,*,#1497,.F.);
#1497 = EDGE_CURVE('',#1498,#602,#1500,.T.);
#1498 = VERTEX_POINT('',#1499);
#1499 = CARTESIAN_POINT('',(-566.5685643762,-265.,134.23));
#1500 = SURFACE_CURVE('',#1501,(#1505,#1512),.PCURVE_S1.);
#1501 = LINE('',#1502,#1503);
#1502 = CARTESIAN_POINT('',(-566.5685643762,-265.,134.23));
#1503 = VECTOR('',#1504,1.);
#1504 = DIRECTION('',(-0.,-0.,-1.));
#1505 = PCURVE('',#645,#1506);
#1506 = DEFINITIONAL_REPRESENTATION('',(#1507),#1511);
#1507 = LINE('',#1508,#1509);
#1508 = CARTESIAN_POINT('',(139.20307122293,0.));
#1509 = VECTOR('',#1510,1.);
#1510 = DIRECTION('',(0.,-1.));
#1511 = ( GEOMETRIC_REPRESENTATION_CONTEXT(2) 
PARAMETRIC_REPRESENTATION_CONTEXT() REPRESENTATION_CONTEXT('2D SPACE',''
  ) );
#1512 = PCURVE('',#617,#1513);
#1513 = DEFINITIONAL_REPRESENTATION('',(#1514),#1518);
#1514 = LINE('',#1515,#1516);
#1515 = CARTESIAN_POINT('',(0.,0.));
#1516 = VECTOR('',#1517,1.);
#1517 = DIRECTION('',(0.,-1.));
#1518 = ( GEOMETRIC_REPRESENTATION_CONTEXT(2) 
PARAMETRIC_REPRESENTATION_CONTEXT() REPRESENTATION_CONTEXT('2D SPACE',''
  ) );
#1519 = ORIENTED_EDGE('',*,*,#1520,.F.);
#1520 = EDGE_CURVE('',#1449,#1498,#1521,.T.);
#1521 = SURFACE_CURVE('',#1522,(#1526,#1533),.PCURVE_S1.);
#1522 = LINE('',#1523,#1524);
#1523 = CARTESIAN_POINT('',(-667.9289321881,-163.6396321881,134.23));
#1524 = VECTOR('',#1525,1.);
#1525 = DIRECTION('',(0.707106781187,-0.707106781187,0.));
#1526 = PCURVE('',#645,#1527);
#1527 = DEFINITIONAL_REPRESENTATION('',(#1528),#1532);
#1528 = LINE('',#1529,#1530);
#1529 = CARTESIAN_POINT('',(-4.142135623731,0.));
#1530 = VECTOR('',#1531,1.);
#1531 = DIRECTION('',(1.,0.));
#1532 = ( GEOMETRIC_REPRESENTATION_CONTEXT(2) 
PARAMETRIC_REPRESENTATION_CONTEXT() REPRESENTATION_CONTEXT('2D SPACE',''
  ) );
#1533 = PCURVE('',#1292,#1534);
#1534 = DEFINITIONAL_REPRESENTATION('',(#1535),#1539);
#1535 = LINE('',#1536,#1537);
#1536 = CARTESIAN_POINT('',(-667.9289321881,-153.6396321881));
#1537 = VECTOR('',#1538,1.);
#1538 = DIRECTION('',(0.707106781187,-0.707106781187));
#1539 = ( GEOMETRIC_REPRESENTATION_CONTEXT(2) 
PARAMETRIC_REPRESENTATION_CONTEXT() REPRESENTATION_CONTEXT('2D SPACE',''
  ) );
#1540 = ADVANCED_FACE('',(#1541),#617,.T.);
#1541 = FACE_BOUND('',#1542,.T.);
#1542 = EDGE_LOOP('',(#1543,#1544,#1545,#1568));
#1543 = ORIENTED_EDGE('',*,*,#1497,.T.);
#1544 = ORIENTED_EDGE('',*,*,#601,.T.);
#1545 = ORIENTED_EDGE('',*,*,#1546,.F.);
#1546 = EDGE_CURVE('',#1547,#574,#1549,.T.);
#1547 = VERTEX_POINT('',#1548);
#1548 = CARTESIAN_POINT('',(566.56856437626,-265.,134.23));
#1549 = SURFACE_CURVE('',#1550,(#1554,#1561),.PCURVE_S1.);
#1550 = LINE('',#1551,#1552);
#1551 = CARTESIAN_POINT('',(566.56856437626,-265.,134.23));
#1552 = VECTOR('',#1553,1.);
#1553 = DIRECTION('',(-0.,-0.,-1.));
#1554 = PCURVE('',#617,#1555);
#1555 = DEFINITIONAL_REPRESENTATION('',(#1556),#1560);
#1556 = LINE('',#1557,#1558);
#1557 = CARTESIAN_POINT('',(1.133137128753E+03,0.));
#1558 = VECTOR('',#1559,1.);
#1559 = DIRECTION('',(0.,-1.));
#1560 = ( GEOMETRIC_REPRESENTATION_CONTEXT(2) 
PARAMETRIC_REPRESENTATION_CONTEXT() REPRESENTATION_CONTEXT('2D SPACE',''
  ) );
#1561 = PCURVE('',#589,#1562);
#1562 = DEFINITIONAL_REPRESENTATION('',(#1563),#1567);
#1563 = LINE('',#1564,#1565);
#1564 = CARTESIAN_POINT('',(-4.01943669423E-14,0.));
#1565 = VECTOR('',#1566,1.);
#1566 = DIRECTION('',(0.,-1.));
#1567 = ( GEOMETRIC_REPRESENTATION_CONTEXT(2) 
PARAMETRIC_REPRESENTATION_CONTEXT() REPRESENTATION_CONTEXT('2D SPACE',''
  ) );
#1568 = ORIENTED_EDGE('',*,*,#1569,.F.);
#1569 = EDGE_CURVE('',#1498,#1547,#1570,.T.);
#1570 = SURFACE_CURVE('',#1571,(#1575,#1582),.PCURVE_S1.);
#1571 = LINE('',#1572,#1573);
#1572 = CARTESIAN_POINT('',(-570.7107,-265.,134.23));
#1573 = VECTOR('',#1574,1.);
#1574 = DIRECTION('',(1.,0.,0.));
#1575 = PCURVE('',#617,#1576);
#1576 = DEFINITIONAL_REPRESENTATION('',(#1577),#1581);
#1577 = LINE('',#1578,#1579);
#1578 = CARTESIAN_POINT('',(-4.142135623731,0.));
#1579 = VECTOR('',#1580,1.);
#1580 = DIRECTION('',(1.,0.));
#1581 = ( GEOMETRIC_REPRESENTATION_CONTEXT(2) 
PARAMETRIC_REPRESENTATION_CONTEXT() REPRESENTATION_CONTEXT('2D SPACE',''
  ) );
#1582 = PCURVE('',#1292,#1583);
#1583 = DEFINITIONAL_REPRESENTATION('',(#1584),#1588);
#1584 = LINE('',#1585,#1586);
#1585 = CARTESIAN_POINT('',(-570.7107,-255.));
#1586 = VECTOR('',#1587,1.);
#1587 = DIRECTION('',(1.,0.));
#1588 = ( GEOMETRIC_REPRESENTATION_CONTEXT(2) 
PARAMETRIC_REPRESENTATION_CONTEXT() REPRESENTATION_CONTEXT('2D SPACE',''
  ) );
#1589 = ADVANCED_FACE('',(#1590),#589,.T.);
#1590 = FACE_BOUND('',#1591,.T.);
#1591 = EDGE_LOOP('',(#1592,#1593,#1594,#1617));
#1592 = ORIENTED_EDGE('',*,*,#1546,.T.);
#1593 = ORIENTED_EDGE('',*,*,#573,.T.);
#1594 = ORIENTED_EDGE('',*,*,#1595,.F.);
#1595 = EDGE_CURVE('',#1596,#546,#1598,.T.);
#1596 = VERTEX_POINT('',#1597);
#1597 = CARTESIAN_POINT('',(665.,-166.5685643762,134.23));
#1598 = SURFACE_CURVE('',#1599,(#1603,#1610),.PCURVE_S1.);
#1599 = LINE('',#1600,#1601);
#1600 = CARTESIAN_POINT('',(665.,-166.5685643762,134.23));
#1601 = VECTOR('',#1602,1.);
#1602 = DIRECTION('',(-0.,-0.,-1.));
#1603 = PCURVE('',#589,#1604);
#1604 = DEFINITIONAL_REPRESENTATION('',(#1605),#1609);
#1605 = LINE('',#1606,#1607);
#1606 = CARTESIAN_POINT('',(139.20307122293,0.));
#1607 = VECTOR('',#1608,1.);
#1608 = DIRECTION('',(0.,-1.));
#1609 = ( GEOMETRIC_REPRESENTATION_CONTEXT(2) 
PARAMETRIC_REPRESENTATION_CONTEXT() REPRESENTATION_CONTEXT('2D SPACE',''
  ) );
#1610 = PCURVE('',#561,#1611);
#1611 = DEFINITIONAL_REPRESENTATION('',(#1612),#1616);
#1612 = LINE('',#1613,#1614);
#1613 = CARTESIAN_POINT('',(-2.84217094304E-14,0.));
#1614 = VECTOR('',#1615,1.);
#1615 = DIRECTION('',(0.,-1.));
#1616 = ( GEOMETRIC_REPRESENTATION_CONTEXT(2) 
PARAMETRIC_REPRESENTATION_CONTEXT() REPRESENTATION_CONTEXT('2D SPACE',''
  ) );
#1617 = ORIENTED_EDGE('',*,*,#1618,.F.);
#1618 = EDGE_CURVE('',#1547,#1596,#1619,.T.);
#1619 = SURFACE_CURVE('',#1620,(#1624,#1631),.PCURVE_S1.);
#1620 = LINE('',#1621,#1622);
#1621 = CARTESIAN_POINT('',(563.63963218813,-267.9289321881,134.23));
#1622 = VECTOR('',#1623,1.);
#1623 = DIRECTION('',(0.707106781187,0.707106781187,0.));
#1624 = PCURVE('',#589,#1625);
#1625 = DEFINITIONAL_REPRESENTATION('',(#1626),#1630);
#1626 = LINE('',#1627,#1628);
#1627 = CARTESIAN_POINT('',(-4.142135623731,0.));
#1628 = VECTOR('',#1629,1.);
#1629 = DIRECTION('',(1.,0.));
#1630 = ( GEOMETRIC_REPRESENTATION_CONTEXT(2) 
PARAMETRIC_REPRESENTATION_CONTEXT() REPRESENTATION_CONTEXT('2D SPACE',''
  ) );
#1631 = PCURVE('',#1292,#1632);
#1632 = DEFINITIONAL_REPRESENTATION('',(#1633),#1637);
#1633 = LINE('',#1634,#1635);
#1634 = CARTESIAN_POINT('',(563.63963218813,-257.9289321881));
#1635 = VECTOR('',#1636,1.);
#1636 = DIRECTION('',(0.707106781187,0.707106781187));
#1637 = ( GEOMETRIC_REPRESENTATION_CONTEXT(2) 
PARAMETRIC_REPRESENTATION_CONTEXT() REPRESENTATION_CONTEXT('2D SPACE',''
  ) );
#1638 = ADVANCED_FACE('',(#1639),#561,.T.);
#1639 = FACE_BOUND('',#1640,.T.);
#1640 = EDGE_LOOP('',(#1641,#1642,#1643,#1666));
#1641 = ORIENTED_EDGE('',*,*,#1595,.T.);
#1642 = ORIENTED_EDGE('',*,*,#545,.T.);
#1643 = ORIENTED_EDGE('',*,*,#1644,.F.);
#1644 = EDGE_CURVE('',#1645,#518,#1647,.T.);
#1645 = VERTEX_POINT('',#1646);
#1646 = CARTESIAN_POINT('',(665.,146.56856437626,134.23));
#1647 = SURFACE_CURVE('',#1648,(#1652,#1659),.PCURVE_S1.);
#1648 = LINE('',#1649,#1650);
#1649 = CARTESIAN_POINT('',(665.,146.56856437626,134.23));
#1650 = VECTOR('',#1651,1.);
#1651 = DIRECTION('',(-0.,-0.,-1.));
#1652 = PCURVE('',#561,#1653);
#1653 = DEFINITIONAL_REPRESENTATION('',(#1654),#1658);
#1654 = LINE('',#1655,#1656);
#1655 = CARTESIAN_POINT('',(313.13712875253,0.));
#1656 = VECTOR('',#1657,1.);
#1657 = DIRECTION('',(0.,-1.));
#1658 = ( GEOMETRIC_REPRESENTATION_CONTEXT(2) 
PARAMETRIC_REPRESENTATION_CONTEXT() REPRESENTATION_CONTEXT('2D SPACE',''
  ) );
#1659 = PCURVE('',#533,#1660);
#1660 = DEFINITIONAL_REPRESENTATION('',(#1661),#1665);
#1661 = LINE('',#1662,#1663);
#1662 = CARTESIAN_POINT('',(0.,0.));
#1663 = VECTOR('',#1664,1.);
#1664 = DIRECTION('',(0.,-1.));
#1665 = ( GEOMETRIC_REPRESENTATION_CONTEXT(2) 
PARAMETRIC_REPRESENTATION_CONTEXT() REPRESENTATION_CONTEXT('2D SPACE',''
  ) );
#1666 = ORIENTED_EDGE('',*,*,#1667,.F.);
#1667 = EDGE_CURVE('',#1596,#1645,#1668,.T.);
#1668 = SURFACE_CURVE('',#1669,(#1673,#1680),.PCURVE_S1.);
#1669 = LINE('',#1670,#1671);
#1670 = CARTESIAN_POINT('',(665.,-170.7107,134.23));
#1671 = VECTOR('',#1672,1.);
#1672 = DIRECTION('',(0.,1.,0.));
#1673 = PCURVE('',#561,#1674);
#1674 = DEFINITIONAL_REPRESENTATION('',(#1675),#1679);
#1675 = LINE('',#1676,#1677);
#1676 = CARTESIAN_POINT('',(-4.142135623731,0.));
#1677 = VECTOR('',#1678,1.);
#1678 = DIRECTION('',(1.,0.));
#1679 = ( GEOMETRIC_REPRESENTATION_CONTEXT(2) 
PARAMETRIC_REPRESENTATION_CONTEXT() REPRESENTATION_CONTEXT('2D SPACE',''
  ) );
#1680 = PCURVE('',#1292,#1681);
#1681 = DEFINITIONAL_REPRESENTATION('',(#1682),#1686);
#1682 = LINE('',#1683,#1684);
#1683 = CARTESIAN_POINT('',(665.,-160.7107));
#1684 = VECTOR('',#1685,1.);
#1685 = DIRECTION('',(0.,1.));
#1686 = ( GEOMETRIC_REPRESENTATION_CONTEXT(2) 
PARAMETRIC_REPRESENTATION_CONTEXT() REPRESENTATION_CONTEXT('2D SPACE',''
  ) );
#1687 = ADVANCED_FACE('',(#1688),#533,.T.);
#1688 = FACE_BOUND('',#1689,.T.);
#1689 = EDGE_LOOP('',(#1690,#1691,#1692,#1715));
#1690 = ORIENTED_EDGE('',*,*,#1644,.T.);
#1691 = ORIENTED_EDGE('',*,*,#517,.T.);
#1692 = ORIENTED_EDGE('',*,*,#1693,.F.);
#1693 = EDGE_CURVE('',#1694,#490,#1696,.T.);
#1694 = VERTEX_POINT('',#1695);
#1695 = CARTESIAN_POINT('',(566.56856437626,245.,134.23));
#1696 = SURFACE_CURVE('',#1697,(#1701,#1708),.PCURVE_S1.);
#1697 = LINE('',#1698,#1699);
#1698 = CARTESIAN_POINT('',(566.56856437626,245.,134.23));
#1699 = VECTOR('',#1700,1.);
#1700 = DIRECTION('',(-0.,-0.,-1.));
#1701 = PCURVE('',#533,#1702);
#1702 = DEFINITIONAL_REPRESENTATION('',(#1703),#1707);
#1703 = LINE('',#1704,#1705);
#1704 = CARTESIAN_POINT('',(139.20307122293,0.));
#1705 = VECTOR('',#1706,1.);
#1706 = DIRECTION('',(0.,-1.));
#1707 = ( GEOMETRIC_REPRESENTATION_CONTEXT(2) 
PARAMETRIC_REPRESENTATION_CONTEXT() REPRESENTATION_CONTEXT('2D SPACE',''
  ) );
#1708 = PCURVE('',#505,#1709);
#1709 = DEFINITIONAL_REPRESENTATION('',(#1710),#1714);
#1710 = LINE('',#1711,#1712);
#1711 = CARTESIAN_POINT('',(0.,0.));
#1712 = VECTOR('',#1713,1.);
#1713 = DIRECTION('',(0.,-1.));
#1714 = ( GEOMETRIC_REPRESENTATION_CONTEXT(2) 
PARAMETRIC_REPRESENTATION_CONTEXT() REPRESENTATION_CONTEXT('2D SPACE',''
  ) );
#1715 = ORIENTED_EDGE('',*,*,#1716,.F.);
#1716 = EDGE_CURVE('',#1645,#1694,#1717,.T.);
#1717 = SURFACE_CURVE('',#1718,(#1722,#1729),.PCURVE_S1.);
#1718 = LINE('',#1719,#1720);
#1719 = CARTESIAN_POINT('',(667.92893218813,143.63963218813,134.23));
#1720 = VECTOR('',#1721,1.);
#1721 = DIRECTION('',(-0.707106781187,0.707106781187,0.));
#1722 = PCURVE('',#533,#1723);
#1723 = DEFINITIONAL_REPRESENTATION('',(#1724),#1728);
#1724 = LINE('',#1725,#1726);
#1725 = CARTESIAN_POINT('',(-4.142135623731,0.));
#1726 = VECTOR('',#1727,1.);
#1727 = DIRECTION('',(1.,0.));
#1728 = ( GEOMETRIC_REPRESENTATION_CONTEXT(2) 
PARAMETRIC_REPRESENTATION_CONTEXT() REPRESENTATION_CONTEXT('2D SPACE',''
  ) );
#1729 = PCURVE('',#1292,#1730);
#1730 = DEFINITIONAL_REPRESENTATION('',(#1731),#1735);
#1731 = LINE('',#1732,#1733);
#1732 = CARTESIAN_POINT('',(667.92893218813,153.63963218813));
#1733 = VECTOR('',#1734,1.);
#1734 = DIRECTION('',(-0.707106781187,0.707106781187));
#1735 = ( GEOMETRIC_REPRESENTATION_CONTEXT(2) 
PARAMETRIC_REPRESENTATION_CONTEXT() REPRESENTATION_CONTEXT('2D SPACE',''
  ) );
#1736 = ADVANCED_FACE('',(#1737),#505,.T.);
#1737 = FACE_BOUND('',#1738,.T.);
#1738 = EDGE_LOOP('',(#1739,#1762,#1763,#1764));
#1739 = ORIENTED_EDGE('',*,*,#1740,.F.);
#1740 = EDGE_CURVE('',#1694,#1741,#1743,.T.);
#1741 = VERTEX_POINT('',#1742);
#1742 = CARTESIAN_POINT('',(185.194,245.,134.23));
#1743 = SURFACE_CURVE('',#1744,(#1748,#1755),.PCURVE_S1.);
#1744 = LINE('',#1745,#1746);
#1745 = CARTESIAN_POINT('',(570.7107,245.,134.23));
#1746 = VECTOR('',#1747,1.);
#1747 = DIRECTION('',(-1.,0.,0.));
#1748 = PCURVE('',#505,#1749);
#1749 = DEFINITIONAL_REPRESENTATION('',(#1750),#1754);
#1750 = LINE('',#1751,#1752);
#1751 = CARTESIAN_POINT('',(-4.142135623731,0.));
#1752 = VECTOR('',#1753,1.);
#1753 = DIRECTION('',(1.,0.));
#1754 = ( GEOMETRIC_REPRESENTATION_CONTEXT(2) 
PARAMETRIC_REPRESENTATION_CONTEXT() REPRESENTATION_CONTEXT('2D SPACE',''
  ) );
#1755 = PCURVE('',#1292,#1756);
#1756 = DEFINITIONAL_REPRESENTATION('',(#1757),#1761);
#1757 = LINE('',#1758,#1759);
#1758 = CARTESIAN_POINT('',(570.7107,255.));
#1759 = VECTOR('',#1760,1.);
#1760 = DIRECTION('',(-1.,0.));
#1761 = ( GEOMETRIC_REPRESENTATION_CONTEXT(2) 
PARAMETRIC_REPRESENTATION_CONTEXT() REPRESENTATION_CONTEXT('2D SPACE',''
  ) );
#1762 = ORIENTED_EDGE('',*,*,#1693,.T.);
#1763 = ORIENTED_EDGE('',*,*,#489,.T.);
#1764 = ORIENTED_EDGE('',*,*,#1765,.T.);
#1765 = EDGE_CURVE('',#464,#1741,#1766,.T.);
#1766 = SURFACE_CURVE('',#1767,(#1771,#1777),.PCURVE_S1.);
#1767 = LINE('',#1768,#1769);
#1768 = CARTESIAN_POINT('',(185.194,245.,134.234));
#1769 = VECTOR('',#1770,1.);
#1770 = DIRECTION('',(0.,0.,1.));
#1771 = PCURVE('',#505,#1772);
#1772 = DEFINITIONAL_REPRESENTATION('',(#1773),#1776);
#1773 = B_SPLINE_CURVE_WITH_KNOTS('',1,(#1774,#1775),.UNSPECIFIED.,.F.,
  .F.,(2,2),(-98.749,-3.999999999991E-03),.PIECEWISE_BEZIER_KNOTS.);
#1774 = CARTESIAN_POINT('',(381.37456437626,-98.745));
#1775 = CARTESIAN_POINT('',(381.37456437626,0.));
#1776 = ( GEOMETRIC_REPRESENTATION_CONTEXT(2) 
PARAMETRIC_REPRESENTATION_CONTEXT() REPRESENTATION_CONTEXT('2D SPACE',''
  ) );
#1777 = PCURVE('',#478,#1778);
#1778 = DEFINITIONAL_REPRESENTATION('',(#1779),#1782);
#1779 = B_SPLINE_CURVE_WITH_KNOTS('',1,(#1780,#1781),.UNSPECIFIED.,.F.,
  .F.,(2,2),(-98.749,-3.999999999991E-03),.PIECEWISE_BEZIER_KNOTS.);
#1780 = CARTESIAN_POINT('',(98.753,-10.));
#1781 = CARTESIAN_POINT('',(8.00000000001E-03,-10.));
#1782 = ( GEOMETRIC_REPRESENTATION_CONTEXT(2) 
PARAMETRIC_REPRESENTATION_CONTEXT() REPRESENTATION_CONTEXT('2D SPACE',''
  ) );
#1783 = ADVANCED_FACE('',(#1784),#478,.T.);
#1784 = FACE_BOUND('',#1785,.T.);
#1785 = EDGE_LOOP('',(#1786,#1811,#1830,#1831,#1832,#1833));
#1786 = ORIENTED_EDGE('',*,*,#1787,.F.);
#1787 = EDGE_CURVE('',#1788,#1790,#1792,.T.);
#1788 = VERTEX_POINT('',#1789);
#1789 = CARTESIAN_POINT('',(185.194,235.,134.23));
#1790 = VERTEX_POINT('',#1791);
#1791 = CARTESIAN_POINT('',(185.194,235.,-14.));
#1792 = SURFACE_CURVE('',#1793,(#1797,#1804),.PCURVE_S1.);
#1793 = LINE('',#1794,#1795);
#1794 = CARTESIAN_POINT('',(185.194,235.,60.119));
#1795 = VECTOR('',#1796,1.);
#1796 = DIRECTION('',(0.,0.,-1.));
#1797 = PCURVE('',#478,#1798);
#1798 = DEFINITIONAL_REPRESENTATION('',(#1799),#1803);
#1799 = LINE('',#1800,#1801);
#1800 = CARTESIAN_POINT('',(74.119,0.));
#1801 = VECTOR('',#1802,1.);
#1802 = DIRECTION('',(1.,0.));
#1803 = ( GEOMETRIC_REPRESENTATION_CONTEXT(2) 
PARAMETRIC_REPRESENTATION_CONTEXT() REPRESENTATION_CONTEXT('2D SPACE',''
  ) );
#1804 = PCURVE('',#1265,#1805);
#1805 = DEFINITIONAL_REPRESENTATION('',(#1806),#1810);
#1806 = LINE('',#1807,#1808);
#1807 = CARTESIAN_POINT('',(377.2324,-74.119));
#1808 = VECTOR('',#1809,1.);
#1809 = DIRECTION('',(0.,-1.));
#1810 = ( GEOMETRIC_REPRESENTATION_CONTEXT(2) 
PARAMETRIC_REPRESENTATION_CONTEXT() REPRESENTATION_CONTEXT('2D SPACE',''
  ) );
#1811 = ORIENTED_EDGE('',*,*,#1812,.F.);
#1812 = EDGE_CURVE('',#1741,#1788,#1813,.T.);
#1813 = SURFACE_CURVE('',#1814,(#1818,#1824),.PCURVE_S1.);
#1814 = LINE('',#1815,#1816);
#1815 = CARTESIAN_POINT('',(185.194,112.5,134.23));
#1816 = VECTOR('',#1817,1.);
#1817 = DIRECTION('',(-0.,-1.,0.));
#1818 = PCURVE('',#478,#1819);
#1819 = DEFINITIONAL_REPRESENTATION('',(#1820),#1823);
#1820 = B_SPLINE_CURVE_WITH_KNOTS('',1,(#1821,#1822),.UNSPECIFIED.,.F.,
  .F.,(2,2),(-132.5,-122.5),.PIECEWISE_BEZIER_KNOTS.);
#1821 = CARTESIAN_POINT('',(8.00000000001E-03,-10.));
#1822 = CARTESIAN_POINT('',(8.00000000001E-03,0.));
#1823 = ( GEOMETRIC_REPRESENTATION_CONTEXT(2) 
PARAMETRIC_REPRESENTATION_CONTEXT() REPRESENTATION_CONTEXT('2D SPACE',''
  ) );
#1824 = PCURVE('',#1292,#1825);
#1825 = DEFINITIONAL_REPRESENTATION('',(#1826),#1829);
#1826 = B_SPLINE_CURVE_WITH_KNOTS('',1,(#1827,#1828),.UNSPECIFIED.,.F.,
  .F.,(2,2),(-132.5,-122.5),.PIECEWISE_BEZIER_KNOTS.);
#1827 = CARTESIAN_POINT('',(185.194,255.));
#1828 = CARTESIAN_POINT('',(185.194,245.));
#1829 = ( GEOMETRIC_REPRESENTATION_CONTEXT(2) 
PARAMETRIC_REPRESENTATION_CONTEXT() REPRESENTATION_CONTEXT('2D SPACE',''
  ) );
#1830 = ORIENTED_EDGE('',*,*,#1765,.F.);
#1831 = ORIENTED_EDGE('',*,*,#463,.F.);
#1832 = ORIENTED_EDGE('',*,*,#1177,.T.);
#1833 = ORIENTED_EDGE('',*,*,#1834,.F.);
#1834 = EDGE_CURVE('',#1790,#1178,#1835,.T.);
#1835 = SURFACE_CURVE('',#1836,(#1840,#1847),.PCURVE_S1.);
#1836 = LINE('',#1837,#1838);
#1837 = CARTESIAN_POINT('',(185.194,235.,-14.));
#1838 = VECTOR('',#1839,1.);
#1839 = DIRECTION('',(-0.,1.,0.));
#1840 = PCURVE('',#478,#1841);
#1841 = DEFINITIONAL_REPRESENTATION('',(#1842),#1846);
#1842 = LINE('',#1843,#1844);
#1843 = CARTESIAN_POINT('',(148.238,0.));
#1844 = VECTOR('',#1845,1.);
#1845 = DIRECTION('',(0.,-1.));
#1846 = ( GEOMETRIC_REPRESENTATION_CONTEXT(2) 
PARAMETRIC_REPRESENTATION_CONTEXT() REPRESENTATION_CONTEXT('2D SPACE',''
  ) );
#1847 = PCURVE('',#1213,#1848);
#1848 = DEFINITIONAL_REPRESENTATION('',(#1849),#1853);
#1849 = LINE('',#1850,#1851);
#1850 = CARTESIAN_POINT('',(370.388,0.));
#1851 = VECTOR('',#1852,1.);
#1852 = DIRECTION('',(0.,-1.));
#1853 = ( GEOMETRIC_REPRESENTATION_CONTEXT(2) 
PARAMETRIC_REPRESENTATION_CONTEXT() REPRESENTATION_CONTEXT('2D SPACE',''
  ) );
#1854 = ADVANCED_FACE('',(#1855),#423,.F.);
#1855 = FACE_BOUND('',#1856,.F.);
#1856 = EDGE_LOOP('',(#1857,#1858,#1881,#1902));
#1857 = ORIENTED_EDGE('',*,*,#1155,.F.);
#1858 = ORIENTED_EDGE('',*,*,#1859,.F.);
#1859 = EDGE_CURVE('',#1860,#1133,#1862,.T.);
#1860 = VERTEX_POINT('',#1861);
#1861 = CARTESIAN_POINT('',(675.,150.7107,-30.));
#1862 = SURFACE_CURVE('',#1863,(#1867,#1874),.PCURVE_S1.);
#1863 = LINE('',#1864,#1865);
#1864 = CARTESIAN_POINT('',(675.,150.7107,-30.));
#1865 = VECTOR('',#1866,1.);
#1866 = DIRECTION('',(-0.707106781187,0.707106781187,0.));
#1867 = PCURVE('',#423,#1868);
#1868 = DEFINITIONAL_REPRESENTATION('',(#1869),#1873);
#1869 = LINE('',#1870,#1871);
#1870 = CARTESIAN_POINT('',(0.,-30.));
#1871 = VECTOR('',#1872,1.);
#1872 = DIRECTION('',(1.,0.));
#1873 = ( GEOMETRIC_REPRESENTATION_CONTEXT(2) 
PARAMETRIC_REPRESENTATION_CONTEXT() REPRESENTATION_CONTEXT('2D SPACE',''
  ) );
#1874 = PCURVE('',#1094,#1875);
#1875 = DEFINITIONAL_REPRESENTATION('',(#1876),#1880);
#1876 = LINE('',#1877,#1878);
#1877 = CARTESIAN_POINT('',(0.,21.213203435596));
#1878 = VECTOR('',#1879,1.);
#1879 = DIRECTION('',(1.,0.));
#1880 = ( GEOMETRIC_REPRESENTATION_CONTEXT(2) 
PARAMETRIC_REPRESENTATION_CONTEXT() REPRESENTATION_CONTEXT('2D SPACE',''
  ) );
#1881 = ORIENTED_EDGE('',*,*,#1882,.T.);
#1882 = EDGE_CURVE('',#1860,#380,#1883,.T.);
#1883 = SURFACE_CURVE('',#1884,(#1888,#1895),.PCURVE_S1.);
#1884 = LINE('',#1885,#1886);
#1885 = CARTESIAN_POINT('',(675.,150.7107,-60.));
#1886 = VECTOR('',#1887,1.);
#1887 = DIRECTION('',(0.,0.,1.));
#1888 = PCURVE('',#423,#1889);
#1889 = DEFINITIONAL_REPRESENTATION('',(#1890),#1894);
#1890 = LINE('',#1891,#1892);
#1891 = CARTESIAN_POINT('',(0.,0.));
#1892 = VECTOR('',#1893,1.);
#1893 = DIRECTION('',(0.,-1.));
#1894 = ( GEOMETRIC_REPRESENTATION_CONTEXT(2) 
PARAMETRIC_REPRESENTATION_CONTEXT() REPRESENTATION_CONTEXT('2D SPACE',''
  ) );
#1895 = PCURVE('',#395,#1896);
#1896 = DEFINITIONAL_REPRESENTATION('',(#1897),#1901);
#1897 = LINE('',#1898,#1899);
#1898 = CARTESIAN_POINT('',(321.4214,0.));
#1899 = VECTOR('',#1900,1.);
#1900 = DIRECTION('',(0.,-1.));
#1901 = ( GEOMETRIC_REPRESENTATION_CONTEXT(2) 
PARAMETRIC_REPRESENTATION_CONTEXT() REPRESENTATION_CONTEXT('2D SPACE',''
  ) );
#1902 = ORIENTED_EDGE('',*,*,#407,.T.);
#1903 = ADVANCED_FACE('',(#1904),#395,.F.);
#1904 = FACE_BOUND('',#1905,.F.);
#1905 = EDGE_LOOP('',(#1906,#1907,#1930,#1951));
#1906 = ORIENTED_EDGE('',*,*,#1882,.F.);
#1907 = ORIENTED_EDGE('',*,*,#1908,.F.);
#1908 = EDGE_CURVE('',#1909,#1860,#1911,.T.);
#1909 = VERTEX_POINT('',#1910);
#1910 = CARTESIAN_POINT('',(675.,-170.7107,-30.));
#1911 = SURFACE_CURVE('',#1912,(#1916,#1923),.PCURVE_S1.);
#1912 = LINE('',#1913,#1914);
#1913 = CARTESIAN_POINT('',(675.,-170.7107,-30.));
#1914 = VECTOR('',#1915,1.);
#1915 = DIRECTION('',(0.,1.,0.));
#1916 = PCURVE('',#395,#1917);
#1917 = DEFINITIONAL_REPRESENTATION('',(#1918),#1922);
#1918 = LINE('',#1919,#1920);
#1919 = CARTESIAN_POINT('',(0.,-30.));
#1920 = VECTOR('',#1921,1.);
#1921 = DIRECTION('',(1.,0.));
#1922 = ( GEOMETRIC_REPRESENTATION_CONTEXT(2) 
PARAMETRIC_REPRESENTATION_CONTEXT() REPRESENTATION_CONTEXT('2D SPACE',''
  ) );
#1923 = PCURVE('',#1066,#1924);
#1924 = DEFINITIONAL_REPRESENTATION('',(#1925),#1929);
#1925 = LINE('',#1926,#1927);
#1926 = CARTESIAN_POINT('',(0.,21.213203435596));
#1927 = VECTOR('',#1928,1.);
#1928 = DIRECTION('',(1.,0.));
#1929 = ( GEOMETRIC_REPRESENTATION_CONTEXT(2) 
PARAMETRIC_REPRESENTATION_CONTEXT() REPRESENTATION_CONTEXT('2D SPACE',''
  ) );
#1930 = ORIENTED_EDGE('',*,*,#1931,.T.);
#1931 = EDGE_CURVE('',#1909,#352,#1932,.T.);
#1932 = SURFACE_CURVE('',#1933,(#1937,#1944),.PCURVE_S1.);
#1933 = LINE('',#1934,#1935);
#1934 = CARTESIAN_POINT('',(675.,-170.7107,-60.));
#1935 = VECTOR('',#1936,1.);
#1936 = DIRECTION('',(0.,0.,1.));
#1937 = PCURVE('',#395,#1938);
#1938 = DEFINITIONAL_REPRESENTATION('',(#1939),#1943);
#1939 = LINE('',#1940,#1941);
#1940 = CARTESIAN_POINT('',(0.,0.));
#1941 = VECTOR('',#1942,1.);
#1942 = DIRECTION('',(0.,-1.));
#1943 = ( GEOMETRIC_REPRESENTATION_CONTEXT(2) 
PARAMETRIC_REPRESENTATION_CONTEXT() REPRESENTATION_CONTEXT('2D SPACE',''
  ) );
#1944 = PCURVE('',#367,#1945);
#1945 = DEFINITIONAL_REPRESENTATION('',(#1946),#1950);
#1946 = LINE('',#1947,#1948);
#1947 = CARTESIAN_POINT('',(147.48734247039,0.));
#1948 = VECTOR('',#1949,1.);
#1949 = DIRECTION('',(0.,-1.));
#1950 = ( GEOMETRIC_REPRESENTATION_CONTEXT(2) 
PARAMETRIC_REPRESENTATION_CONTEXT() REPRESENTATION_CONTEXT('2D SPACE',''
  ) );
#1951 = ORIENTED_EDGE('',*,*,#379,.T.);
#1952 = ADVANCED_FACE('',(#1953),#367,.F.);
#1953 = FACE_BOUND('',#1954,.F.);
#1954 = EDGE_LOOP('',(#1955,#1956,#1977,#1978));
#1955 = ORIENTED_EDGE('',*,*,#1931,.F.);
#1956 = ORIENTED_EDGE('',*,*,#1957,.F.);
#1957 = EDGE_CURVE('',#841,#1909,#1958,.T.);
#1958 = SURFACE_CURVE('',#1959,(#1963,#1970),.PCURVE_S1.);
#1959 = LINE('',#1960,#1961);
#1960 = CARTESIAN_POINT('',(570.7107,-275.,-30.));
#1961 = VECTOR('',#1962,1.);
#1962 = DIRECTION('',(0.707106781187,0.707106781187,0.));
#1963 = PCURVE('',#367,#1964);
#1964 = DEFINITIONAL_REPRESENTATION('',(#1965),#1969);
#1965 = LINE('',#1966,#1967);
#1966 = CARTESIAN_POINT('',(0.,-30.));
#1967 = VECTOR('',#1968,1.);
#1968 = DIRECTION('',(1.,0.));
#1969 = ( GEOMETRIC_REPRESENTATION_CONTEXT(2) 
PARAMETRIC_REPRESENTATION_CONTEXT() REPRESENTATION_CONTEXT('2D SPACE',''
  ) );
#1970 = PCURVE('',#1038,#1971);
#1971 = DEFINITIONAL_REPRESENTATION('',(#1972),#1976);
#1972 = LINE('',#1973,#1974);
#1973 = CARTESIAN_POINT('',(0.,21.213203435596));
#1974 = VECTOR('',#1975,1.);
#1975 = DIRECTION('',(1.,0.));
#1976 = ( GEOMETRIC_REPRESENTATION_CONTEXT(2) 
PARAMETRIC_REPRESENTATION_CONTEXT() REPRESENTATION_CONTEXT('2D SPACE',''
  ) );
#1977 = ORIENTED_EDGE('',*,*,#840,.T.);
#1978 = ORIENTED_EDGE('',*,*,#351,.T.);
#1979 = ADVANCED_FACE('',(#1980),#877,.T.);
#1980 = FACE_BOUND('',#1981,.T.);
#1981 = EDGE_LOOP('',(#1982,#1983,#1984,#2005));
#1982 = ORIENTED_EDGE('',*,*,#918,.F.);
#1983 = ORIENTED_EDGE('',*,*,#999,.T.);
#1984 = ORIENTED_EDGE('',*,*,#1985,.T.);
#1985 = EDGE_CURVE('',#1000,#841,#1986,.T.);
#1986 = SURFACE_CURVE('',#1987,(#1991,#1998),.PCURVE_S1.);
#1987 = LINE('',#1988,#1989);
#1988 = CARTESIAN_POINT('',(519.89735458307,-152.3257323448,
    -152.6742676551));
#1989 = VECTOR('',#1990,1.);
#1990 = DIRECTION('',(0.281084637715,-0.678598344546,0.678598344546));
#1991 = PCURVE('',#877,#1992);
#1992 = DEFINITIONAL_REPRESENTATION('',(#1993),#1997);
#1993 = LINE('',#1994,#1995);
#1994 = CARTESIAN_POINT('',(1.090608054583E+03,-152.2744096364));
#1995 = VECTOR('',#1996,1.);
#1996 = DIRECTION('',(0.281084637715,0.959682982261));
#1997 = ( GEOMETRIC_REPRESENTATION_CONTEXT(2) 
PARAMETRIC_REPRESENTATION_CONTEXT() REPRESENTATION_CONTEXT('2D SPACE',''
  ) );
#1998 = PCURVE('',#1038,#1999);
#1999 = DEFINITIONAL_REPRESENTATION('',(#2000),#2004);
#2000 = LINE('',#2001,#2002);
#2001 = CARTESIAN_POINT('',(50.81334541693,-152.2744096364));
#2002 = VECTOR('',#2003,1.);
#2003 = DIRECTION('',(-0.281084637715,0.959682982261));
#2004 = ( GEOMETRIC_REPRESENTATION_CONTEXT(2) 
PARAMETRIC_REPRESENTATION_CONTEXT() REPRESENTATION_CONTEXT('2D SPACE',''
  ) );
#2005 = ORIENTED_EDGE('',*,*,#863,.F.);
#2006 = ADVANCED_FACE('',(#2007),#959,.T.);
#2007 = FACE_BOUND('',#2008,.T.);
#2008 = EDGE_LOOP('',(#2009,#2030,#2031,#2032));
#2009 = ORIENTED_EDGE('',*,*,#2010,.F.);
#2010 = EDGE_CURVE('',#1079,#1133,#2011,.T.);
#2011 = SURFACE_CURVE('',#2012,(#2016,#2023),.PCURVE_S1.);
#2012 = LINE('',#2013,#2014);
#2013 = CARTESIAN_POINT('',(559.16201063176,227.11899749957,
    -57.88100250042));
#2014 = VECTOR('',#2015,1.);
#2015 = DIRECTION('',(0.281084637715,0.678598344546,0.678598344546));
#2016 = PCURVE('',#959,#2017);
#2017 = DEFINITIONAL_REPRESENTATION('',(#2018),#2022);
#2018 = LINE('',#2019,#2020);
#2019 = CARTESIAN_POINT('',(11.548689368234,-18.21648843306));
#2020 = VECTOR('',#2021,1.);
#2021 = DIRECTION('',(-0.281084637715,0.959682982261));
#2022 = ( GEOMETRIC_REPRESENTATION_CONTEXT(2) 
PARAMETRIC_REPRESENTATION_CONTEXT() REPRESENTATION_CONTEXT('2D SPACE',''
  ) );
#2023 = PCURVE('',#1094,#2024);
#2024 = DEFINITIONAL_REPRESENTATION('',(#2025),#2029);
#2025 = LINE('',#2026,#2027);
#2026 = CARTESIAN_POINT('',(135.93865310216,-18.21648843306));
#2027 = VECTOR('',#2028,1.);
#2028 = DIRECTION('',(0.281084637715,0.959682982261));
#2029 = ( GEOMETRIC_REPRESENTATION_CONTEXT(2) 
PARAMETRIC_REPRESENTATION_CONTEXT() REPRESENTATION_CONTEXT('2D SPACE',''
  ) );
#2030 = ORIENTED_EDGE('',*,*,#1106,.T.);
#2031 = ORIENTED_EDGE('',*,*,#943,.T.);
#2032 = ORIENTED_EDGE('',*,*,#1132,.F.);
#2033 = ADVANCED_FACE('',(#2034),#1094,.T.);
#2034 = FACE_BOUND('',#2035,.T.);
#2035 = EDGE_LOOP('',(#2036,#2057,#2058,#2059));
#2036 = ORIENTED_EDGE('',*,*,#2037,.F.);
#2037 = EDGE_CURVE('',#1051,#1860,#2038,.T.);
#2038 = SURFACE_CURVE('',#2039,(#2043,#2050),.PCURVE_S1.);
#2039 = LINE('',#2040,#2041);
#2040 = CARTESIAN_POINT('',(630.53059597542,132.29086974237,
    -74.46940402457));
#2041 = VECTOR('',#2042,1.);
#2042 = DIRECTION('',(0.678598344546,0.281084637715,0.678598344546));
#2043 = PCURVE('',#1094,#2044);
#2044 = DEFINITIONAL_REPRESENTATION('',(#2045),#2049);
#2045 = LINE('',#2046,#2047);
#2046 = CARTESIAN_POINT('',(18.419830257629,-41.6760308466));
#2047 = VECTOR('',#2048,1.);
#2048 = DIRECTION('',(-0.281084637715,0.959682982261));
#2049 = ( GEOMETRIC_REPRESENTATION_CONTEXT(2) 
PARAMETRIC_REPRESENTATION_CONTEXT() REPRESENTATION_CONTEXT('2D SPACE',''
  ) );
#2050 = PCURVE('',#1066,#2051);
#2051 = DEFINITIONAL_REPRESENTATION('',(#2052),#2056);
#2052 = LINE('',#2053,#2054);
#2053 = CARTESIAN_POINT('',(303.00156974237,-41.6760308466));
#2054 = VECTOR('',#2055,1.);
#2055 = DIRECTION('',(0.281084637715,0.959682982261));
#2056 = ( GEOMETRIC_REPRESENTATION_CONTEXT(2) 
PARAMETRIC_REPRESENTATION_CONTEXT() REPRESENTATION_CONTEXT('2D SPACE',''
  ) );
#2057 = ORIENTED_EDGE('',*,*,#1078,.T.);
#2058 = ORIENTED_EDGE('',*,*,#2010,.T.);
#2059 = ORIENTED_EDGE('',*,*,#1859,.F.);
#2060 = ADVANCED_FACE('',(#2061),#1038,.T.);
#2061 = FACE_BOUND('',#2062,.T.);
#2062 = EDGE_LOOP('',(#2063,#2064,#2065,#2086));
#2063 = ORIENTED_EDGE('',*,*,#1985,.F.);
#2064 = ORIENTED_EDGE('',*,*,#1022,.T.);
#2065 = ORIENTED_EDGE('',*,*,#2066,.T.);
#2066 = EDGE_CURVE('',#1023,#1909,#2067,.T.);
#2067 = SURFACE_CURVE('',#2068,(#2072,#2079),.PCURVE_S1.);
#2068 = LINE('',#2069,#2070);
#2069 = CARTESIAN_POINT('',(647.11899749957,-159.1620106317,
    -57.88100250042));
#2070 = VECTOR('',#2071,1.);
#2071 = DIRECTION('',(0.678598344546,-0.281084637715,0.678598344546));
#2072 = PCURVE('',#1038,#2073);
#2073 = DEFINITIONAL_REPRESENTATION('',(#2074),#2078);
#2074 = LINE('',#2075,#2076);
#2075 = CARTESIAN_POINT('',(135.93865310216,-18.21648843306));
#2076 = VECTOR('',#2077,1.);
#2077 = DIRECTION('',(0.281084637715,0.959682982261));
#2078 = ( GEOMETRIC_REPRESENTATION_CONTEXT(2) 
PARAMETRIC_REPRESENTATION_CONTEXT() REPRESENTATION_CONTEXT('2D SPACE',''
  ) );
#2079 = PCURVE('',#1066,#2080);
#2080 = DEFINITIONAL_REPRESENTATION('',(#2081),#2085);
#2081 = LINE('',#2082,#2083);
#2082 = CARTESIAN_POINT('',(11.548689368234,-18.21648843306));
#2083 = VECTOR('',#2084,1.);
#2084 = DIRECTION('',(-0.281084637715,0.959682982261));
#2085 = ( GEOMETRIC_REPRESENTATION_CONTEXT(2) 
PARAMETRIC_REPRESENTATION_CONTEXT() REPRESENTATION_CONTEXT('2D SPACE',''
  ) );
#2086 = ORIENTED_EDGE('',*,*,#1957,.F.);
#2087 = ADVANCED_FACE('',(#2088),#1066,.T.);
#2088 = FACE_BOUND('',#2089,.T.);
#2089 = EDGE_LOOP('',(#2090,#2091,#2092,#2093));
#2090 = ORIENTED_EDGE('',*,*,#2066,.F.);
#2091 = ORIENTED_EDGE('',*,*,#1050,.T.);
#2092 = ORIENTED_EDGE('',*,*,#2037,.T.);
#2093 = ORIENTED_EDGE('',*,*,#1908,.F.);
#2094 = ADVANCED_FACE('',(#2095),#1213,.F.);
#2095 = FACE_BOUND('',#2096,.F.);
#2096 = EDGE_LOOP('',(#2097,#2118,#2119,#2120));
#2097 = ORIENTED_EDGE('',*,*,#2098,.F.);
#2098 = EDGE_CURVE('',#1250,#1790,#2099,.T.);
#2099 = SURFACE_CURVE('',#2100,(#2104,#2111),.PCURVE_S1.);
#2100 = LINE('',#2101,#2102);
#2101 = CARTESIAN_POINT('',(0.,235.,-14.));
#2102 = VECTOR('',#2103,1.);
#2103 = DIRECTION('',(1.,0.,0.));
#2104 = PCURVE('',#1213,#2105);
#2105 = DEFINITIONAL_REPRESENTATION('',(#2106),#2110);
#2106 = LINE('',#2107,#2108);
#2107 = CARTESIAN_POINT('',(185.194,0.));
#2108 = VECTOR('',#2109,1.);
#2109 = DIRECTION('',(1.,0.));
#2110 = ( GEOMETRIC_REPRESENTATION_CONTEXT(2) 
PARAMETRIC_REPRESENTATION_CONTEXT() REPRESENTATION_CONTEXT('2D SPACE',''
  ) );
#2111 = PCURVE('',#1265,#2112);
#2112 = DEFINITIONAL_REPRESENTATION('',(#2113),#2117);
#2113 = LINE('',#2114,#2115);
#2114 = CARTESIAN_POINT('',(562.4264,-148.238));
#2115 = VECTOR('',#2116,1.);
#2116 = DIRECTION('',(-1.,0.));
#2117 = ( GEOMETRIC_REPRESENTATION_CONTEXT(2) 
PARAMETRIC_REPRESENTATION_CONTEXT() REPRESENTATION_CONTEXT('2D SPACE',''
  ) );
#2118 = ORIENTED_EDGE('',*,*,#1324,.T.);
#2119 = ORIENTED_EDGE('',*,*,#1198,.T.);
#2120 = ORIENTED_EDGE('',*,*,#1834,.F.);
#2121 = ADVANCED_FACE('',(#2122),#1265,.F.);
#2122 = FACE_BOUND('',#2123,.F.);
#2123 = EDGE_LOOP('',(#2124,#2145,#2173,#2201,#2229,#2248,#2249,#2250));
#2124 = ORIENTED_EDGE('',*,*,#2125,.F.);
#2125 = EDGE_CURVE('',#2126,#1788,#2128,.T.);
#2126 = VERTEX_POINT('',#2127);
#2127 = CARTESIAN_POINT('',(562.4264,235.,134.23));
#2128 = SURFACE_CURVE('',#2129,(#2133,#2139),.PCURVE_S1.);
#2129 = LINE('',#2130,#2131);
#2130 = CARTESIAN_POINT('',(281.2132,235.,134.23));
#2131 = VECTOR('',#2132,1.);
#2132 = DIRECTION('',(-1.,0.,0.));
#2133 = PCURVE('',#1265,#2134);
#2134 = DEFINITIONAL_REPRESENTATION('',(#2135),#2138);
#2135 = B_SPLINE_CURVE_WITH_KNOTS('',1,(#2136,#2137),.UNSPECIFIED.,.F.,
  .F.,(2,2),(-281.2132,843.6396),.PIECEWISE_BEZIER_KNOTS.);
#2136 = CARTESIAN_POINT('',(0.,-8.00000000001E-03));
#2137 = CARTESIAN_POINT('',(1.1248528E+03,-8.00000000001E-03));
#2138 = ( GEOMETRIC_REPRESENTATION_CONTEXT(2) 
PARAMETRIC_REPRESENTATION_CONTEXT() REPRESENTATION_CONTEXT('2D SPACE',''
  ) );
#2139 = PCURVE('',#1292,#2140);
#2140 = DEFINITIONAL_REPRESENTATION('',(#2141),#2144);
#2141 = B_SPLINE_CURVE_WITH_KNOTS('',1,(#2142,#2143),.UNSPECIFIED.,.F.,
  .F.,(2,2),(-281.2132,843.6396),.PIECEWISE_BEZIER_KNOTS.);
#2142 = CARTESIAN_POINT('',(562.4264,245.));
#2143 = CARTESIAN_POINT('',(-562.4264,245.));
#2144 = ( GEOMETRIC_REPRESENTATION_CONTEXT(2) 
PARAMETRIC_REPRESENTATION_CONTEXT() REPRESENTATION_CONTEXT('2D SPACE',''
  ) );
#2145 = ORIENTED_EDGE('',*,*,#2146,.T.);
#2146 = EDGE_CURVE('',#2126,#2147,#2149,.T.);
#2147 = VERTEX_POINT('',#2148);
#2148 = CARTESIAN_POINT('',(562.4264,235.,-29.999));
#2149 = SURFACE_CURVE('',#2150,(#2154,#2161),.PCURVE_S1.);
#2150 = LINE('',#2151,#2152);
#2151 = CARTESIAN_POINT('',(562.4264,235.,134.238));
#2152 = VECTOR('',#2153,1.);
#2153 = DIRECTION('',(-0.,-0.,-1.));
#2154 = PCURVE('',#1265,#2155);
#2155 = DEFINITIONAL_REPRESENTATION('',(#2156),#2160);
#2156 = LINE('',#2157,#2158);
#2157 = CARTESIAN_POINT('',(0.,0.));
#2158 = VECTOR('',#2159,1.);
#2159 = DIRECTION('',(0.,-1.));
#2160 = ( GEOMETRIC_REPRESENTATION_CONTEXT(2) 
PARAMETRIC_REPRESENTATION_CONTEXT() REPRESENTATION_CONTEXT('2D SPACE',''
  ) );
#2161 = PCURVE('',#2162,#2167);
#2162 = PLANE('',#2163);
#2163 = AXIS2_PLACEMENT_3D('',#2164,#2165,#2166);
#2164 = CARTESIAN_POINT('',(655.,142.4264,134.238));
#2165 = DIRECTION('',(0.707106781187,0.707106781187,-0.));
#2166 = DIRECTION('',(-0.707106781187,0.707106781187,0.));
#2167 = DEFINITIONAL_REPRESENTATION('',(#2168),#2172);
#2168 = LINE('',#2169,#2170);
#2169 = CARTESIAN_POINT('',(130.9188406377,0.));
#2170 = VECTOR('',#2171,1.);
#2171 = DIRECTION('',(0.,-1.));
#2172 = ( GEOMETRIC_REPRESENTATION_CONTEXT(2) 
PARAMETRIC_REPRESENTATION_CONTEXT() REPRESENTATION_CONTEXT('2D SPACE',''
  ) );
#2173 = ORIENTED_EDGE('',*,*,#2174,.T.);
#2174 = EDGE_CURVE('',#2147,#2175,#2177,.T.);
#2175 = VERTEX_POINT('',#2176);
#2176 = CARTESIAN_POINT('',(-562.4264,235.,-29.999));
#2177 = SURFACE_CURVE('',#2178,(#2182,#2189),.PCURVE_S1.);
#2178 = LINE('',#2179,#2180);
#2179 = CARTESIAN_POINT('',(562.4264,235.,-29.999));
#2180 = VECTOR('',#2181,1.);
#2181 = DIRECTION('',(-1.,0.,0.));
#2182 = PCURVE('',#1265,#2183);
#2183 = DEFINITIONAL_REPRESENTATION('',(#2184),#2188);
#2184 = LINE('',#2185,#2186);
#2185 = CARTESIAN_POINT('',(0.,-164.237));
#2186 = VECTOR('',#2187,1.);
#2187 = DIRECTION('',(1.,0.));
#2188 = ( GEOMETRIC_REPRESENTATION_CONTEXT(2) 
PARAMETRIC_REPRESENTATION_CONTEXT() REPRESENTATION_CONTEXT('2D SPACE',''
  ) );
#2189 = PCURVE('',#2190,#2195);
#2190 = PLANE('',#2191);
#2191 = AXIS2_PLACEMENT_3D('',#2192,#2193,#2194);
#2192 = CARTESIAN_POINT('',(6.452058627224E-15,-10.,-29.999));
#2193 = DIRECTION('',(0.,0.,1.));
#2194 = DIRECTION('',(1.,0.,0.));
#2195 = DEFINITIONAL_REPRESENTATION('',(#2196),#2200);
#2196 = LINE('',#2197,#2198);
#2197 = CARTESIAN_POINT('',(562.4264,245.));
#2198 = VECTOR('',#2199,1.);
#2199 = DIRECTION('',(-1.,0.));
#2200 = ( GEOMETRIC_REPRESENTATION_CONTEXT(2) 
PARAMETRIC_REPRESENTATION_CONTEXT() REPRESENTATION_CONTEXT('2D SPACE',''
  ) );
#2201 = ORIENTED_EDGE('',*,*,#2202,.F.);
#2202 = EDGE_CURVE('',#2203,#2175,#2205,.T.);
#2203 = VERTEX_POINT('',#2204);
#2204 = CARTESIAN_POINT('',(-562.4264,235.,134.23));
#2205 = SURFACE_CURVE('',#2206,(#2210,#2217),.PCURVE_S1.);
#2206 = LINE('',#2207,#2208);
#2207 = CARTESIAN_POINT('',(-562.4264,235.,134.238));
#2208 = VECTOR('',#2209,1.);
#2209 = DIRECTION('',(-0.,-0.,-1.));
#2210 = PCURVE('',#1265,#2211);
#2211 = DEFINITIONAL_REPRESENTATION('',(#2212),#2216);
#2212 = LINE('',#2213,#2214);
#2213 = CARTESIAN_POINT('',(1.1248528E+03,0.));
#2214 = VECTOR('',#2215,1.);
#2215 = DIRECTION('',(0.,-1.));
#2216 = ( GEOMETRIC_REPRESENTATION_CONTEXT(2) 
PARAMETRIC_REPRESENTATION_CONTEXT() REPRESENTATION_CONTEXT('2D SPACE',''
  ) );
#2217 = PCURVE('',#2218,#2223);
#2218 = PLANE('',#2219);
#2219 = AXIS2_PLACEMENT_3D('',#2220,#2221,#2222);
#2220 = CARTESIAN_POINT('',(-562.4264,235.,134.238));
#2221 = DIRECTION('',(-0.707106781187,0.707106781187,0.));
#2222 = DIRECTION('',(-0.707106781187,-0.707106781187,0.));
#2223 = DEFINITIONAL_REPRESENTATION('',(#2224),#2228);
#2224 = LINE('',#2225,#2226);
#2225 = CARTESIAN_POINT('',(0.,0.));
#2226 = VECTOR('',#2227,1.);
#2227 = DIRECTION('',(0.,-1.));
#2228 = ( GEOMETRIC_REPRESENTATION_CONTEXT(2) 
PARAMETRIC_REPRESENTATION_CONTEXT() REPRESENTATION_CONTEXT('2D SPACE',''
  ) );
#2229 = ORIENTED_EDGE('',*,*,#2230,.F.);
#2230 = EDGE_CURVE('',#1248,#2203,#2231,.T.);
#2231 = SURFACE_CURVE('',#2232,(#2236,#2242),.PCURVE_S1.);
#2232 = LINE('',#2233,#2234);
#2233 = CARTESIAN_POINT('',(281.2132,235.,134.23));
#2234 = VECTOR('',#2235,1.);
#2235 = DIRECTION('',(-1.,0.,0.));
#2236 = PCURVE('',#1265,#2237);
#2237 = DEFINITIONAL_REPRESENTATION('',(#2238),#2241);
#2238 = B_SPLINE_CURVE_WITH_KNOTS('',1,(#2239,#2240),.UNSPECIFIED.,.F.,
  .F.,(2,2),(-281.2132,843.6396),.PIECEWISE_BEZIER_KNOTS.);
#2239 = CARTESIAN_POINT('',(0.,-8.00000000001E-03));
#2240 = CARTESIAN_POINT('',(1.1248528E+03,-8.00000000001E-03));
#2241 = ( GEOMETRIC_REPRESENTATION_CONTEXT(2) 
PARAMETRIC_REPRESENTATION_CONTEXT() REPRESENTATION_CONTEXT('2D SPACE',''
  ) );
#2242 = PCURVE('',#1292,#2243);
#2243 = DEFINITIONAL_REPRESENTATION('',(#2244),#2247);
#2244 = B_SPLINE_CURVE_WITH_KNOTS('',1,(#2245,#2246),.UNSPECIFIED.,.F.,
  .F.,(2,2),(-281.2132,843.6396),.PIECEWISE_BEZIER_KNOTS.);
#2245 = CARTESIAN_POINT('',(562.4264,245.));
#2246 = CARTESIAN_POINT('',(-562.4264,245.));
#2247 = ( GEOMETRIC_REPRESENTATION_CONTEXT(2) 
PARAMETRIC_REPRESENTATION_CONTEXT() REPRESENTATION_CONTEXT('2D SPACE',''
  ) );
#2248 = ORIENTED_EDGE('',*,*,#1247,.T.);
#2249 = ORIENTED_EDGE('',*,*,#2098,.T.);
#2250 = ORIENTED_EDGE('',*,*,#1787,.F.);
#2251 = ADVANCED_FACE('',(#2252),#1292,.T.);
#2252 = FACE_BOUND('',#2253,.T.);
#2253 = EDGE_LOOP('',(#2254,#2255,#2256,#2257,#2258,#2259,#2260,#2261,
    #2262,#2263,#2264,#2265,#2286,#2312,#2338,#2364,#2390,#2416,#2435,
    #2436));
#2254 = ORIENTED_EDGE('',*,*,#1348,.T.);
#2255 = ORIENTED_EDGE('',*,*,#1422,.T.);
#2256 = ORIENTED_EDGE('',*,*,#1471,.T.);
#2257 = ORIENTED_EDGE('',*,*,#1520,.T.);
#2258 = ORIENTED_EDGE('',*,*,#1569,.T.);
#2259 = ORIENTED_EDGE('',*,*,#1618,.T.);
#2260 = ORIENTED_EDGE('',*,*,#1667,.T.);
#2261 = ORIENTED_EDGE('',*,*,#1716,.T.);
#2262 = ORIENTED_EDGE('',*,*,#1740,.T.);
#2263 = ORIENTED_EDGE('',*,*,#1812,.T.);
#2264 = ORIENTED_EDGE('',*,*,#2125,.F.);
#2265 = ORIENTED_EDGE('',*,*,#2266,.F.);
#2266 = EDGE_CURVE('',#2267,#2126,#2269,.T.);
#2267 = VERTEX_POINT('',#2268);
#2268 = CARTESIAN_POINT('',(655.,142.4264,134.23));
#2269 = SURFACE_CURVE('',#2270,(#2274,#2280),.PCURVE_S1.);
#2270 = LINE('',#2271,#2272);
#2271 = CARTESIAN_POINT('',(529.3566,268.0698,134.23));
#2272 = VECTOR('',#2273,1.);
#2273 = DIRECTION('',(-0.707106781187,0.707106781187,0.));
#2274 = PCURVE('',#1292,#2275);
#2275 = DEFINITIONAL_REPRESENTATION('',(#2276),#2279);
#2276 = B_SPLINE_CURVE_WITH_KNOTS('',1,(#2277,#2278),.UNSPECIFIED.,.F.,
  .F.,(2,2),(-177.6866003026,-46.76775966496),.PIECEWISE_BEZIER_KNOTS.);
#2277 = CARTESIAN_POINT('',(655.,152.4264));
#2278 = CARTESIAN_POINT('',(562.4264,245.));
#2279 = ( GEOMETRIC_REPRESENTATION_CONTEXT(2) 
PARAMETRIC_REPRESENTATION_CONTEXT() REPRESENTATION_CONTEXT('2D SPACE',''
  ) );
#2280 = PCURVE('',#2162,#2281);
#2281 = DEFINITIONAL_REPRESENTATION('',(#2282),#2285);
#2282 = B_SPLINE_CURVE_WITH_KNOTS('',1,(#2283,#2284),.UNSPECIFIED.,.F.,
  .F.,(2,2),(-177.6866003026,-46.76775966496),.PIECEWISE_BEZIER_KNOTS.);
#2283 = CARTESIAN_POINT('',(0.,-8.00000000001E-03));
#2284 = CARTESIAN_POINT('',(130.9188406377,-8.00000000001E-03));
#2285 = ( GEOMETRIC_REPRESENTATION_CONTEXT(2) 
PARAMETRIC_REPRESENTATION_CONTEXT() REPRESENTATION_CONTEXT('2D SPACE',''
  ) );
#2286 = ORIENTED_EDGE('',*,*,#2287,.F.);
#2287 = EDGE_CURVE('',#2288,#2267,#2290,.T.);
#2288 = VERTEX_POINT('',#2289);
#2289 = CARTESIAN_POINT('',(655.,-162.4264,134.23));
#2290 = SURFACE_CURVE('',#2291,(#2295,#2301),.PCURVE_S1.);
#2291 = LINE('',#2292,#2293);
#2292 = CARTESIAN_POINT('',(655.,-86.2132,134.23));
#2293 = VECTOR('',#2294,1.);
#2294 = DIRECTION('',(0.,1.,0.));
#2295 = PCURVE('',#1292,#2296);
#2296 = DEFINITIONAL_REPRESENTATION('',(#2297),#2300);
#2297 = B_SPLINE_CURVE_WITH_KNOTS('',1,(#2298,#2299),.UNSPECIFIED.,.F.,
  .F.,(2,2),(-76.2132,228.6396),.PIECEWISE_BEZIER_KNOTS.);
#2298 = CARTESIAN_POINT('',(655.,-152.4264));
#2299 = CARTESIAN_POINT('',(655.,152.4264));
#2300 = ( GEOMETRIC_REPRESENTATION_CONTEXT(2) 
PARAMETRIC_REPRESENTATION_CONTEXT() REPRESENTATION_CONTEXT('2D SPACE',''
  ) );
#2301 = PCURVE('',#2302,#2307);
#2302 = PLANE('',#2303);
#2303 = AXIS2_PLACEMENT_3D('',#2304,#2305,#2306);
#2304 = CARTESIAN_POINT('',(655.,-162.4264,134.238));
#2305 = DIRECTION('',(1.,0.,0.));
#2306 = DIRECTION('',(-0.,1.,0.));
#2307 = DEFINITIONAL_REPRESENTATION('',(#2308),#2311);
#2308 = B_SPLINE_CURVE_WITH_KNOTS('',1,(#2309,#2310),.UNSPECIFIED.,.F.,
  .F.,(2,2),(-76.2132,228.6396),.PIECEWISE_BEZIER_KNOTS.);
#2309 = CARTESIAN_POINT('',(0.,-8.00000000001E-03));
#2310 = CARTESIAN_POINT('',(304.8528,-8.00000000001E-03));
#2311 = ( GEOMETRIC_REPRESENTATION_CONTEXT(2) 
PARAMETRIC_REPRESENTATION_CONTEXT() REPRESENTATION_CONTEXT('2D SPACE',''
  ) );
#2312 = ORIENTED_EDGE('',*,*,#2313,.F.);
#2313 = EDGE_CURVE('',#2314,#2288,#2316,.T.);
#2314 = VERTEX_POINT('',#2315);
#2315 = CARTESIAN_POINT('',(562.4264,-255.,134.23));
#2316 = SURFACE_CURVE('',#2317,(#2321,#2327),.PCURVE_S1.);
#2317 = LINE('',#2318,#2319);
#2318 = CARTESIAN_POINT('',(483.0698,-334.3566,134.23));
#2319 = VECTOR('',#2320,1.);
#2320 = DIRECTION('',(0.707106781187,0.707106781187,-0.));
#2321 = PCURVE('',#1292,#2322);
#2322 = DEFINITIONAL_REPRESENTATION('',(#2323),#2326);
#2323 = B_SPLINE_CURVE_WITH_KNOTS('',1,(#2324,#2325),.UNSPECIFIED.,.F.,
  .F.,(2,2),(112.22717998381,243.14602062151),.PIECEWISE_BEZIER_KNOTS.);
#2324 = CARTESIAN_POINT('',(562.4264,-245.));
#2325 = CARTESIAN_POINT('',(655.,-152.4264));
#2326 = ( GEOMETRIC_REPRESENTATION_CONTEXT(2) 
PARAMETRIC_REPRESENTATION_CONTEXT() REPRESENTATION_CONTEXT('2D SPACE',''
  ) );
#2327 = PCURVE('',#2328,#2333);
#2328 = PLANE('',#2329);
#2329 = AXIS2_PLACEMENT_3D('',#2330,#2331,#2332);
#2330 = CARTESIAN_POINT('',(562.4264,-255.,134.238));
#2331 = DIRECTION('',(0.707106781187,-0.707106781187,0.));
#2332 = DIRECTION('',(0.707106781187,0.707106781187,0.));
#2333 = DEFINITIONAL_REPRESENTATION('',(#2334),#2337);
#2334 = B_SPLINE_CURVE_WITH_KNOTS('',1,(#2335,#2336),.UNSPECIFIED.,.F.,
  .F.,(2,2),(112.22717998381,243.14602062151),.PIECEWISE_BEZIER_KNOTS.);
#2335 = CARTESIAN_POINT('',(0.,-8.00000000001E-03));
#2336 = CARTESIAN_POINT('',(130.9188406377,-8.00000000001E-03));
#2337 = ( GEOMETRIC_REPRESENTATION_CONTEXT(2) 
PARAMETRIC_REPRESENTATION_CONTEXT() REPRESENTATION_CONTEXT('2D SPACE',''
  ) );
#2338 = ORIENTED_EDGE('',*,*,#2339,.F.);
#2339 = EDGE_CURVE('',#2340,#2314,#2342,.T.);
#2340 = VERTEX_POINT('',#2341);
#2341 = CARTESIAN_POINT('',(-562.4264,-255.,134.23));
#2342 = SURFACE_CURVE('',#2343,(#2347,#2353),.PCURVE_S1.);
#2343 = LINE('',#2344,#2345);
#2344 = CARTESIAN_POINT('',(-281.2132,-255.,134.23));
#2345 = VECTOR('',#2346,1.);
#2346 = DIRECTION('',(1.,0.,-0.));
#2347 = PCURVE('',#1292,#2348);
#2348 = DEFINITIONAL_REPRESENTATION('',(#2349),#2352);
#2349 = B_SPLINE_CURVE_WITH_KNOTS('',1,(#2350,#2351),.UNSPECIFIED.,.F.,
  .F.,(2,2),(-281.2132,843.6396),.PIECEWISE_BEZIER_KNOTS.);
#2350 = CARTESIAN_POINT('',(-562.4264,-245.));
#2351 = CARTESIAN_POINT('',(562.4264,-245.));
#2352 = ( GEOMETRIC_REPRESENTATION_CONTEXT(2) 
PARAMETRIC_REPRESENTATION_CONTEXT() REPRESENTATION_CONTEXT('2D SPACE',''
  ) );
#2353 = PCURVE('',#2354,#2359);
#2354 = PLANE('',#2355);
#2355 = AXIS2_PLACEMENT_3D('',#2356,#2357,#2358);
#2356 = CARTESIAN_POINT('',(-562.4264,-255.,134.238));
#2357 = DIRECTION('',(0.,-1.,0.));
#2358 = DIRECTION('',(1.,0.,0.));
#2359 = DEFINITIONAL_REPRESENTATION('',(#2360),#2363);
#2360 = B_SPLINE_CURVE_WITH_KNOTS('',1,(#2361,#2362),.UNSPECIFIED.,.F.,
  .F.,(2,2),(-281.2132,843.6396),.PIECEWISE_BEZIER_KNOTS.);
#2361 = CARTESIAN_POINT('',(0.,-8.00000000001E-03));
#2362 = CARTESIAN_POINT('',(1.1248528E+03,-8.00000000001E-03));
#2363 = ( GEOMETRIC_REPRESENTATION_CONTEXT(2) 
PARAMETRIC_REPRESENTATION_CONTEXT() REPRESENTATION_CONTEXT('2D SPACE',''
  ) );
#2364 = ORIENTED_EDGE('',*,*,#2365,.F.);
#2365 = EDGE_CURVE('',#2366,#2340,#2368,.T.);
#2366 = VERTEX_POINT('',#2367);
#2367 = CARTESIAN_POINT('',(-655.,-162.4264,134.23));
#2368 = SURFACE_CURVE('',#2369,(#2373,#2379),.PCURVE_S1.);
#2369 = LINE('',#2370,#2371);
#2370 = CARTESIAN_POINT('',(-529.3566,-288.0698,134.23));
#2371 = VECTOR('',#2372,1.);
#2372 = DIRECTION('',(0.707106781187,-0.707106781187,0.));
#2373 = PCURVE('',#1292,#2374);
#2374 = DEFINITIONAL_REPRESENTATION('',(#2375),#2378);
#2375 = B_SPLINE_CURVE_WITH_KNOTS('',1,(#2376,#2377),.UNSPECIFIED.,.F.,
  .F.,(2,2),(-177.6866003026,-46.76775966496),.PIECEWISE_BEZIER_KNOTS.);
#2376 = CARTESIAN_POINT('',(-655.,-152.4264));
#2377 = CARTESIAN_POINT('',(-562.4264,-245.));
#2378 = ( GEOMETRIC_REPRESENTATION_CONTEXT(2) 
PARAMETRIC_REPRESENTATION_CONTEXT() REPRESENTATION_CONTEXT('2D SPACE',''
  ) );
#2379 = PCURVE('',#2380,#2385);
#2380 = PLANE('',#2381);
#2381 = AXIS2_PLACEMENT_3D('',#2382,#2383,#2384);
#2382 = CARTESIAN_POINT('',(-655.,-162.4264,134.238));
#2383 = DIRECTION('',(-0.707106781187,-0.707106781187,0.));
#2384 = DIRECTION('',(0.707106781187,-0.707106781187,0.));
#2385 = DEFINITIONAL_REPRESENTATION('',(#2386),#2389);
#2386 = B_SPLINE_CURVE_WITH_KNOTS('',1,(#2387,#2388),.UNSPECIFIED.,.F.,
  .F.,(2,2),(-177.6866003026,-46.76775966496),.PIECEWISE_BEZIER_KNOTS.);
#2387 = CARTESIAN_POINT('',(0.,-8.00000000001E-03));
#2388 = CARTESIAN_POINT('',(130.9188406377,-8.00000000001E-03));
#2389 = ( GEOMETRIC_REPRESENTATION_CONTEXT(2) 
PARAMETRIC_REPRESENTATION_CONTEXT() REPRESENTATION_CONTEXT('2D SPACE',''
  ) );
#2390 = ORIENTED_EDGE('',*,*,#2391,.F.);
#2391 = EDGE_CURVE('',#2392,#2366,#2394,.T.);
#2392 = VERTEX_POINT('',#2393);
#2393 = CARTESIAN_POINT('',(-655.,142.4264,134.23));
#2394 = SURFACE_CURVE('',#2395,(#2399,#2405),.PCURVE_S1.);
#2395 = LINE('',#2396,#2397);
#2396 = CARTESIAN_POINT('',(-655.,66.2132,134.23));
#2397 = VECTOR('',#2398,1.);
#2398 = DIRECTION('',(0.,-1.,0.));
#2399 = PCURVE('',#1292,#2400);
#2400 = DEFINITIONAL_REPRESENTATION('',(#2401),#2404);
#2401 = B_SPLINE_CURVE_WITH_KNOTS('',1,(#2402,#2403),.UNSPECIFIED.,.F.,
  .F.,(2,2),(-76.2132,228.6396),.PIECEWISE_BEZIER_KNOTS.);
#2402 = CARTESIAN_POINT('',(-655.,152.4264));
#2403 = CARTESIAN_POINT('',(-655.,-152.4264));
#2404 = ( GEOMETRIC_REPRESENTATION_CONTEXT(2) 
PARAMETRIC_REPRESENTATION_CONTEXT() REPRESENTATION_CONTEXT('2D SPACE',''
  ) );
#2405 = PCURVE('',#2406,#2411);
#2406 = PLANE('',#2407);
#2407 = AXIS2_PLACEMENT_3D('',#2408,#2409,#2410);
#2408 = CARTESIAN_POINT('',(-655.,142.4264,134.238));
#2409 = DIRECTION('',(-1.,0.,0.));
#2410 = DIRECTION('',(0.,-1.,0.));
#2411 = DEFINITIONAL_REPRESENTATION('',(#2412),#2415);
#2412 = B_SPLINE_CURVE_WITH_KNOTS('',1,(#2413,#2414),.UNSPECIFIED.,.F.,
  .F.,(2,2),(-76.2132,228.6396),.PIECEWISE_BEZIER_KNOTS.);
#2413 = CARTESIAN_POINT('',(0.,-8.00000000001E-03));
#2414 = CARTESIAN_POINT('',(304.8528,-8.00000000001E-03));
#2415 = ( GEOMETRIC_REPRESENTATION_CONTEXT(2) 
PARAMETRIC_REPRESENTATION_CONTEXT() REPRESENTATION_CONTEXT('2D SPACE',''
  ) );
#2416 = ORIENTED_EDGE('',*,*,#2417,.F.);
#2417 = EDGE_CURVE('',#2203,#2392,#2418,.T.);
#2418 = SURFACE_CURVE('',#2419,(#2423,#2429),.PCURVE_S1.);
#2419 = LINE('',#2420,#2421);
#2420 = CARTESIAN_POINT('',(-483.0698,314.3566,134.23));
#2421 = VECTOR('',#2422,1.);
#2422 = DIRECTION('',(-0.707106781187,-0.707106781187,0.));
#2423 = PCURVE('',#1292,#2424);
#2424 = DEFINITIONAL_REPRESENTATION('',(#2425),#2428);
#2425 = B_SPLINE_CURVE_WITH_KNOTS('',1,(#2426,#2427),.UNSPECIFIED.,.F.,
  .F.,(2,2),(112.22717998381,243.14602062151),.PIECEWISE_BEZIER_KNOTS.);
#2426 = CARTESIAN_POINT('',(-562.4264,245.));
#2427 = CARTESIAN_POINT('',(-655.,152.4264));
#2428 = ( GEOMETRIC_REPRESENTATION_CONTEXT(2) 
PARAMETRIC_REPRESENTATION_CONTEXT() REPRESENTATION_CONTEXT('2D SPACE',''
  ) );
#2429 = PCURVE('',#2218,#2430);
#2430 = DEFINITIONAL_REPRESENTATION('',(#2431),#2434);
#2431 = B_SPLINE_CURVE_WITH_KNOTS('',1,(#2432,#2433),.UNSPECIFIED.,.F.,
  .F.,(2,2),(112.22717998381,243.14602062151),.PIECEWISE_BEZIER_KNOTS.);
#2432 = CARTESIAN_POINT('',(0.,-8.00000000001E-03));
#2433 = CARTESIAN_POINT('',(130.9188406377,-8.00000000001E-03));
#2434 = ( GEOMETRIC_REPRESENTATION_CONTEXT(2) 
PARAMETRIC_REPRESENTATION_CONTEXT() REPRESENTATION_CONTEXT('2D SPACE',''
  ) );
#2435 = ORIENTED_EDGE('',*,*,#2230,.F.);
#2436 = ORIENTED_EDGE('',*,*,#1277,.F.);
#2437 = ADVANCED_FACE('',(#2438),#2218,.F.);
#2438 = FACE_BOUND('',#2439,.F.);
#2439 = EDGE_LOOP('',(#2440,#2441,#2442,#2465));
#2440 = ORIENTED_EDGE('',*,*,#2417,.F.);
#2441 = ORIENTED_EDGE('',*,*,#2202,.T.);
#2442 = ORIENTED_EDGE('',*,*,#2443,.T.);
#2443 = EDGE_CURVE('',#2175,#2444,#2446,.T.);
#2444 = VERTEX_POINT('',#2445);
#2445 = CARTESIAN_POINT('',(-655.,142.4264,-29.999));
#2446 = SURFACE_CURVE('',#2447,(#2451,#2458),.PCURVE_S1.);
#2447 = LINE('',#2448,#2449);
#2448 = CARTESIAN_POINT('',(-562.4264,235.,-29.999));
#2449 = VECTOR('',#2450,1.);
#2450 = DIRECTION('',(-0.707106781187,-0.707106781187,0.));
#2451 = PCURVE('',#2218,#2452);
#2452 = DEFINITIONAL_REPRESENTATION('',(#2453),#2457);
#2453 = LINE('',#2454,#2455);
#2454 = CARTESIAN_POINT('',(-0.,-164.237));
#2455 = VECTOR('',#2456,1.);
#2456 = DIRECTION('',(1.,0.));
#2457 = ( GEOMETRIC_REPRESENTATION_CONTEXT(2) 
PARAMETRIC_REPRESENTATION_CONTEXT() REPRESENTATION_CONTEXT('2D SPACE',''
  ) );
#2458 = PCURVE('',#2190,#2459);
#2459 = DEFINITIONAL_REPRESENTATION('',(#2460),#2464);
#2460 = LINE('',#2461,#2462);
#2461 = CARTESIAN_POINT('',(-562.4264,245.));
#2462 = VECTOR('',#2463,1.);
#2463 = DIRECTION('',(-0.707106781187,-0.707106781187));
#2464 = ( GEOMETRIC_REPRESENTATION_CONTEXT(2) 
PARAMETRIC_REPRESENTATION_CONTEXT() REPRESENTATION_CONTEXT('2D SPACE',''
  ) );
#2465 = ORIENTED_EDGE('',*,*,#2466,.F.);
#2466 = EDGE_CURVE('',#2392,#2444,#2467,.T.);
#2467 = SURFACE_CURVE('',#2468,(#2472,#2479),.PCURVE_S1.);
#2468 = LINE('',#2469,#2470);
#2469 = CARTESIAN_POINT('',(-655.,142.4264,134.238));
#2470 = VECTOR('',#2471,1.);
#2471 = DIRECTION('',(-0.,-0.,-1.));
#2472 = PCURVE('',#2218,#2473);
#2473 = DEFINITIONAL_REPRESENTATION('',(#2474),#2478);
#2474 = LINE('',#2475,#2476);
#2475 = CARTESIAN_POINT('',(130.9188406377,0.));
#2476 = VECTOR('',#2477,1.);
#2477 = DIRECTION('',(0.,-1.));
#2478 = ( GEOMETRIC_REPRESENTATION_CONTEXT(2) 
PARAMETRIC_REPRESENTATION_CONTEXT() REPRESENTATION_CONTEXT('2D SPACE',''
  ) );
#2479 = PCURVE('',#2406,#2480);
#2480 = DEFINITIONAL_REPRESENTATION('',(#2481),#2485);
#2481 = LINE('',#2482,#2483);
#2482 = CARTESIAN_POINT('',(0.,0.));
#2483 = VECTOR('',#2484,1.);
#2484 = DIRECTION('',(0.,-1.));
#2485 = ( GEOMETRIC_REPRESENTATION_CONTEXT(2) 
PARAMETRIC_REPRESENTATION_CONTEXT() REPRESENTATION_CONTEXT('2D SPACE',''
  ) );
#2486 = ADVANCED_FACE('',(#2487,#2627,#2662,#2697,#2732,#3248,#3283,
    #3799),#2190,.T.);
#2487 = FACE_BOUND('',#2488,.T.);
#2488 = EDGE_LOOP('',(#2489,#2490,#2491,#2514,#2537,#2560,#2583,#2606));
#2489 = ORIENTED_EDGE('',*,*,#2174,.T.);
#2490 = ORIENTED_EDGE('',*,*,#2443,.T.);
#2491 = ORIENTED_EDGE('',*,*,#2492,.T.);
#2492 = EDGE_CURVE('',#2444,#2493,#2495,.T.);
#2493 = VERTEX_POINT('',#2494);
#2494 = CARTESIAN_POINT('',(-655.,-162.4264,-29.999));
#2495 = SURFACE_CURVE('',#2496,(#2500,#2507),.PCURVE_S1.);
#2496 = LINE('',#2497,#2498);
#2497 = CARTESIAN_POINT('',(-655.,142.4264,-29.999));
#2498 = VECTOR('',#2499,1.);
#2499 = DIRECTION('',(0.,-1.,0.));
#2500 = PCURVE('',#2190,#2501);
#2501 = DEFINITIONAL_REPRESENTATION('',(#2502),#2506);
#2502 = LINE('',#2503,#2504);
#2503 = CARTESIAN_POINT('',(-655.,152.4264));
#2504 = VECTOR('',#2505,1.);
#2505 = DIRECTION('',(0.,-1.));
#2506 = ( GEOMETRIC_REPRESENTATION_CONTEXT(2) 
PARAMETRIC_REPRESENTATION_CONTEXT() REPRESENTATION_CONTEXT('2D SPACE',''
  ) );
#2507 = PCURVE('',#2406,#2508);
#2508 = DEFINITIONAL_REPRESENTATION('',(#2509),#2513);
#2509 = LINE('',#2510,#2511);
#2510 = CARTESIAN_POINT('',(0.,-164.237));
#2511 = VECTOR('',#2512,1.);
#2512 = DIRECTION('',(1.,0.));
#2513 = ( GEOMETRIC_REPRESENTATION_CONTEXT(2) 
PARAMETRIC_REPRESENTATION_CONTEXT() REPRESENTATION_CONTEXT('2D SPACE',''
  ) );
#2514 = ORIENTED_EDGE('',*,*,#2515,.T.);
#2515 = EDGE_CURVE('',#2493,#2516,#2518,.T.);
#2516 = VERTEX_POINT('',#2517);
#2517 = CARTESIAN_POINT('',(-562.4264,-255.,-29.999));
#2518 = SURFACE_CURVE('',#2519,(#2523,#2530),.PCURVE_S1.);
#2519 = LINE('',#2520,#2521);
#2520 = CARTESIAN_POINT('',(-655.,-162.4264,-29.999));
#2521 = VECTOR('',#2522,1.);
#2522 = DIRECTION('',(0.707106781187,-0.707106781187,0.));
#2523 = PCURVE('',#2190,#2524);
#2524 = DEFINITIONAL_REPRESENTATION('',(#2525),#2529);
#2525 = LINE('',#2526,#2527);
#2526 = CARTESIAN_POINT('',(-655.,-152.4264));
#2527 = VECTOR('',#2528,1.);
#2528 = DIRECTION('',(0.707106781187,-0.707106781187));
#2529 = ( GEOMETRIC_REPRESENTATION_CONTEXT(2) 
PARAMETRIC_REPRESENTATION_CONTEXT() REPRESENTATION_CONTEXT('2D SPACE',''
  ) );
#2530 = PCURVE('',#2380,#2531);
#2531 = DEFINITIONAL_REPRESENTATION('',(#2532),#2536);
#2532 = LINE('',#2533,#2534);
#2533 = CARTESIAN_POINT('',(0.,-164.237));
#2534 = VECTOR('',#2535,1.);
#2535 = DIRECTION('',(1.,0.));
#2536 = ( GEOMETRIC_REPRESENTATION_CONTEXT(2) 
PARAMETRIC_REPRESENTATION_CONTEXT() REPRESENTATION_CONTEXT('2D SPACE',''
  ) );
#2537 = ORIENTED_EDGE('',*,*,#2538,.T.);
#2538 = EDGE_CURVE('',#2516,#2539,#2541,.T.);
#2539 = VERTEX_POINT('',#2540);
#2540 = CARTESIAN_POINT('',(562.4264,-255.,-29.999));
#2541 = SURFACE_CURVE('',#2542,(#2546,#2553),.PCURVE_S1.);
#2542 = LINE('',#2543,#2544);
#2543 = CARTESIAN_POINT('',(-562.4264,-255.,-29.999));
#2544 = VECTOR('',#2545,1.);
#2545 = DIRECTION('',(1.,0.,0.));
#2546 = PCURVE('',#2190,#2547);
#2547 = DEFINITIONAL_REPRESENTATION('',(#2548),#2552);
#2548 = LINE('',#2549,#2550);
#2549 = CARTESIAN_POINT('',(-562.4264,-245.));
#2550 = VECTOR('',#2551,1.);
#2551 = DIRECTION('',(1.,0.));
#2552 = ( GEOMETRIC_REPRESENTATION_CONTEXT(2) 
PARAMETRIC_REPRESENTATION_CONTEXT() REPRESENTATION_CONTEXT('2D SPACE',''
  ) );
#2553 = PCURVE('',#2354,#2554);
#2554 = DEFINITIONAL_REPRESENTATION('',(#2555),#2559);
#2555 = LINE('',#2556,#2557);
#2556 = CARTESIAN_POINT('',(0.,-164.237));
#2557 = VECTOR('',#2558,1.);
#2558 = DIRECTION('',(1.,0.));
#2559 = ( GEOMETRIC_REPRESENTATION_CONTEXT(2) 
PARAMETRIC_REPRESENTATION_CONTEXT() REPRESENTATION_CONTEXT('2D SPACE',''
  ) );
#2560 = ORIENTED_EDGE('',*,*,#2561,.T.);
#2561 = EDGE_CURVE('',#2539,#2562,#2564,.T.);
#2562 = VERTEX_POINT('',#2563);
#2563 = CARTESIAN_POINT('',(655.,-162.4264,-29.999));
#2564 = SURFACE_CURVE('',#2565,(#2569,#2576),.PCURVE_S1.);
#2565 = LINE('',#2566,#2567);
#2566 = CARTESIAN_POINT('',(562.4264,-255.,-29.999));
#2567 = VECTOR('',#2568,1.);
#2568 = DIRECTION('',(0.707106781187,0.707106781187,0.));
#2569 = PCURVE('',#2190,#2570);
#2570 = DEFINITIONAL_REPRESENTATION('',(#2571),#2575);
#2571 = LINE('',#2572,#2573);
#2572 = CARTESIAN_POINT('',(562.4264,-245.));
#2573 = VECTOR('',#2574,1.);
#2574 = DIRECTION('',(0.707106781187,0.707106781187));
#2575 = ( GEOMETRIC_REPRESENTATION_CONTEXT(2) 
PARAMETRIC_REPRESENTATION_CONTEXT() REPRESENTATION_CONTEXT('2D SPACE',''
  ) );
#2576 = PCURVE('',#2328,#2577);
#2577 = DEFINITIONAL_REPRESENTATION('',(#2578),#2582);
#2578 = LINE('',#2579,#2580);
#2579 = CARTESIAN_POINT('',(0.,-164.237));
#2580 = VECTOR('',#2581,1.);
#2581 = DIRECTION('',(1.,0.));
#2582 = ( GEOMETRIC_REPRESENTATION_CONTEXT(2) 
PARAMETRIC_REPRESENTATION_CONTEXT() REPRESENTATION_CONTEXT('2D SPACE',''
  ) );
#2583 = ORIENTED_EDGE('',*,*,#2584,.T.);
#2584 = EDGE_CURVE('',#2562,#2585,#2587,.T.);
#2585 = VERTEX_POINT('',#2586);
#2586 = CARTESIAN_POINT('',(655.,142.4264,-29.999));
#2587 = SURFACE_CURVE('',#2588,(#2592,#2599),.PCURVE_S1.);
#2588 = LINE('',#2589,#2590);
#2589 = CARTESIAN_POINT('',(655.,-162.4264,-29.999));
#2590 = VECTOR('',#2591,1.);
#2591 = DIRECTION('',(0.,1.,0.));
#2592 = PCURVE('',#2190,#2593);
#2593 = DEFINITIONAL_REPRESENTATION('',(#2594),#2598);
#2594 = LINE('',#2595,#2596);
#2595 = CARTESIAN_POINT('',(655.,-152.4264));
#2596 = VECTOR('',#2597,1.);
#2597 = DIRECTION('',(0.,1.));
#2598 = ( GEOMETRIC_REPRESENTATION_CONTEXT(2) 
PARAMETRIC_REPRESENTATION_CONTEXT() REPRESENTATION_CONTEXT('2D SPACE',''
  ) );
#2599 = PCURVE('',#2302,#2600);
#2600 = DEFINITIONAL_REPRESENTATION('',(#2601),#2605);
#2601 = LINE('',#2602,#2603);
#2602 = CARTESIAN_POINT('',(0.,-164.237));
#2603 = VECTOR('',#2604,1.);
#2604 = DIRECTION('',(1.,0.));
#2605 = ( GEOMETRIC_REPRESENTATION_CONTEXT(2) 
PARAMETRIC_REPRESENTATION_CONTEXT() REPRESENTATION_CONTEXT('2D SPACE',''
  ) );
#2606 = ORIENTED_EDGE('',*,*,#2607,.T.);
#2607 = EDGE_CURVE('',#2585,#2147,#2608,.T.);
#2608 = SURFACE_CURVE('',#2609,(#2613,#2620),.PCURVE_S1.);
#2609 = LINE('',#2610,#2611);
#2610 = CARTESIAN_POINT('',(655.,142.4264,-29.999));
#2611 = VECTOR('',#2612,1.);
#2612 = DIRECTION('',(-0.707106781187,0.707106781187,0.));
#2613 = PCURVE('',#2190,#2614);
#2614 = DEFINITIONAL_REPRESENTATION('',(#2615),#2619);
#2615 = LINE('',#2616,#2617);
#2616 = CARTESIAN_POINT('',(655.,152.4264));
#2617 = VECTOR('',#2618,1.);
#2618 = DIRECTION('',(-0.707106781187,0.707106781187));
#2619 = ( GEOMETRIC_REPRESENTATION_CONTEXT(2) 
PARAMETRIC_REPRESENTATION_CONTEXT() REPRESENTATION_CONTEXT('2D SPACE',''
  ) );
#2620 = PCURVE('',#2162,#2621);
#2621 = DEFINITIONAL_REPRESENTATION('',(#2622),#2626);
#2622 = LINE('',#2623,#2624);
#2623 = CARTESIAN_POINT('',(0.,-164.237));
#2624 = VECTOR('',#2625,1.);
#2625 = DIRECTION('',(1.,0.));
#2626 = ( GEOMETRIC_REPRESENTATION_CONTEXT(2) 
PARAMETRIC_REPRESENTATION_CONTEXT() REPRESENTATION_CONTEXT('2D SPACE',''
  ) );
#2627 = FACE_BOUND('',#2628,.T.);
#2628 = EDGE_LOOP('',(#2629));
#2629 = ORIENTED_EDGE('',*,*,#2630,.T.);
#2630 = EDGE_CURVE('',#2631,#2631,#2633,.T.);
#2631 = VERTEX_POINT('',#2632);
#2632 = CARTESIAN_POINT('',(-500.,-125.,-29.999));
#2633 = SURFACE_CURVE('',#2634,(#2639,#2650),.PCURVE_S1.);
#2634 = CIRCLE('',#2635,25.);
#2635 = AXIS2_PLACEMENT_3D('',#2636,#2637,#2638);
#2636 = CARTESIAN_POINT('',(-525.,-125.,-29.999));
#2637 = DIRECTION('',(0.,0.,-1.));
#2638 = DIRECTION('',(1.,0.,0.));
#2639 = PCURVE('',#2190,#2640);
#2640 = DEFINITIONAL_REPRESENTATION('',(#2641),#2649);
#2641 = ( BOUNDED_CURVE() B_SPLINE_CURVE(2,(#2642,#2643,#2644,#2645,
#2646,#2647,#2648),.UNSPECIFIED.,.T.,.F.) B_SPLINE_CURVE_WITH_KNOTS((1,2
    ,2,2,2,1),(-2.094395102393,0.,2.094395102393,4.188790204786,
6.28318530718,8.377580409573),.UNSPECIFIED.) CURVE() 
GEOMETRIC_REPRESENTATION_ITEM() RATIONAL_B_SPLINE_CURVE((1.,0.5,1.,0.5,
1.,0.5,1.)) REPRESENTATION_ITEM('') );
#2642 = CARTESIAN_POINT('',(-500.,-115.));
#2643 = CARTESIAN_POINT('',(-500.,-158.3012701892));
#2644 = CARTESIAN_POINT('',(-537.5,-136.6506350946));
#2645 = CARTESIAN_POINT('',(-575.,-115.));
#2646 = CARTESIAN_POINT('',(-537.5,-93.34936490538));
#2647 = CARTESIAN_POINT('',(-500.,-71.69872981077));
#2648 = CARTESIAN_POINT('',(-500.,-115.));
#2649 = ( GEOMETRIC_REPRESENTATION_CONTEXT(2) 
PARAMETRIC_REPRESENTATION_CONTEXT() REPRESENTATION_CONTEXT('2D SPACE',''
  ) );
#2650 = PCURVE('',#2651,#2656);
#2651 = CYLINDRICAL_SURFACE('',#2652,25.);
#2652 = AXIS2_PLACEMENT_3D('',#2653,#2654,#2655);
#2653 = CARTESIAN_POINT('',(-525.,-125.,-30.));
#2654 = DIRECTION('',(-0.,-0.,-1.));
#2655 = DIRECTION('',(1.,0.,0.));
#2656 = DEFINITIONAL_REPRESENTATION('',(#2657),#2661);
#2657 = LINE('',#2658,#2659);
#2658 = CARTESIAN_POINT('',(-6.28318530718,-1.000000000005E-03));
#2659 = VECTOR('',#2660,1.);
#2660 = DIRECTION('',(1.,-0.));
#2661 = ( GEOMETRIC_REPRESENTATION_CONTEXT(2) 
PARAMETRIC_REPRESENTATION_CONTEXT() REPRESENTATION_CONTEXT('2D SPACE',''
  ) );
#2662 = FACE_BOUND('',#2663,.T.);
#2663 = EDGE_LOOP('',(#2664));
#2664 = ORIENTED_EDGE('',*,*,#2665,.T.);
#2665 = EDGE_CURVE('',#2666,#2666,#2668,.T.);
#2666 = VERTEX_POINT('',#2667);
#2667 = CARTESIAN_POINT('',(40.,-125.,-29.999));
#2668 = SURFACE_CURVE('',#2669,(#2674,#2685),.PCURVE_S1.);
#2669 = CIRCLE('',#2670,40.);
#2670 = AXIS2_PLACEMENT_3D('',#2671,#2672,#2673);
#2671 = CARTESIAN_POINT('',(0.,-125.,-29.999));
#2672 = DIRECTION('',(0.,0.,-1.));
#2673 = DIRECTION('',(1.,0.,0.));
#2674 = PCURVE('',#2190,#2675);
#2675 = DEFINITIONAL_REPRESENTATION('',(#2676),#2684);
#2676 = ( BOUNDED_CURVE() B_SPLINE_CURVE(2,(#2677,#2678,#2679,#2680,
#2681,#2682,#2683),.UNSPECIFIED.,.T.,.F.) B_SPLINE_CURVE_WITH_KNOTS((1,2
    ,2,2,2,1),(-2.094395102393,0.,2.094395102393,4.188790204786,
6.28318530718,8.377580409573),.UNSPECIFIED.) CURVE() 
GEOMETRIC_REPRESENTATION_ITEM() RATIONAL_B_SPLINE_CURVE((1.,0.5,1.,0.5,
1.,0.5,1.)) REPRESENTATION_ITEM('') );
#2677 = CARTESIAN_POINT('',(40.,-115.));
#2678 = CARTESIAN_POINT('',(40.,-184.2820323027));
#2679 = CARTESIAN_POINT('',(-20.,-149.6410161513));
#2680 = CARTESIAN_POINT('',(-80.,-115.));
#2681 = CARTESIAN_POINT('',(-20.,-80.35898384862));
#2682 = CARTESIAN_POINT('',(40.,-45.71796769724));
#2683 = CARTESIAN_POINT('',(40.,-115.));
#2684 = ( GEOMETRIC_REPRESENTATION_CONTEXT(2) 
PARAMETRIC_REPRESENTATION_CONTEXT() REPRESENTATION_CONTEXT('2D SPACE',''
  ) );
#2685 = PCURVE('',#2686,#2691);
#2686 = CYLINDRICAL_SURFACE('',#2687,40.);
#2687 = AXIS2_PLACEMENT_3D('',#2688,#2689,#2690);
#2688 = CARTESIAN_POINT('',(0.,-125.,-30.));
#2689 = DIRECTION('',(-0.,-0.,-1.));
#2690 = DIRECTION('',(1.,0.,0.));
#2691 = DEFINITIONAL_REPRESENTATION('',(#2692),#2696);
#2692 = LINE('',#2693,#2694);
#2693 = CARTESIAN_POINT('',(-6.28318530718,-1.000000000005E-03));
#2694 = VECTOR('',#2695,1.);
#2695 = DIRECTION('',(1.,-0.));
#2696 = ( GEOMETRIC_REPRESENTATION_CONTEXT(2) 
PARAMETRIC_REPRESENTATION_CONTEXT() REPRESENTATION_CONTEXT('2D SPACE',''
  ) );
#2697 = FACE_BOUND('',#2698,.T.);
#2698 = EDGE_LOOP('',(#2699));
#2699 = ORIENTED_EDGE('',*,*,#2700,.T.);
#2700 = EDGE_CURVE('',#2701,#2701,#2703,.T.);
#2701 = VERTEX_POINT('',#2702);
#2702 = CARTESIAN_POINT('',(550.,-125.,-29.999));
#2703 = SURFACE_CURVE('',#2704,(#2709,#2720),.PCURVE_S1.);
#2704 = CIRCLE('',#2705,25.);
#2705 = AXIS2_PLACEMENT_3D('',#2706,#2707,#2708);
#2706 = CARTESIAN_POINT('',(525.,-125.,-29.999));
#2707 = DIRECTION('',(0.,0.,-1.));
#2708 = DIRECTION('',(1.,0.,0.));
#2709 = PCURVE('',#2190,#2710);
#2710 = DEFINITIONAL_REPRESENTATION('',(#2711),#2719);
#2711 = ( BOUNDED_CURVE() B_SPLINE_CURVE(2,(#2712,#2713,#2714,#2715,
#2716,#2717,#2718),.UNSPECIFIED.,.T.,.F.) B_SPLINE_CURVE_WITH_KNOTS((1,2
    ,2,2,2,1),(-2.094395102393,0.,2.094395102393,4.188790204786,
6.28318530718,8.377580409573),.UNSPECIFIED.) CURVE() 
GEOMETRIC_REPRESENTATION_ITEM() RATIONAL_B_SPLINE_CURVE((1.,0.5,1.,0.5,
1.,0.5,1.)) REPRESENTATION_ITEM('') );
#2712 = CARTESIAN_POINT('',(550.,-115.));
#2713 = CARTESIAN_POINT('',(550.,-158.3012701892));
#2714 = CARTESIAN_POINT('',(512.5,-136.6506350946));
#2715 = CARTESIAN_POINT('',(475.,-115.));
#2716 = CARTESIAN_POINT('',(512.5,-93.34936490538));
#2717 = CARTESIAN_POINT('',(550.,-71.69872981077));
#2718 = CARTESIAN_POINT('',(550.,-115.));
#2719 = ( GEOMETRIC_REPRESENTATION_CONTEXT(2) 
PARAMETRIC_REPRESENTATION_CONTEXT() REPRESENTATION_CONTEXT('2D SPACE',''
  ) );
#2720 = PCURVE('',#2721,#2726);
#2721 = CYLINDRICAL_SURFACE('',#2722,25.);
#2722 = AXIS2_PLACEMENT_3D('',#2723,#2724,#2725);
#2723 = CARTESIAN_POINT('',(525.,-125.,-30.));
#2724 = DIRECTION('',(-0.,-0.,-1.));
#2725 = DIRECTION('',(1.,0.,0.));
#2726 = DEFINITIONAL_REPRESENTATION('',(#2727),#2731);
#2727 = LINE('',#2728,#2729);
#2728 = CARTESIAN_POINT('',(-6.28318530718,-1.000000000005E-03));
#2729 = VECTOR('',#2730,1.);
#2730 = DIRECTION('',(1.,-0.));
#2731 = ( GEOMETRIC_REPRESENTATION_CONTEXT(2) 
PARAMETRIC_REPRESENTATION_CONTEXT() REPRESENTATION_CONTEXT('2D SPACE',''
  ) );
#2732 = FACE_BOUND('',#2733,.T.);
#2733 = EDGE_LOOP('',(#2734));
#2734 = ORIENTED_EDGE('',*,*,#2735,.T.);
#2735 = EDGE_CURVE('',#2736,#2736,#2738,.T.);
#2736 = VERTEX_POINT('',#2737);
#2737 = CARTESIAN_POINT('',(-274.8004,4.08E-02,-29.999));
#2738 = SURFACE_CURVE('',#2739,(#2904,#3072),.PCURVE_S1.);
#2739 = B_SPLINE_CURVE_WITH_KNOTS('',7,(#2740,#2741,#2742,#2743,#2744,
    #2745,#2746,#2747,#2748,#2749,#2750,#2751,#2752,#2753,#2754,#2755,
    #2756,#2757,#2758,#2759,#2760,#2761,#2762,#2763,#2764,#2765,#2766,
    #2767,#2768,#2769,#2770,#2771,#2772,#2773,#2774,#2775,#2776,#2777,
    #2778,#2779,#2780,#2781,#2782,#2783,#2784,#2785,#2786,#2787,#2788,
    #2789,#2790,#2791,#2792,#2793,#2794,#2795,#2796,#2797,#2798,#2799,
    #2800,#2801,#2802,#2803,#2804,#2805,#2806,#2807,#2808,#2809,#2810,
    #2811,#2812,#2813,#2814,#2815,#2816,#2817,#2818,#2819,#2820,#2821,
    #2822,#2823,#2824,#2825,#2826,#2827,#2828,#2829,#2830,#2831,#2832,
    #2833,#2834,#2835,#2836,#2837,#2838,#2839,#2840,#2841,#2842,#2843,
    #2844,#2845,#2846,#2847,#2848,#2849,#2850,#2851,#2852,#2853,#2854,
    #2855,#2856,#2857,#2858,#2859,#2860,#2861,#2862,#2863,#2864,#2865,
    #2866,#2867,#2868,#2869,#2870,#2871,#2872,#2873,#2874,#2875,#2876,
    #2877,#2878,#2879,#2880,#2881,#2882,#2883,#2884,#2885,#2886,#2887,
    #2888,#2889,#2890,#2891,#2892,#2893,#2894,#2895,#2896,#2897,#2898,
    #2899,#2900,#2901,#2902,#2903),.UNSPECIFIED.,.T.,.F.,(8,6,6,6,6,6,6,
    6,6,6,6,6,6,6,6,6,6,6,6,6,6,6,6,6,6,6,6,8),(0.,6.509914707447E-02,
    0.102826019136,0.146120640029,0.176273750015,0.197429820438,
    0.249995730897,0.302561641356,0.32371771178,0.353870821765,
    0.397165442658,0.434892314719,0.455616352946,0.469573959316,
    0.500001025377,0.544384186283,0.565108199982,0.602835027394,
    0.646129597047,0.676282671346,0.697438716731,0.750004564977,
    0.802570413223,0.823726458608,0.853879532907,0.89717410256,
    0.934900929971,1.),.UNSPECIFIED.);
#2740 = CARTESIAN_POINT('',(-274.8004,4.079999999998E-02,-29.999));
#2741 = CARTESIAN_POINT('',(-274.8003993619,-5.678779450741,-29.999));
#2742 = CARTESIAN_POINT('',(-275.2971095935,-11.40133866696,-29.999));
#2743 = CARTESIAN_POINT('',(-276.2914376859,-17.06946449682,-29.999));
#2744 = CARTESIAN_POINT('',(-277.769214049,-22.63314460604,-29.999));
#2745 = CARTESIAN_POINT('',(-279.7073334423,-28.04841114819,-29.999));
#2746 = CARTESIAN_POINT('',(-282.0753957859,-33.27695598324,-29.999));
#2747 = CARTESIAN_POINT('',(-286.4369135495,-41.1887869233,-29.999));
#2748 = CARTESIAN_POINT('',(-288.1696268386,-44.01864058935,-29.999));
#2749 = CARTESIAN_POINT('',(-290.0281237014,-46.76966361314,-29.999));
#2750 = CARTESIAN_POINT('',(-292.0054190062,-49.43700557914,-29.999));
#2751 = CARTESIAN_POINT('',(-294.09443348,-52.01665183542,-29.999));
#2752 = CARTESIAN_POINT('',(-296.2881506578,-54.50530848719,-29.999));
#2753 = CARTESIAN_POINT('',(-301.2094991218,-59.6487871809,-29.999));
#2754 = CARTESIAN_POINT('',(-303.9681140997,-62.27389243739,-29.999));
#2755 = CARTESIAN_POINT('',(-306.8453038861,-64.77170493396,-29.999));
#2756 = CARTESIAN_POINT('',(-309.8310640555,-67.13928318048,-29.999));
#2757 = CARTESIAN_POINT('',(-312.9158007114,-69.3744940289,-29.999));
#2758 = CARTESIAN_POINT('',(-316.0904576693,-71.47585306759,-29.999));
#2759 = CARTESIAN_POINT('',(-321.6144269575,-74.81200337522,-29.999));
#2760 = CARTESIAN_POINT('',(-323.9217264009,-76.11619779691,-29.999));
#2761 = CARTESIAN_POINT('',(-326.2656628307,-77.35463148447,-29.999));
#2762 = CARTESIAN_POINT('',(-328.643472306,-78.52705668101,-29.999));
#2763 = CARTESIAN_POINT('',(-331.0524948705,-79.63330179828,-29.999));
#2764 = CARTESIAN_POINT('',(-333.4901812719,-80.67325773868,-29.999));
#2765 = CARTESIAN_POINT('',(-337.6828377959,-82.32996739623,-29.999));
#2766 = CARTESIAN_POINT('',(-339.4244816597,-82.98040548311,-29.999));
#2767 = CARTESIAN_POINT('',(-341.1781874066,-83.59815632516,-29.999));
#2768 = CARTESIAN_POINT('',(-342.9431300472,-84.18320620984,-29.999));
#2769 = CARTESIAN_POINT('',(-344.7185039036,-84.73554854669,-29.999));
#2770 = CARTESIAN_POINT('',(-346.5035230429,-85.25518254915,-29.999));
#2771 = CARTESIAN_POINT('',(-352.7546729966,-86.95197204054,-29.999));
#2772 = CARTESIAN_POINT('',(-357.2665725125,-87.95988044016,-29.999));
#2773 = CARTESIAN_POINT('',(-361.8215957452,-88.76598127077,-29.999));
#2774 = CARTESIAN_POINT('',(-366.4085341491,-89.37039194106,-29.999));
#2775 = CARTESIAN_POINT('',(-371.0164865186,-89.77325572544,-29.999));
#2776 = CARTESIAN_POINT('',(-375.634862751,-89.97469998547,-29.999));
#2777 = CARTESIAN_POINT('',(-384.8719372489,-89.97469998547,-29.999));
#2778 = CARTESIAN_POINT('',(-389.4903134813,-89.77325572545,-29.999));
#2779 = CARTESIAN_POINT('',(-394.0982658508,-89.37039194106,-29.999));
#2780 = CARTESIAN_POINT('',(-398.6852042546,-88.76598127077,-29.999));
#2781 = CARTESIAN_POINT('',(-403.2402274874,-87.95988044016,-29.999));
#2782 = CARTESIAN_POINT('',(-407.7521270033,-86.95197204054,-29.999));
#2783 = CARTESIAN_POINT('',(-414.003276957,-85.25518254915,-29.999));
#2784 = CARTESIAN_POINT('',(-415.7882960963,-84.7355485467,-29.999));
#2785 = CARTESIAN_POINT('',(-417.5636699527,-84.18320620984,-29.999));
#2786 = CARTESIAN_POINT('',(-419.3286125933,-83.59815632516,-29.999));
#2787 = CARTESIAN_POINT('',(-421.0823183402,-82.98040548312,-29.999));
#2788 = CARTESIAN_POINT('',(-422.823962204,-82.32996739624,-29.999));
#2789 = CARTESIAN_POINT('',(-427.016618728,-80.67325773869,-29.999));
#2790 = CARTESIAN_POINT('',(-429.4543051294,-79.63330179828,-29.999));
#2791 = CARTESIAN_POINT('',(-431.8633276939,-78.52705668102,-29.999));
#2792 = CARTESIAN_POINT('',(-434.2411371692,-77.35463148448,-29.999));
#2793 = CARTESIAN_POINT('',(-436.5850735989,-76.11619779692,-29.999));
#2794 = CARTESIAN_POINT('',(-438.8923730424,-74.81200337523,-29.999));
#2795 = CARTESIAN_POINT('',(-444.4163423306,-71.4758530676,-29.999));
#2796 = CARTESIAN_POINT('',(-447.5909992885,-69.37449402891,-29.999));
#2797 = CARTESIAN_POINT('',(-450.6757359444,-67.13928318049,-29.999));
#2798 = CARTESIAN_POINT('',(-453.6614961138,-64.77170493397,-29.999));
#2799 = CARTESIAN_POINT('',(-456.5386859002,-62.27389243741,-29.999));
#2800 = CARTESIAN_POINT('',(-459.2973008781,-59.64878718091,-29.999));
#2801 = CARTESIAN_POINT('',(-464.2186493421,-54.50530848721,-29.999));
#2802 = CARTESIAN_POINT('',(-466.4123665199,-52.01665183543,-29.999));
#2803 = CARTESIAN_POINT('',(-468.5013809937,-49.43700557915,-29.999));
#2804 = CARTESIAN_POINT('',(-470.4786762985,-46.76966361315,-29.999));
#2805 = CARTESIAN_POINT('',(-472.3371731613,-44.01864058936,-29.999));
#2806 = CARTESIAN_POINT('',(-474.0698864504,-41.18878692332,-29.999));
#2807 = CARTESIAN_POINT('',(-476.5491678878,-36.69134832289,-29.999));
#2808 = CARTESIAN_POINT('',(-477.388240826,-35.0747231971,-29.999));
#2809 = CARTESIAN_POINT('',(-478.1862381203,-33.43702622386,-29.999));
#2810 = CARTESIAN_POINT('',(-478.9420860672,-31.77929777355,-29.999));
#2811 = CARTESIAN_POINT('',(-479.6547556764,-30.10265758591,-29.999));
#2812 = CARTESIAN_POINT('',(-480.3232732291,-28.4083095504,-29.999));
#2813 = CARTESIAN_POINT('',(-481.3666286063,-25.5453502921,-29.999));
#2814 = CARTESIAN_POINT('',(-481.7660885171,-24.38570492239,-29.999));
#2815 = CARTESIAN_POINT('',(-482.1448337332,-23.2190043166,-29.999));
#2816 = CARTESIAN_POINT('',(-482.502602633,-22.04565637561,-29.999));
#2817 = CARTESIAN_POINT('',(-482.8391501747,-20.86608337548,-29.999));
#2818 = CARTESIAN_POINT('',(-483.1542492609,-19.6807223811,-29.999));
#2819 = CARTESIAN_POINT('',(-484.0873866535,-15.89435083496,-29.999));
#2820 = CARTESIAN_POINT('',(-484.6241853256,-13.27324026415,-29.999));
#2821 = CARTESIAN_POINT('',(-485.0558990111,-10.63148159528,-29.999));
#2822 = CARTESIAN_POINT('',(-485.3808523718,-7.974018360855,-29.999));
#2823 = CARTESIAN_POINT('',(-485.5978878628,-5.305949989359,-29.999));
#2824 = CARTESIAN_POINT('',(-485.7064000182,-2.632535374187,-29.999));
#2825 = CARTESIAN_POINT('',(-485.706400347,3.940323607591,-29.999));
#2826 = CARTESIAN_POINT('',(-485.4755143867,7.840341619224,-29.999));
#2827 = CARTESIAN_POINT('',(-485.0136446873,11.723556071104,-29.999));
#2828 = CARTESIAN_POINT('',(-484.3236302479,15.573765086187,-29.999));
#2829 = CARTESIAN_POINT('',(-483.4106564027,19.37576951558,-29.999));
#2830 = CARTESIAN_POINT('',(-482.2819458548,23.115326005024,-29.999));
#2831 = CARTESIAN_POINT('',(-480.3232732291,28.489909550376,-29.999));
#2832 = CARTESIAN_POINT('',(-479.6547556764,30.184257585896,-29.999));
#2833 = CARTESIAN_POINT('',(-478.9420860672,31.860897773531,-29.999));
#2834 = CARTESIAN_POINT('',(-478.1862381203,33.518626223841,-29.999));
#2835 = CARTESIAN_POINT('',(-477.388240826,35.156323197082,-29.999));
#2836 = CARTESIAN_POINT('',(-476.5491678878,36.772948322872,-29.999));
#2837 = CARTESIAN_POINT('',(-474.0698864504,41.270386923298,-29.999));
#2838 = CARTESIAN_POINT('',(-472.3371731613,44.100240589348,-29.999));
#2839 = CARTESIAN_POINT('',(-470.4786762985,46.851263613137,-29.999));
#2840 = CARTESIAN_POINT('',(-468.5013809937,49.518605579138,-29.999));
#2841 = CARTESIAN_POINT('',(-466.4123665199,52.098251835418,-29.999));
#2842 = CARTESIAN_POINT('',(-464.2186493421,54.586908487195,-29.999));
#2843 = CARTESIAN_POINT('',(-459.2973008781,59.730387180906,-29.999));
#2844 = CARTESIAN_POINT('',(-456.5386859002,62.355492437381,-29.999));
#2845 = CARTESIAN_POINT('',(-453.6614961138,64.853304933972,-29.999));
#2846 = CARTESIAN_POINT('',(-450.6757359444,67.220883180486,-29.999));
#2847 = CARTESIAN_POINT('',(-447.5909992885,69.456094028885,-29.999));
#2848 = CARTESIAN_POINT('',(-444.4163423306,71.557453067601,-29.999));
#2849 = CARTESIAN_POINT('',(-438.8923730424,74.893603375217,-29.999));
#2850 = CARTESIAN_POINT('',(-436.585073599,76.197797796912,-29.999));
#2851 = CARTESIAN_POINT('',(-434.2411371692,77.436231484472,-29.999));
#2852 = CARTESIAN_POINT('',(-431.8633276939,78.608656681008,-29.999));
#2853 = CARTESIAN_POINT('',(-429.4543051294,79.714901798277,-29.999));
#2854 = CARTESIAN_POINT('',(-427.016618728,80.754857738684,-29.999));
#2855 = CARTESIAN_POINT('',(-422.823962204,82.411567396236,-29.999));
#2856 = CARTESIAN_POINT('',(-421.0823183402,83.062005483116,-29.999));
#2857 = CARTESIAN_POINT('',(-419.3286125933,83.679756325158,-29.999));
#2858 = CARTESIAN_POINT('',(-417.5636699527,84.264806209839,-29.999));
#2859 = CARTESIAN_POINT('',(-415.7882960963,84.817148546696,-29.999));
#2860 = CARTESIAN_POINT('',(-414.003276957,85.336782549152,-29.999));
#2861 = CARTESIAN_POINT('',(-407.7521270033,87.033572040542,-29.999));
#2862 = CARTESIAN_POINT('',(-403.2402274874,88.041480440158,-29.999));
#2863 = CARTESIAN_POINT('',(-398.6852042547,88.847581270777,-29.999));
#2864 = CARTESIAN_POINT('',(-394.0982658508,89.451991941065,-29.999));
#2865 = CARTESIAN_POINT('',(-389.4903134813,89.854855725443,-29.999));
#2866 = CARTESIAN_POINT('',(-384.8719372489,90.056299985475,-29.999));
#2867 = CARTESIAN_POINT('',(-375.634862751,90.056299985475,-29.999));
#2868 = CARTESIAN_POINT('',(-371.0164865186,89.854855725447,-29.999));
#2869 = CARTESIAN_POINT('',(-366.4085341491,89.451991941067,-29.999));
#2870 = CARTESIAN_POINT('',(-361.8215957453,88.847581270779,-29.999));
#2871 = CARTESIAN_POINT('',(-357.2665725125,88.041480440166,-29.999));
#2872 = CARTESIAN_POINT('',(-352.7546729966,87.033572040546,-29.999));
#2873 = CARTESIAN_POINT('',(-346.5035230429,85.336782549158,-29.999));
#2874 = CARTESIAN_POINT('',(-344.7185039036,84.817148546704,-29.999));
#2875 = CARTESIAN_POINT('',(-342.9431300472,84.264806209848,-29.999));
#2876 = CARTESIAN_POINT('',(-341.1781874066,83.679756325166,-29.999));
#2877 = CARTESIAN_POINT('',(-339.4244816597,83.062005483124,-29.999));
#2878 = CARTESIAN_POINT('',(-337.6828377959,82.411567396246,-29.999));
#2879 = CARTESIAN_POINT('',(-333.4901812719,80.754857738693,-29.999));
#2880 = CARTESIAN_POINT('',(-331.0524948705,79.714901798289,-29.999));
#2881 = CARTESIAN_POINT('',(-328.643472306,78.608656681019,-29.999));
#2882 = CARTESIAN_POINT('',(-326.2656628307,77.436231484482,-29.999));
#2883 = CARTESIAN_POINT('',(-323.921726401,76.197797796922,-29.999));
#2884 = CARTESIAN_POINT('',(-321.6144269575,74.893603375231,-29.999));
#2885 = CARTESIAN_POINT('',(-316.0904576693,71.557453067613,-29.999));
#2886 = CARTESIAN_POINT('',(-312.9158007114,69.456094028905,-29.999));
#2887 = CARTESIAN_POINT('',(-309.8310640555,67.220883180494,-29.999));
#2888 = CARTESIAN_POINT('',(-306.8453038861,64.853304933984,-29.999));
#2889 = CARTESIAN_POINT('',(-303.9681140997,62.355492437406,-29.999));
#2890 = CARTESIAN_POINT('',(-301.2094991218,59.730387180918,-29.999));
#2891 = CARTESIAN_POINT('',(-296.2881506578,54.58690848721,-29.999));
#2892 = CARTESIAN_POINT('',(-294.09443348,52.09825183544,-29.999));
#2893 = CARTESIAN_POINT('',(-292.0054190062,49.518605579156,-29.999));
#2894 = CARTESIAN_POINT('',(-290.0281237014,46.851263613153,-29.999));
#2895 = CARTESIAN_POINT('',(-288.1696268386,44.100240589368,-29.999));
#2896 = CARTESIAN_POINT('',(-286.4369135495,41.270386923318,-29.999));
#2897 = CARTESIAN_POINT('',(-282.0753957859,33.35855598326,-29.999));
#2898 = CARTESIAN_POINT('',(-279.7073334423,28.130011148207,-29.999));
#2899 = CARTESIAN_POINT('',(-277.769214049,22.71474460604,-29.999));
#2900 = CARTESIAN_POINT('',(-276.2914376859,17.15106449684,-29.999));
#2901 = CARTESIAN_POINT('',(-275.2971095935,11.482938666956,-29.999));
#2902 = CARTESIAN_POINT('',(-274.8003993619,5.760379450746,-29.999));
#2903 = CARTESIAN_POINT('',(-274.8004,4.080000000001E-02,-29.999));
#2904 = PCURVE('',#2190,#2905);
#2905 = DEFINITIONAL_REPRESENTATION('',(#2906),#3071);
#2906 = B_SPLINE_CURVE_WITH_KNOTS('',7,(#2907,#2908,#2909,#2910,#2911,
    #2912,#2913,#2914,#2915,#2916,#2917,#2918,#2919,#2920,#2921,#2922,
    #2923,#2924,#2925,#2926,#2927,#2928,#2929,#2930,#2931,#2932,#2933,
    #2934,#2935,#2936,#2937,#2938,#2939,#2940,#2941,#2942,#2943,#2944,
    #2945,#2946,#2947,#2948,#2949,#2950,#2951,#2952,#2953,#2954,#2955,
    #2956,#2957,#2958,#2959,#2960,#2961,#2962,#2963,#2964,#2965,#2966,
    #2967,#2968,#2969,#2970,#2971,#2972,#2973,#2974,#2975,#2976,#2977,
    #2978,#2979,#2980,#2981,#2982,#2983,#2984,#2985,#2986,#2987,#2988,
    #2989,#2990,#2991,#2992,#2993,#2994,#2995,#2996,#2997,#2998,#2999,
    #3000,#3001,#3002,#3003,#3004,#3005,#3006,#3007,#3008,#3009,#3010,
    #3011,#3012,#3013,#3014,#3015,#3016,#3017,#3018,#3019,#3020,#3021,
    #3022,#3023,#3024,#3025,#3026,#3027,#3028,#3029,#3030,#3031,#3032,
    #3033,#3034,#3035,#3036,#3037,#3038,#3039,#3040,#3041,#3042,#3043,
    #3044,#3045,#3046,#3047,#3048,#3049,#3050,#3051,#3052,#3053,#3054,
    #3055,#3056,#3057,#3058,#3059,#3060,#3061,#3062,#3063,#3064,#3065,
    #3066,#3067,#3068,#3069,#3070),.UNSPECIFIED.,.F.,.F.,(8,6,6,6,6,6,6,
    6,6,6,6,6,6,6,6,6,6,6,6,6,6,6,6,6,6,6,6,8),(0.,6.509914707447E-02,
    0.102826019136,0.146120640029,0.176273750015,0.197429820438,
    0.249995730897,0.302561641356,0.32371771178,0.353870821765,
    0.397165442658,0.434892314719,0.455616352946,0.469573959316,
    0.500001025377,0.544384186283,0.565108199982,0.602835027394,
    0.646129597047,0.676282671346,0.697438716731,0.750004564977,
    0.802570413223,0.823726458608,0.853879532907,0.89717410256,
    0.934900929971,1.),.UNSPECIFIED.);
#2907 = CARTESIAN_POINT('',(-274.8004,10.0408));
#2908 = CARTESIAN_POINT('',(-274.8003993619,4.321220549259));
#2909 = CARTESIAN_POINT('',(-275.2971095935,-1.401338666963));
#2910 = CARTESIAN_POINT('',(-276.2914376859,-7.06946449682));
#2911 = CARTESIAN_POINT('',(-277.769214049,-12.63314460604));
#2912 = CARTESIAN_POINT('',(-279.7073334423,-18.04841114819));
#2913 = CARTESIAN_POINT('',(-282.0753957859,-23.27695598324));
#2914 = CARTESIAN_POINT('',(-286.4369135495,-31.1887869233));
#2915 = CARTESIAN_POINT('',(-288.1696268386,-34.01864058935));
#2916 = CARTESIAN_POINT('',(-290.0281237014,-36.76966361314));
#2917 = CARTESIAN_POINT('',(-292.0054190062,-39.43700557914));
#2918 = CARTESIAN_POINT('',(-294.09443348,-42.01665183542));
#2919 = CARTESIAN_POINT('',(-296.2881506578,-44.50530848719));
#2920 = CARTESIAN_POINT('',(-301.2094991218,-49.6487871809));
#2921 = CARTESIAN_POINT('',(-303.9681140997,-52.27389243739));
#2922 = CARTESIAN_POINT('',(-306.8453038861,-54.77170493396));
#2923 = CARTESIAN_POINT('',(-309.8310640555,-57.13928318048));
#2924 = CARTESIAN_POINT('',(-312.9158007114,-59.3744940289));
#2925 = CARTESIAN_POINT('',(-316.0904576693,-61.47585306759));
#2926 = CARTESIAN_POINT('',(-321.6144269575,-64.81200337522));
#2927 = CARTESIAN_POINT('',(-323.9217264009,-66.11619779691));
#2928 = CARTESIAN_POINT('',(-326.2656628307,-67.35463148447));
#2929 = CARTESIAN_POINT('',(-328.643472306,-68.52705668101));
#2930 = CARTESIAN_POINT('',(-331.0524948705,-69.63330179828));
#2931 = CARTESIAN_POINT('',(-333.4901812719,-70.67325773868));
#2932 = CARTESIAN_POINT('',(-337.6828377959,-72.32996739623));
#2933 = CARTESIAN_POINT('',(-339.4244816597,-72.98040548311));
#2934 = CARTESIAN_POINT('',(-341.1781874066,-73.59815632516));
#2935 = CARTESIAN_POINT('',(-342.9431300472,-74.18320620984));
#2936 = CARTESIAN_POINT('',(-344.7185039036,-74.73554854669));
#2937 = CARTESIAN_POINT('',(-346.5035230429,-75.25518254915));
#2938 = CARTESIAN_POINT('',(-352.7546729966,-76.95197204054));
#2939 = CARTESIAN_POINT('',(-357.2665725125,-77.95988044016));
#2940 = CARTESIAN_POINT('',(-361.8215957452,-78.76598127077));
#2941 = CARTESIAN_POINT('',(-366.4085341491,-79.37039194106));
#2942 = CARTESIAN_POINT('',(-371.0164865186,-79.77325572544));
#2943 = CARTESIAN_POINT('',(-375.634862751,-79.97469998547));
#2944 = CARTESIAN_POINT('',(-384.8719372489,-79.97469998547));
#2945 = CARTESIAN_POINT('',(-389.4903134813,-79.77325572545));
#2946 = CARTESIAN_POINT('',(-394.0982658508,-79.37039194106));
#2947 = CARTESIAN_POINT('',(-398.6852042546,-78.76598127077));
#2948 = CARTESIAN_POINT('',(-403.2402274874,-77.95988044016));
#2949 = CARTESIAN_POINT('',(-407.7521270033,-76.95197204054));
#2950 = CARTESIAN_POINT('',(-414.003276957,-75.25518254915));
#2951 = CARTESIAN_POINT('',(-415.7882960963,-74.7355485467));
#2952 = CARTESIAN_POINT('',(-417.5636699527,-74.18320620984));
#2953 = CARTESIAN_POINT('',(-419.3286125933,-73.59815632516));
#2954 = CARTESIAN_POINT('',(-421.0823183402,-72.98040548312));
#2955 = CARTESIAN_POINT('',(-422.823962204,-72.32996739624));
#2956 = CARTESIAN_POINT('',(-427.016618728,-70.67325773869));
#2957 = CARTESIAN_POINT('',(-429.4543051294,-69.63330179828));
#2958 = CARTESIAN_POINT('',(-431.8633276939,-68.52705668102));
#2959 = CARTESIAN_POINT('',(-434.2411371692,-67.35463148448));
#2960 = CARTESIAN_POINT('',(-436.5850735989,-66.11619779692));
#2961 = CARTESIAN_POINT('',(-438.8923730424,-64.81200337523));
#2962 = CARTESIAN_POINT('',(-444.4163423306,-61.4758530676));
#2963 = CARTESIAN_POINT('',(-447.5909992885,-59.37449402891));
#2964 = CARTESIAN_POINT('',(-450.6757359444,-57.13928318049));
#2965 = CARTESIAN_POINT('',(-453.6614961138,-54.77170493397));
#2966 = CARTESIAN_POINT('',(-456.5386859002,-52.27389243741));
#2967 = CARTESIAN_POINT('',(-459.2973008781,-49.64878718091));
#2968 = CARTESIAN_POINT('',(-464.2186493421,-44.50530848721));
#2969 = CARTESIAN_POINT('',(-466.4123665199,-42.01665183543));
#2970 = CARTESIAN_POINT('',(-468.5013809937,-39.43700557915));
#2971 = CARTESIAN_POINT('',(-470.4786762985,-36.76966361315));
#2972 = CARTESIAN_POINT('',(-472.3371731613,-34.01864058936));
#2973 = CARTESIAN_POINT('',(-474.0698864504,-31.18878692332));
#2974 = CARTESIAN_POINT('',(-476.5491678878,-26.69134832289));
#2975 = CARTESIAN_POINT('',(-477.388240826,-25.0747231971));
#2976 = CARTESIAN_POINT('',(-478.1862381203,-23.43702622386));
#2977 = CARTESIAN_POINT('',(-478.9420860672,-21.77929777355));
#2978 = CARTESIAN_POINT('',(-479.6547556764,-20.10265758591));
#2979 = CARTESIAN_POINT('',(-480.3232732291,-18.4083095504));
#2980 = CARTESIAN_POINT('',(-481.3666286063,-15.5453502921));
#2981 = CARTESIAN_POINT('',(-481.7660885171,-14.38570492239));
#2982 = CARTESIAN_POINT('',(-482.1448337332,-13.2190043166));
#2983 = CARTESIAN_POINT('',(-482.502602633,-12.04565637561));
#2984 = CARTESIAN_POINT('',(-482.8391501747,-10.86608337548));
#2985 = CARTESIAN_POINT('',(-483.1542492609,-9.680722381104));
#2986 = CARTESIAN_POINT('',(-484.0873866535,-5.894350834961));
#2987 = CARTESIAN_POINT('',(-484.6241853256,-3.273240264154));
#2988 = CARTESIAN_POINT('',(-485.0558990111,-0.631481595283));
#2989 = CARTESIAN_POINT('',(-485.3808523718,2.025981639145));
#2990 = CARTESIAN_POINT('',(-485.5978878628,4.694050010641));
#2991 = CARTESIAN_POINT('',(-485.7064000182,7.367464625813));
#2992 = CARTESIAN_POINT('',(-485.706400347,13.940323607591));
#2993 = CARTESIAN_POINT('',(-485.4755143867,17.840341619224));
#2994 = CARTESIAN_POINT('',(-485.0136446873,21.723556071104));
#2995 = CARTESIAN_POINT('',(-484.3236302479,25.573765086187));
#2996 = CARTESIAN_POINT('',(-483.4106564027,29.37576951558));
#2997 = CARTESIAN_POINT('',(-482.2819458548,33.115326005024));
#2998 = CARTESIAN_POINT('',(-480.3232732291,38.489909550376));
#2999 = CARTESIAN_POINT('',(-479.6547556764,40.184257585896));
#3000 = CARTESIAN_POINT('',(-478.9420860672,41.860897773531));
#3001 = CARTESIAN_POINT('',(-478.1862381203,43.518626223841));
#3002 = CARTESIAN_POINT('',(-477.388240826,45.156323197082));
#3003 = CARTESIAN_POINT('',(-476.5491678878,46.772948322872));
#3004 = CARTESIAN_POINT('',(-474.0698864504,51.270386923298));
#3005 = CARTESIAN_POINT('',(-472.3371731613,54.100240589348));
#3006 = CARTESIAN_POINT('',(-470.4786762985,56.851263613137));
#3007 = CARTESIAN_POINT('',(-468.5013809937,59.518605579138));
#3008 = CARTESIAN_POINT('',(-466.4123665199,62.098251835418));
#3009 = CARTESIAN_POINT('',(-464.2186493421,64.586908487195));
#3010 = CARTESIAN_POINT('',(-459.2973008781,69.730387180906));
#3011 = CARTESIAN_POINT('',(-456.5386859002,72.355492437381));
#3012 = CARTESIAN_POINT('',(-453.6614961138,74.853304933972));
#3013 = CARTESIAN_POINT('',(-450.6757359444,77.220883180486));
#3014 = CARTESIAN_POINT('',(-447.5909992885,79.456094028885));
#3015 = CARTESIAN_POINT('',(-444.4163423306,81.557453067601));
#3016 = CARTESIAN_POINT('',(-438.8923730424,84.893603375217));
#3017 = CARTESIAN_POINT('',(-436.585073599,86.197797796912));
#3018 = CARTESIAN_POINT('',(-434.2411371692,87.436231484472));
#3019 = CARTESIAN_POINT('',(-431.8633276939,88.608656681008));
#3020 = CARTESIAN_POINT('',(-429.4543051294,89.714901798277));
#3021 = CARTESIAN_POINT('',(-427.016618728,90.754857738684));
#3022 = CARTESIAN_POINT('',(-422.823962204,92.411567396236));
#3023 = CARTESIAN_POINT('',(-421.0823183402,93.062005483116));
#3024 = CARTESIAN_POINT('',(-419.3286125933,93.679756325158));
#3025 = CARTESIAN_POINT('',(-417.5636699527,94.264806209839));
#3026 = CARTESIAN_POINT('',(-415.7882960963,94.817148546696));
#3027 = CARTESIAN_POINT('',(-414.003276957,95.336782549152));
#3028 = CARTESIAN_POINT('',(-407.7521270033,97.033572040542));
#3029 = CARTESIAN_POINT('',(-403.2402274874,98.041480440158));
#3030 = CARTESIAN_POINT('',(-398.6852042547,98.847581270777));
#3031 = CARTESIAN_POINT('',(-394.0982658508,99.451991941065));
#3032 = CARTESIAN_POINT('',(-389.4903134813,99.854855725443));
#3033 = CARTESIAN_POINT('',(-384.8719372489,100.05629998547));
#3034 = CARTESIAN_POINT('',(-375.634862751,100.05629998547));
#3035 = CARTESIAN_POINT('',(-371.0164865186,99.854855725447));
#3036 = CARTESIAN_POINT('',(-366.4085341491,99.451991941067));
#3037 = CARTESIAN_POINT('',(-361.8215957453,98.847581270779));
#3038 = CARTESIAN_POINT('',(-357.2665725125,98.041480440166));
#3039 = CARTESIAN_POINT('',(-352.7546729966,97.033572040546));
#3040 = CARTESIAN_POINT('',(-346.5035230429,95.336782549158));
#3041 = CARTESIAN_POINT('',(-344.7185039036,94.817148546704));
#3042 = CARTESIAN_POINT('',(-342.9431300472,94.264806209848));
#3043 = CARTESIAN_POINT('',(-341.1781874066,93.679756325166));
#3044 = CARTESIAN_POINT('',(-339.4244816597,93.062005483124));
#3045 = CARTESIAN_POINT('',(-337.6828377959,92.411567396246));
#3046 = CARTESIAN_POINT('',(-333.4901812719,90.754857738693));
#3047 = CARTESIAN_POINT('',(-331.0524948705,89.714901798289));
#3048 = CARTESIAN_POINT('',(-328.643472306,88.608656681019));
#3049 = CARTESIAN_POINT('',(-326.2656628307,87.436231484482));
#3050 = CARTESIAN_POINT('',(-323.921726401,86.197797796922));
#3051 = CARTESIAN_POINT('',(-321.6144269575,84.893603375231));
#3052 = CARTESIAN_POINT('',(-316.0904576693,81.557453067613));
#3053 = CARTESIAN_POINT('',(-312.9158007114,79.456094028905));
#3054 = CARTESIAN_POINT('',(-309.8310640555,77.220883180494));
#3055 = CARTESIAN_POINT('',(-306.8453038861,74.853304933984));
#3056 = CARTESIAN_POINT('',(-303.9681140997,72.355492437406));
#3057 = CARTESIAN_POINT('',(-301.2094991218,69.730387180918));
#3058 = CARTESIAN_POINT('',(-296.2881506578,64.58690848721));
#3059 = CARTESIAN_POINT('',(-294.09443348,62.09825183544));
#3060 = CARTESIAN_POINT('',(-292.0054190062,59.518605579156));
#3061 = CARTESIAN_POINT('',(-290.0281237014,56.851263613153));
#3062 = CARTESIAN_POINT('',(-288.1696268386,54.100240589368));
#3063 = CARTESIAN_POINT('',(-286.4369135495,51.270386923318));
#3064 = CARTESIAN_POINT('',(-282.0753957859,43.35855598326));
#3065 = CARTESIAN_POINT('',(-279.7073334423,38.130011148207));
#3066 = CARTESIAN_POINT('',(-277.769214049,32.71474460604));
#3067 = CARTESIAN_POINT('',(-276.2914376859,27.15106449684));
#3068 = CARTESIAN_POINT('',(-275.2971095935,21.482938666956));
#3069 = CARTESIAN_POINT('',(-274.8003993619,15.760379450746));
#3070 = CARTESIAN_POINT('',(-274.8004,10.0408));
#3071 = ( GEOMETRIC_REPRESENTATION_CONTEXT(2) 
PARAMETRIC_REPRESENTATION_CONTEXT() REPRESENTATION_CONTEXT('2D SPACE',''
  ) );
#3072 = PCURVE('',#3073,#3081);
#3073 = SURFACE_OF_LINEAR_EXTRUSION('',#3074,#3079);
#3074 = ELLIPSE('',#3075,105.453,90.0155);
#3075 = AXIS2_PLACEMENT_3D('',#3076,#3077,#3078);
#3076 = CARTESIAN_POINT('',(-380.2534,4.08E-02,-30.));
#3077 = DIRECTION('',(0.,0.,1.));
#3078 = DIRECTION('',(1.,0.,0.));
#3079 = VECTOR('',#3080,1.);
#3080 = DIRECTION('',(-0.,-0.,-1.));
#3081 = DEFINITIONAL_REPRESENTATION('',(#3082),#3247);
#3082 = B_SPLINE_CURVE_WITH_KNOTS('',7,(#3083,#3084,#3085,#3086,#3087,
    #3088,#3089,#3090,#3091,#3092,#3093,#3094,#3095,#3096,#3097,#3098,
    #3099,#3100,#3101,#3102,#3103,#3104,#3105,#3106,#3107,#3108,#3109,
    #3110,#3111,#3112,#3113,#3114,#3115,#3116,#3117,#3118,#3119,#3120,
    #3121,#3122,#3123,#3124,#3125,#3126,#3127,#3128,#3129,#3130,#3131,
    #3132,#3133,#3134,#3135,#3136,#3137,#3138,#3139,#3140,#3141,#3142,
    #3143,#3144,#3145,#3146,#3147,#3148,#3149,#3150,#3151,#3152,#3153,
    #3154,#3155,#3156,#3157,#3158,#3159,#3160,#3161,#3162,#3163,#3164,
    #3165,#3166,#3167,#3168,#3169,#3170,#3171,#3172,#3173,#3174,#3175,
    #3176,#3177,#3178,#3179,#3180,#3181,#3182,#3183,#3184,#3185,#3186,
    #3187,#3188,#3189,#3190,#3191,#3192,#3193,#3194,#3195,#3196,#3197,
    #3198,#3199,#3200,#3201,#3202,#3203,#3204,#3205,#3206,#3207,#3208,
    #3209,#3210,#3211,#3212,#3213,#3214,#3215,#3216,#3217,#3218,#3219,
    #3220,#3221,#3222,#3223,#3224,#3225,#3226,#3227,#3228,#3229,#3230,
    #3231,#3232,#3233,#3234,#3235,#3236,#3237,#3238,#3239,#3240,#3241,
    #3242,#3243,#3244,#3245,#3246),.UNSPECIFIED.,.F.,.F.,(8,6,6,6,6,6,6,
    6,6,6,6,6,6,6,6,6,6,6,6,6,6,6,6,6,6,6,6,8),(0.,6.509914707447E-02,
    0.102826019136,0.146120640029,0.176273750015,0.197429820438,
    0.249995730897,0.302561641356,0.32371771178,0.353870821765,
    0.397165442658,0.434892314719,0.455616352946,0.469573959316,
    0.500001025377,0.544384186283,0.565108199982,0.602835027394,
    0.646129597047,0.676282671346,0.697438716731,0.750004564977,
    0.802570413223,0.823726458608,0.853879532907,0.89717410256,
    0.934900929971,1.),.UNSPECIFIED.);
#3083 = CARTESIAN_POINT('',(6.28318530718,-1.000000000005E-03));
#3084 = CARTESIAN_POINT('',(6.219645363219,-1.000000000005E-03));
#3085 = CARTESIAN_POINT('',(6.156072349279,-1.000000000005E-03));
#3086 = CARTESIAN_POINT('',(6.092684912172,-1.000000000005E-03));
#3087 = CARTESIAN_POINT('',(6.029618205066,-1.000000000005E-03));
#3088 = CARTESIAN_POINT('',(5.966979300728,-1.000000000005E-03));
#3089 = CARTESIAN_POINT('',(5.904861099427,-1.000000000005E-03));
#3090 = CARTESIAN_POINT('',(5.807721991737,-1.000000000005E-03));
#3091 = CARTESIAN_POINT('',(5.772280541402,-1.000000000005E-03));
#3092 = CARTESIAN_POINT('',(5.737049666071,-1.000000000005E-03));
#3093 = CARTESIAN_POINT('',(5.702036130901,-1.000000000005E-03));
#3094 = CARTESIAN_POINT('',(5.667243190867,-1.000000000005E-03));
#3095 = CARTESIAN_POINT('',(5.63267129784,-1.000000000005E-03));
#3096 = CARTESIAN_POINT('',(5.558895060373,-1.000000000005E-03));
#3097 = CARTESIAN_POINT('',(5.519760551021,-1.000000000005E-03));
#3098 = CARTESIAN_POINT('',(5.480909918938,-1.000000000005E-03));
#3099 = CARTESIAN_POINT('',(5.442335020387,-1.000000000005E-03));
#3100 = CARTESIAN_POINT('',(5.404024933229,-1.000000000005E-03));
#3101 = CARTESIAN_POINT('',(5.365965990009,-1.000000000005E-03));
#3102 = CARTESIAN_POINT('',(5.301797524948,-1.000000000005E-03));
#3103 = CARTESIAN_POINT('',(5.275567925869,-1.000000000005E-03));
#3104 = CARTESIAN_POINT('',(5.24944678946,-1.000000000005E-03));
#3105 = CARTESIAN_POINT('',(5.223428411711,-1.000000000005E-03));
#3106 = CARTESIAN_POINT('',(5.197506854084,-1.000000000005E-03));
#3107 = CARTESIAN_POINT('',(5.171675859209,-1.000000000005E-03));
#3108 = CARTESIAN_POINT('',(5.127864052687,-1.000000000005E-03));
#3109 = CARTESIAN_POINT('',(5.109840719432,-1.000000000005E-03));
#3110 = CARTESIAN_POINT('',(5.091856503038,-1.000000000005E-03));
#3111 = CARTESIAN_POINT('',(5.073909137125,-1.000000000005E-03));
#3112 = CARTESIAN_POINT('',(5.055996334663,-1.000000000005E-03));
#3113 = CARTESIAN_POINT('',(5.038115769923,-1.000000000005E-03));
#3114 = CARTESIAN_POINT('',(4.975911890036,-1.000000000005E-03));
#3115 = CARTESIAN_POINT('',(4.931744715181,-1.000000000005E-03));
#3116 = CARTESIAN_POINT('',(4.887724739194,-1.000000000005E-03));
#3117 = CARTESIAN_POINT('',(4.84381562658,-1.000000000005E-03));
#3118 = CARTESIAN_POINT('',(4.799981694436,-1.000000000005E-03));
#3119 = CARTESIAN_POINT('',(4.756186093724,-1.000000000005E-03));
#3120 = CARTESIAN_POINT('',(4.668591867046,-1.000000000005E-03));
#3121 = CARTESIAN_POINT('',(4.624796266333,-1.000000000005E-03));
#3122 = CARTESIAN_POINT('',(4.58096233419,-1.000000000005E-03));
#3123 = CARTESIAN_POINT('',(4.537053221576,-1.000000000005E-03));
#3124 = CARTESIAN_POINT('',(4.493033245589,-1.000000000005E-03));
#3125 = CARTESIAN_POINT('',(4.448866070733,-1.000000000005E-03));
#3126 = CARTESIAN_POINT('',(4.386662190846,-1.000000000005E-03));
#3127 = CARTESIAN_POINT('',(4.368781626107,-1.000000000005E-03));
#3128 = CARTESIAN_POINT('',(4.350868823644,-1.000000000005E-03));
#3129 = CARTESIAN_POINT('',(4.332921457732,-1.000000000005E-03));
#3130 = CARTESIAN_POINT('',(4.314937241338,-1.000000000005E-03));
#3131 = CARTESIAN_POINT('',(4.296913908082,-1.000000000005E-03));
#3132 = CARTESIAN_POINT('',(4.25310210156,-1.000000000005E-03));
#3133 = CARTESIAN_POINT('',(4.227271106686,-1.000000000005E-03));
#3134 = CARTESIAN_POINT('',(4.201349549059,-1.000000000005E-03));
#3135 = CARTESIAN_POINT('',(4.17533117131,-1.000000000005E-03));
#3136 = CARTESIAN_POINT('',(4.149210034901,-1.000000000005E-03));
#3137 = CARTESIAN_POINT('',(4.122980435821,-1.000000000005E-03));
#3138 = CARTESIAN_POINT('',(4.058811970761,-1.000000000005E-03));
#3139 = CARTESIAN_POINT('',(4.02075302754,-1.000000000005E-03));
#3140 = CARTESIAN_POINT('',(3.982442940383,-1.000000000005E-03));
#3141 = CARTESIAN_POINT('',(3.943868041832,-1.000000000005E-03));
#3142 = CARTESIAN_POINT('',(3.905017409748,-1.000000000005E-03));
#3143 = CARTESIAN_POINT('',(3.865882900397,-1.000000000005E-03));
#3144 = CARTESIAN_POINT('',(3.79210666293,-1.000000000005E-03));
#3145 = CARTESIAN_POINT('',(3.757534769902,-1.000000000005E-03));
#3146 = CARTESIAN_POINT('',(3.722741829868,-1.000000000005E-03));
#3147 = CARTESIAN_POINT('',(3.687728294699,-1.000000000005E-03));
#3148 = CARTESIAN_POINT('',(3.652497419367,-1.000000000005E-03));
#3149 = CARTESIAN_POINT('',(3.617055969033,-1.000000000005E-03));
#3150 = CARTESIAN_POINT('',(3.561837753675,-1.000000000005E-03));
#3151 = CARTESIAN_POINT('',(3.542199733977,-1.000000000005E-03));
#3152 = CARTESIAN_POINT('',(3.522503498083,-1.000000000005E-03));
#3153 = CARTESIAN_POINT('',(3.50275123654,-1.000000000005E-03));
#3154 = CARTESIAN_POINT('',(3.482945468261,-1.000000000005E-03));
#3155 = CARTESIAN_POINT('',(3.463089110418,-1.000000000005E-03));
#3156 = CARTESIAN_POINT('',(3.429780531325,-1.000000000005E-03));
#3157 = CARTESIAN_POINT('',(3.416354064521,-1.000000000005E-03));
#3158 = CARTESIAN_POINT('',(3.402907172805,-1.000000000005E-03));
#3159 = CARTESIAN_POINT('',(3.38944092841,-1.000000000005E-03));
#3160 = CARTESIAN_POINT('',(3.375956463155,-1.000000000005E-03));
#3161 = CARTESIAN_POINT('',(3.362454980689,-1.000000000005E-03));
#3162 = CARTESIAN_POINT('',(3.319470746201,-1.000000000005E-03));
#3163 = CARTESIAN_POINT('',(3.289928078234,-1.000000000005E-03));
#3164 = CARTESIAN_POINT('',(3.260324286867,-1.000000000005E-03));
#3165 = CARTESIAN_POINT('',(3.230673643341,-1.000000000005E-03));
#3166 = CARTESIAN_POINT('',(3.200990755724,-1.000000000005E-03));
#3167 = CARTESIAN_POINT('',(3.171291265568,-1.000000000005E-03));
#3168 = CARTESIAN_POINT('',(3.098272069493,-1.000000000005E-03));
#3169 = CARTESIAN_POINT('',(3.054946021425,-1.000000000005E-03));
#3170 = CARTESIAN_POINT('',(3.011673781845,-1.000000000005E-03));
#3171 = CARTESIAN_POINT('',(2.968502608921,-1.000000000005E-03));
#3172 = CARTESIAN_POINT('',(2.92547354857,-1.000000000005E-03));
#3173 = CARTESIAN_POINT('',(2.882625816295,-1.000000000005E-03));
#3174 = CARTESIAN_POINT('',(2.820096196762,-1.000000000005E-03));
#3175 = CARTESIAN_POINT('',(2.800239838918,-1.000000000005E-03));
#3176 = CARTESIAN_POINT('',(2.78043407064,-1.000000000005E-03));
#3177 = CARTESIAN_POINT('',(2.760681809097,-1.000000000005E-03));
#3178 = CARTESIAN_POINT('',(2.740985573203,-1.000000000005E-03));
#3179 = CARTESIAN_POINT('',(2.721347553505,-1.000000000005E-03));
#3180 = CARTESIAN_POINT('',(2.666129338147,-1.000000000005E-03));
#3181 = CARTESIAN_POINT('',(2.630687887812,-1.000000000005E-03));
#3182 = CARTESIAN_POINT('',(2.595457012481,-1.000000000005E-03));
#3183 = CARTESIAN_POINT('',(2.560443477312,-1.000000000005E-03));
#3184 = CARTESIAN_POINT('',(2.525650537277,-1.000000000005E-03));
#3185 = CARTESIAN_POINT('',(2.49107864425,-1.000000000005E-03));
#3186 = CARTESIAN_POINT('',(2.417302406783,-1.000000000005E-03));
#3187 = CARTESIAN_POINT('',(2.378167897432,-1.000000000005E-03));
#3188 = CARTESIAN_POINT('',(2.339317265348,-1.000000000005E-03));
#3189 = CARTESIAN_POINT('',(2.300742366797,-1.000000000005E-03));
#3190 = CARTESIAN_POINT('',(2.26243227964,-1.000000000005E-03));
#3191 = CARTESIAN_POINT('',(2.224373336419,-1.000000000005E-03));
#3192 = CARTESIAN_POINT('',(2.160204871359,-1.000000000005E-03));
#3193 = CARTESIAN_POINT('',(2.133975272279,-1.000000000005E-03));
#3194 = CARTESIAN_POINT('',(2.10785413587,-1.000000000005E-03));
#3195 = CARTESIAN_POINT('',(2.081835758121,-1.000000000005E-03));
#3196 = CARTESIAN_POINT('',(2.055914200494,-1.000000000005E-03));
#3197 = CARTESIAN_POINT('',(2.03008320562,-1.000000000005E-03));
#3198 = CARTESIAN_POINT('',(1.986271399098,-1.000000000005E-03));
#3199 = CARTESIAN_POINT('',(1.968248065842,-1.000000000005E-03));
#3200 = CARTESIAN_POINT('',(1.950263849448,-1.000000000005E-03));
#3201 = CARTESIAN_POINT('',(1.932316483535,-1.000000000005E-03));
#3202 = CARTESIAN_POINT('',(1.914403681073,-1.000000000005E-03));
#3203 = CARTESIAN_POINT('',(1.896523116333,-1.000000000005E-03));
#3204 = CARTESIAN_POINT('',(1.834319236447,-1.000000000005E-03));
#3205 = CARTESIAN_POINT('',(1.790152061591,-1.000000000005E-03));
#3206 = CARTESIAN_POINT('',(1.746132085604,-1.000000000005E-03));
#3207 = CARTESIAN_POINT('',(1.70222297299,-1.000000000005E-03));
#3208 = CARTESIAN_POINT('',(1.658389040846,-1.000000000005E-03));
#3209 = CARTESIAN_POINT('',(1.614593440134,-1.000000000005E-03));
#3210 = CARTESIAN_POINT('',(1.526999213456,-1.000000000005E-03));
#3211 = CARTESIAN_POINT('',(1.483203612744,-1.000000000005E-03));
#3212 = CARTESIAN_POINT('',(1.4393696806,-1.000000000005E-03));
#3213 = CARTESIAN_POINT('',(1.395460567986,-1.000000000005E-03));
#3214 = CARTESIAN_POINT('',(1.351440591999,-1.000000000005E-03));
#3215 = CARTESIAN_POINT('',(1.307273417143,-1.000000000005E-03));
#3216 = CARTESIAN_POINT('',(1.245069537257,-1.000000000005E-03));
#3217 = CARTESIAN_POINT('',(1.227188972517,-1.000000000005E-03));
#3218 = CARTESIAN_POINT('',(1.209276170055,-1.000000000005E-03));
#3219 = CARTESIAN_POINT('',(1.191328804142,-1.000000000005E-03));
#3220 = CARTESIAN_POINT('',(1.173344587748,-1.000000000005E-03));
#3221 = CARTESIAN_POINT('',(1.155321254493,-1.000000000005E-03));
#3222 = CARTESIAN_POINT('',(1.11150944797,-1.000000000005E-03));
#3223 = CARTESIAN_POINT('',(1.085678453096,-1.000000000005E-03));
#3224 = CARTESIAN_POINT('',(1.059756895469,-1.000000000005E-03));
#3225 = CARTESIAN_POINT('',(1.03373851772,-1.000000000005E-03));
#3226 = CARTESIAN_POINT('',(1.007617381311,-1.000000000005E-03));
#3227 = CARTESIAN_POINT('',(0.981387782231,-1.000000000005E-03));
#3228 = CARTESIAN_POINT('',(0.917219317171,-1.000000000005E-03));
#3229 = CARTESIAN_POINT('',(0.87916037395,-1.000000000005E-03));
#3230 = CARTESIAN_POINT('',(0.840850286793,-1.000000000005E-03));
#3231 = CARTESIAN_POINT('',(0.802275388242,-1.000000000005E-03));
#3232 = CARTESIAN_POINT('',(0.763424756158,-1.000000000005E-03));
#3233 = CARTESIAN_POINT('',(0.724290246807,-1.000000000005E-03));
#3234 = CARTESIAN_POINT('',(0.65051400934,-1.000000000005E-03));
#3235 = CARTESIAN_POINT('',(0.615942116313,-1.000000000005E-03));
#3236 = CARTESIAN_POINT('',(0.581149176279,-1.000000000005E-03));
#3237 = CARTESIAN_POINT('',(0.546135641109,-1.000000000005E-03));
#3238 = CARTESIAN_POINT('',(0.510904765778,-1.000000000005E-03));
#3239 = CARTESIAN_POINT('',(0.475463315443,-1.000000000005E-03));
#3240 = CARTESIAN_POINT('',(0.378324207753,-1.000000000005E-03));
#3241 = CARTESIAN_POINT('',(0.316206006453,-1.000000000005E-03));
#3242 = CARTESIAN_POINT('',(0.253567102112,-1.000000000005E-03));
#3243 = CARTESIAN_POINT('',(0.190500395009,-1.000000000005E-03));
#3244 = CARTESIAN_POINT('',(0.1271129579,-1.000000000004E-03));
#3245 = CARTESIAN_POINT('',(6.353994396043E-02,-1.000000000005E-03));
#3246 = CARTESIAN_POINT('',(0.,-1.000000000005E-03));
#3247 = ( GEOMETRIC_REPRESENTATION_CONTEXT(2) 
PARAMETRIC_REPRESENTATION_CONTEXT() REPRESENTATION_CONTEXT('2D SPACE',''
  ) );
#3248 = FACE_BOUND('',#3249,.T.);
#3249 = EDGE_LOOP('',(#3250));
#3250 = ORIENTED_EDGE('',*,*,#3251,.T.);
#3251 = EDGE_CURVE('',#3252,#3252,#3254,.T.);
#3252 = VERTEX_POINT('',#3253);
#3253 = CARTESIAN_POINT('',(-500.,125.,-29.999));
#3254 = SURFACE_CURVE('',#3255,(#3260,#3271),.PCURVE_S1.);
#3255 = CIRCLE('',#3256,25.);
#3256 = AXIS2_PLACEMENT_3D('',#3257,#3258,#3259);
#3257 = CARTESIAN_POINT('',(-525.,125.,-29.999));
#3258 = DIRECTION('',(0.,0.,-1.));
#3259 = DIRECTION('',(1.,0.,0.));
#3260 = PCURVE('',#2190,#3261);
#3261 = DEFINITIONAL_REPRESENTATION('',(#3262),#3270);
#3262 = ( BOUNDED_CURVE() B_SPLINE_CURVE(2,(#3263,#3264,#3265,#3266,
#3267,#3268,#3269),.UNSPECIFIED.,.T.,.F.) B_SPLINE_CURVE_WITH_KNOTS((1,2
    ,2,2,2,1),(-2.094395102393,0.,2.094395102393,4.188790204786,
6.28318530718,8.377580409573),.UNSPECIFIED.) CURVE() 
GEOMETRIC_REPRESENTATION_ITEM() RATIONAL_B_SPLINE_CURVE((1.,0.5,1.,0.5,
1.,0.5,1.)) REPRESENTATION_ITEM('') );
#3263 = CARTESIAN_POINT('',(-500.,135.));
#3264 = CARTESIAN_POINT('',(-500.,91.698729810778));
#3265 = CARTESIAN_POINT('',(-537.5,113.34936490538));
#3266 = CARTESIAN_POINT('',(-575.,135.));
#3267 = CARTESIAN_POINT('',(-537.5,156.65063509461));
#3268 = CARTESIAN_POINT('',(-500.,178.30127018922));
#3269 = CARTESIAN_POINT('',(-500.,135.));
#3270 = ( GEOMETRIC_REPRESENTATION_CONTEXT(2) 
PARAMETRIC_REPRESENTATION_CONTEXT() REPRESENTATION_CONTEXT('2D SPACE',''
  ) );
#3271 = PCURVE('',#3272,#3277);
#3272 = CYLINDRICAL_SURFACE('',#3273,25.);
#3273 = AXIS2_PLACEMENT_3D('',#3274,#3275,#3276);
#3274 = CARTESIAN_POINT('',(-525.,125.,-30.));
#3275 = DIRECTION('',(-0.,-0.,-1.));
#3276 = DIRECTION('',(1.,0.,0.));
#3277 = DEFINITIONAL_REPRESENTATION('',(#3278),#3282);
#3278 = LINE('',#3279,#3280);
#3279 = CARTESIAN_POINT('',(-6.28318530718,-1.000000000005E-03));
#3280 = VECTOR('',#3281,1.);
#3281 = DIRECTION('',(1.,-0.));
#3282 = ( GEOMETRIC_REPRESENTATION_CONTEXT(2) 
PARAMETRIC_REPRESENTATION_CONTEXT() REPRESENTATION_CONTEXT('2D SPACE',''
  ) );
#3283 = FACE_BOUND('',#3284,.T.);
#3284 = EDGE_LOOP('',(#3285));
#3285 = ORIENTED_EDGE('',*,*,#3286,.T.);
#3286 = EDGE_CURVE('',#3287,#3287,#3289,.T.);
#3287 = VERTEX_POINT('',#3288);
#3288 = CARTESIAN_POINT('',(485.446,0.1036,-29.999));
#3289 = SURFACE_CURVE('',#3290,(#3455,#3623),.PCURVE_S1.);
#3290 = B_SPLINE_CURVE_WITH_KNOTS('',7,(#3291,#3292,#3293,#3294,#3295,
    #3296,#3297,#3298,#3299,#3300,#3301,#3302,#3303,#3304,#3305,#3306,
    #3307,#3308,#3309,#3310,#3311,#3312,#3313,#3314,#3315,#3316,#3317,
    #3318,#3319,#3320,#3321,#3322,#3323,#3324,#3325,#3326,#3327,#3328,
    #3329,#3330,#3331,#3332,#3333,#3334,#3335,#3336,#3337,#3338,#3339,
    #3340,#3341,#3342,#3343,#3344,#3345,#3346,#3347,#3348,#3349,#3350,
    #3351,#3352,#3353,#3354,#3355,#3356,#3357,#3358,#3359,#3360,#3361,
    #3362,#3363,#3364,#3365,#3366,#3367,#3368,#3369,#3370,#3371,#3372,
    #3373,#3374,#3375,#3376,#3377,#3378,#3379,#3380,#3381,#3382,#3383,
    #3384,#3385,#3386,#3387,#3388,#3389,#3390,#3391,#3392,#3393,#3394,
    #3395,#3396,#3397,#3398,#3399,#3400,#3401,#3402,#3403,#3404,#3405,
    #3406,#3407,#3408,#3409,#3410,#3411,#3412,#3413,#3414,#3415,#3416,
    #3417,#3418,#3419,#3420,#3421,#3422,#3423,#3424,#3425,#3426,#3427,
    #3428,#3429,#3430,#3431,#3432,#3433,#3434,#3435,#3436,#3437,#3438,
    #3439,#3440,#3441,#3442,#3443,#3444,#3445,#3446,#3447,#3448,#3449,
    #3450,#3451,#3452,#3453,#3454),.UNSPECIFIED.,.T.,.F.,(8,6,6,6,6,6,6,
    6,6,6,6,6,6,6,6,6,6,6,6,6,6,6,6,6,6,6,6,8),(0.,6.509907003032E-02,
    0.102825897442,0.146120467095,0.176273541394,0.197429586779,
    0.249995435025,0.302561283272,0.323717328657,0.353870402955,
    0.397164972609,0.43489180002,0.455615813719,0.499998974625,
    0.530426040685,0.544383647056,0.565107685282,0.602834557343,
    0.646129178236,0.676282288221,0.697438358645,0.750004269104,
    0.802570179562,0.823726249986,0.853879359971,0.897173980864,
    0.934900852926,1.),.UNSPECIFIED.);
#3291 = CARTESIAN_POINT('',(485.446,0.1036,-29.999));
#3292 = CARTESIAN_POINT('',(485.44600063799,-5.615979450756,-29.999));
#3293 = CARTESIAN_POINT('',(484.94929040648,-11.3385386669,-29.999));
#3294 = CARTESIAN_POINT('',(483.954962314,-17.00666449693,-29.999));
#3295 = CARTESIAN_POINT('',(482.47718595099,-22.57034460593,-29.999));
#3296 = CARTESIAN_POINT('',(480.53906655763,-27.98561114825,-29.999));
#3297 = CARTESIAN_POINT('',(478.17100421403,-33.21415598323,-29.999));
#3298 = CARTESIAN_POINT('',(473.80948645041,-41.1259869233,-29.999));
#3299 = CARTESIAN_POINT('',(472.07677316135,-43.95584058935,-29.999));
#3300 = CARTESIAN_POINT('',(470.21827629852,-46.70686361314,-29.999));
#3301 = CARTESIAN_POINT('',(468.24098099373,-49.37420557914,-29.999));
#3302 = CARTESIAN_POINT('',(466.15196651996,-51.95385183542,-29.999));
#3303 = CARTESIAN_POINT('',(463.95824934211,-54.4425084872,-29.999));
#3304 = CARTESIAN_POINT('',(459.03690087814,-59.5859871809,-29.999));
#3305 = CARTESIAN_POINT('',(456.27828590028,-62.2110924374,-29.999));
#3306 = CARTESIAN_POINT('',(453.40109611382,-64.70890493396,-29.999));
#3307 = CARTESIAN_POINT('',(450.41533594449,-67.07648318048,-29.999));
#3308 = CARTESIAN_POINT('',(447.33059928856,-69.3116940289,-29.999));
#3309 = CARTESIAN_POINT('',(444.15594233062,-71.41305306759,-29.999));
#3310 = CARTESIAN_POINT('',(438.63197304247,-74.74920337522,-29.999));
#3311 = CARTESIAN_POINT('',(436.324673599,-76.05339779691,-29.999));
#3312 = CARTESIAN_POINT('',(433.98073716923,-77.29183148447,-29.999));
#3313 = CARTESIAN_POINT('',(431.60292769395,-78.46425668101,-29.999));
#3314 = CARTESIAN_POINT('',(429.19390512948,-79.57050179828,-29.999));
#3315 = CARTESIAN_POINT('',(426.75621872807,-80.61045773868,-29.999));
#3316 = CARTESIAN_POINT('',(422.56356220407,-82.26716739623,-29.999));
#3317 = CARTESIAN_POINT('',(420.82191834024,-82.91760548311,-29.999));
#3318 = CARTESIAN_POINT('',(419.06821259338,-83.53535632516,-29.999));
#3319 = CARTESIAN_POINT('',(417.30326995274,-84.12040620984,-29.999));
#3320 = CARTESIAN_POINT('',(415.52789609637,-84.67274854669,-29.999));
#3321 = CARTESIAN_POINT('',(413.74287695708,-85.19238254915,-29.999));
#3322 = CARTESIAN_POINT('',(407.49172700335,-86.88917204054,-29.999));
#3323 = CARTESIAN_POINT('',(402.97982748742,-87.89708044016,-29.999));
#3324 = CARTESIAN_POINT('',(398.42480425471,-88.70318127077,-29.999));
#3325 = CARTESIAN_POINT('',(393.83786585085,-89.30759194106,-29.999));
#3326 = CARTESIAN_POINT('',(389.22991348135,-89.71045572544,-29.999));
#3327 = CARTESIAN_POINT('',(384.61153724894,-89.91189998547,-29.999));
#3328 = CARTESIAN_POINT('',(375.37446275107,-89.91189998547,-29.999));
#3329 = CARTESIAN_POINT('',(370.75608651866,-89.71045572545,-29.999));
#3330 = CARTESIAN_POINT('',(366.14813414916,-89.30759194106,-29.999));
#3331 = CARTESIAN_POINT('',(361.5611957453,-88.70318127077,-29.999));
#3332 = CARTESIAN_POINT('',(357.0061725126,-87.89708044016,-29.999));
#3333 = CARTESIAN_POINT('',(352.49427299666,-86.88917204054,-29.999));
#3334 = CARTESIAN_POINT('',(346.24312304293,-85.19238254915,-29.999));
#3335 = CARTESIAN_POINT('',(344.45810390364,-84.6727485467,-29.999));
#3336 = CARTESIAN_POINT('',(342.68273004727,-84.12040620984,-29.999));
#3337 = CARTESIAN_POINT('',(340.91778740664,-83.53535632516,-29.999));
#3338 = CARTESIAN_POINT('',(339.16408165977,-82.91760548312,-29.999));
#3339 = CARTESIAN_POINT('',(337.42243779594,-82.26716739624,-29.999));
#3340 = CARTESIAN_POINT('',(333.22978127194,-80.61045773869,-29.999));
#3341 = CARTESIAN_POINT('',(330.79209487053,-79.57050179828,-29.999));
#3342 = CARTESIAN_POINT('',(328.38307230606,-78.46425668102,-29.999));
#3343 = CARTESIAN_POINT('',(326.00526283078,-77.29183148448,-29.999));
#3344 = CARTESIAN_POINT('',(323.661326401,-76.05339779692,-29.999));
#3345 = CARTESIAN_POINT('',(321.35402695753,-74.74920337523,-29.999));
#3346 = CARTESIAN_POINT('',(315.83005766938,-71.4130530676,-29.999));
#3347 = CARTESIAN_POINT('',(312.65540071145,-69.31169402891,-29.999));
#3348 = CARTESIAN_POINT('',(309.57066405552,-67.07648318049,-29.999));
#3349 = CARTESIAN_POINT('',(306.58490388618,-64.70890493397,-29.999));
#3350 = CARTESIAN_POINT('',(303.70771409973,-62.21109243741,-29.999));
#3351 = CARTESIAN_POINT('',(300.94909912187,-59.58598718091,-29.999));
#3352 = CARTESIAN_POINT('',(296.02775065789,-54.44250848721,-29.999));
#3353 = CARTESIAN_POINT('',(293.83403348004,-51.95385183543,-29.999));
#3354 = CARTESIAN_POINT('',(291.74501900627,-49.37420557916,-29.999));
#3355 = CARTESIAN_POINT('',(289.76772370148,-46.70686361316,-29.999));
#3356 = CARTESIAN_POINT('',(287.90922683865,-43.95584058936,-29.999));
#3357 = CARTESIAN_POINT('',(286.17651354959,-41.12598692332,-29.999));
#3358 = CARTESIAN_POINT('',(283.69723211214,-36.62854832289,-29.999));
#3359 = CARTESIAN_POINT('',(282.85815917395,-35.0119231971,-29.999));
#3360 = CARTESIAN_POINT('',(282.06016187964,-33.37422622386,-29.999));
#3361 = CARTESIAN_POINT('',(281.30431393271,-31.71649777355,-29.999));
#3362 = CARTESIAN_POINT('',(280.59164432357,-30.03985758591,-29.999));
#3363 = CARTESIAN_POINT('',(279.92312677088,-28.3455095504,-29.999));
#3364 = CARTESIAN_POINT('',(277.96445414519,-22.97092600504,-29.999));
#3365 = CARTESIAN_POINT('',(276.8357435973,-19.2313695156,-29.999));
#3366 = CARTESIAN_POINT('',(275.92276975207,-15.4293650862,-29.999));
#3367 = CARTESIAN_POINT('',(275.23275531261,-11.57915607112,-29.999));
#3368 = CARTESIAN_POINT('',(274.7708856133,-7.695941619255,-29.999));
#3369 = CARTESIAN_POINT('',(274.53999965294,-3.795923607612,-29.999));
#3370 = CARTESIAN_POINT('',(274.5399999817,2.776935374162,-29.999));
#3371 = CARTESIAN_POINT('',(274.64851213718,5.450349989334,-29.999));
#3372 = CARTESIAN_POINT('',(274.86554762817,8.118418360832,-29.999));
#3373 = CARTESIAN_POINT('',(275.19050098882,10.775881595259,-29.999));
#3374 = CARTESIAN_POINT('',(275.62221467429,13.417640264128,-29.999));
#3375 = CARTESIAN_POINT('',(276.1590133464,16.038750834939,-29.999));
#3376 = CARTESIAN_POINT('',(277.09215073901,19.82512238108,-29.999));
#3377 = CARTESIAN_POINT('',(277.40724982527,21.010483375465,-29.999));
#3378 = CARTESIAN_POINT('',(277.74379736696,22.19005637559,-29.999));
#3379 = CARTESIAN_POINT('',(278.10156626675,23.363404316582,-29.999));
#3380 = CARTESIAN_POINT('',(278.48031148281,24.530104922368,-29.999));
#3381 = CARTESIAN_POINT('',(278.87977139363,25.689750292078,-29.999));
#3382 = CARTESIAN_POINT('',(279.92312677087,28.552709550376,-29.999));
#3383 = CARTESIAN_POINT('',(280.59164432357,30.247057585896,-29.999));
#3384 = CARTESIAN_POINT('',(281.3043139327,31.923697773531,-29.999));
#3385 = CARTESIAN_POINT('',(282.06016187963,33.581426223842,-29.999));
#3386 = CARTESIAN_POINT('',(282.85815917394,35.219123197082,-29.999));
#3387 = CARTESIAN_POINT('',(283.69723211213,36.835748322871,-29.999));
#3388 = CARTESIAN_POINT('',(286.17651354958,41.333186923298,-29.999));
#3389 = CARTESIAN_POINT('',(287.90922683864,44.163040589347,-29.999));
#3390 = CARTESIAN_POINT('',(289.76772370146,46.91406361314,-29.999));
#3391 = CARTESIAN_POINT('',(291.74501900625,49.581405579138,-29.999));
#3392 = CARTESIAN_POINT('',(293.83403348003,52.161051835415,-29.999));
#3393 = CARTESIAN_POINT('',(296.02775065787,54.649708487197,-29.999));
#3394 = CARTESIAN_POINT('',(300.94909912185,59.793187180897,-29.999));
#3395 = CARTESIAN_POINT('',(303.70771409971,62.418292437402,-29.999));
#3396 = CARTESIAN_POINT('',(306.58490388617,64.91610493396,-29.999));
#3397 = CARTESIAN_POINT('',(309.5706640555,67.283683180473,-29.999));
#3398 = CARTESIAN_POINT('',(312.65540071143,69.518894028907,-29.999));
#3399 = CARTESIAN_POINT('',(315.83005766936,71.620253067592,-29.999));
#3400 = CARTESIAN_POINT('',(321.35402695751,74.956403375217,-29.999));
#3401 = CARTESIAN_POINT('',(323.66132640098,76.260597796912,-29.999));
#3402 = CARTESIAN_POINT('',(326.00526283076,77.499031484472,-29.999));
#3403 = CARTESIAN_POINT('',(328.38307230604,78.671456681008,-29.999));
#3404 = CARTESIAN_POINT('',(330.7920948705,79.777701798277,-29.999));
#3405 = CARTESIAN_POINT('',(333.22978127191,80.817657738684,-29.999));
#3406 = CARTESIAN_POINT('',(337.42243779592,82.474367396236,-29.999));
#3407 = CARTESIAN_POINT('',(339.16408165974,83.124805483116,-29.999));
#3408 = CARTESIAN_POINT('',(340.91778740661,83.742556325158,-29.999));
#3409 = CARTESIAN_POINT('',(342.68273004724,84.327606209839,-29.999));
#3410 = CARTESIAN_POINT('',(344.45810390362,84.879948546696,-29.999));
#3411 = CARTESIAN_POINT('',(346.24312304291,85.399582549152,-29.999));
#3412 = CARTESIAN_POINT('',(352.49427299663,87.096372040542,-29.999));
#3413 = CARTESIAN_POINT('',(357.00617251258,88.104280440158,-29.999));
#3414 = CARTESIAN_POINT('',(361.56119574527,88.910381270777,-29.999));
#3415 = CARTESIAN_POINT('',(366.14813414914,89.514791941065,-29.999));
#3416 = CARTESIAN_POINT('',(370.75608651864,89.917655725443,-29.999));
#3417 = CARTESIAN_POINT('',(375.37446275104,90.119099985475,-29.999));
#3418 = CARTESIAN_POINT('',(384.61153724892,90.119099985475,-29.999));
#3419 = CARTESIAN_POINT('',(389.22991348134,89.917655725447,-29.999));
#3420 = CARTESIAN_POINT('',(393.83786585082,89.514791941067,-29.999));
#3421 = CARTESIAN_POINT('',(398.42480425468,88.910381270779,-29.999));
#3422 = CARTESIAN_POINT('',(402.97982748741,88.104280440166,-29.999));
#3423 = CARTESIAN_POINT('',(407.49172700332,87.096372040546,-29.999));
#3424 = CARTESIAN_POINT('',(413.74287695706,85.399582549158,-29.999));
#3425 = CARTESIAN_POINT('',(415.52789609635,84.879948546704,-29.999));
#3426 = CARTESIAN_POINT('',(417.30326995272,84.327606209848,-29.999));
#3427 = CARTESIAN_POINT('',(419.06821259336,83.742556325166,-29.999));
#3428 = CARTESIAN_POINT('',(420.82191834023,83.124805483124,-29.999));
#3429 = CARTESIAN_POINT('',(422.56356220405,82.474367396246,-29.999));
#3430 = CARTESIAN_POINT('',(426.75621872806,80.817657738693,-29.999));
#3431 = CARTESIAN_POINT('',(429.19390512946,79.777701798289,-29.999));
#3432 = CARTESIAN_POINT('',(431.60292769393,78.671456681019,-29.999));
#3433 = CARTESIAN_POINT('',(433.98073716921,77.499031484482,-29.999));
#3434 = CARTESIAN_POINT('',(436.32467359899,76.260597796922,-29.999));
#3435 = CARTESIAN_POINT('',(438.63197304246,74.956403375231,-29.999));
#3436 = CARTESIAN_POINT('',(444.15594233061,71.620253067605,-29.999));
#3437 = CARTESIAN_POINT('',(447.33059928855,69.518894028922,-29.999));
#3438 = CARTESIAN_POINT('',(450.41533594447,67.283683180486,-29.999));
#3439 = CARTESIAN_POINT('',(453.4010961138,64.916104933974,-29.999));
#3440 = CARTESIAN_POINT('',(456.27828590028,62.41829243742,-29.999));
#3441 = CARTESIAN_POINT('',(459.03690087812,59.793187180913,-29.999));
#3442 = CARTESIAN_POINT('',(463.9582493421,54.649708487206,-29.999));
#3443 = CARTESIAN_POINT('',(466.15196651996,52.161051835448,-29.999));
#3444 = CARTESIAN_POINT('',(468.24098099372,49.581405579153,-29.999));
#3445 = CARTESIAN_POINT('',(470.21827629851,46.914063613148,-29.999));
#3446 = CARTESIAN_POINT('',(472.07677316135,44.163040589374,-29.999));
#3447 = CARTESIAN_POINT('',(473.80948645039,41.333186923317,-29.999));
#3448 = CARTESIAN_POINT('',(478.171004214,33.421355983277,-29.999));
#3449 = CARTESIAN_POINT('',(480.53906655772,28.192811148138,-29.999));
#3450 = CARTESIAN_POINT('',(482.47718595081,22.777544606163,-29.999));
#3451 = CARTESIAN_POINT('',(483.95496231417,17.213864496718,-29.999));
#3452 = CARTESIAN_POINT('',(484.94929040638,11.545738667023,-29.999));
#3453 = CARTESIAN_POINT('',(485.44600063801,5.823179450729,-29.999));
#3454 = CARTESIAN_POINT('',(485.446,0.1036,-29.999));
#3455 = PCURVE('',#2190,#3456);
#3456 = DEFINITIONAL_REPRESENTATION('',(#3457),#3622);
#3457 = B_SPLINE_CURVE_WITH_KNOTS('',7,(#3458,#3459,#3460,#3461,#3462,
    #3463,#3464,#3465,#3466,#3467,#3468,#3469,#3470,#3471,#3472,#3473,
    #3474,#3475,#3476,#3477,#3478,#3479,#3480,#3481,#3482,#3483,#3484,
    #3485,#3486,#3487,#3488,#3489,#3490,#3491,#3492,#3493,#3494,#3495,
    #3496,#3497,#3498,#3499,#3500,#3501,#3502,#3503,#3504,#3505,#3506,
    #3507,#3508,#3509,#3510,#3511,#3512,#3513,#3514,#3515,#3516,#3517,
    #3518,#3519,#3520,#3521,#3522,#3523,#3524,#3525,#3526,#3527,#3528,
    #3529,#3530,#3531,#3532,#3533,#3534,#3535,#3536,#3537,#3538,#3539,
    #3540,#3541,#3542,#3543,#3544,#3545,#3546,#3547,#3548,#3549,#3550,
    #3551,#3552,#3553,#3554,#3555,#3556,#3557,#3558,#3559,#3560,#3561,
    #3562,#3563,#3564,#3565,#3566,#3567,#3568,#3569,#3570,#3571,#3572,
    #3573,#3574,#3575,#3576,#3577,#3578,#3579,#3580,#3581,#3582,#3583,
    #3584,#3585,#3586,#3587,#3588,#3589,#3590,#3591,#3592,#3593,#3594,
    #3595,#3596,#3597,#3598,#3599,#3600,#3601,#3602,#3603,#3604,#3605,
    #3606,#3607,#3608,#3609,#3610,#3611,#3612,#3613,#3614,#3615,#3616,
    #3617,#3618,#3619,#3620,#3621),.UNSPECIFIED.,.F.,.F.,(8,6,6,6,6,6,6,
    6,6,6,6,6,6,6,6,6,6,6,6,6,6,6,6,6,6,6,6,8),(0.,6.509907003032E-02,
    0.102825897442,0.146120467095,0.176273541394,0.197429586779,
    0.249995435025,0.302561283272,0.323717328657,0.353870402955,
    0.397164972609,0.43489180002,0.455615813719,0.499998974625,
    0.530426040685,0.544383647056,0.565107685282,0.602834557343,
    0.646129178236,0.676282288221,0.697438358645,0.750004269104,
    0.802570179562,0.823726249986,0.853879359971,0.897173980864,
    0.934900852926,1.),.UNSPECIFIED.);
#3458 = CARTESIAN_POINT('',(485.446,10.1036));
#3459 = CARTESIAN_POINT('',(485.44600063799,4.384020549244));
#3460 = CARTESIAN_POINT('',(484.94929040648,-1.338538666901));
#3461 = CARTESIAN_POINT('',(483.954962314,-7.006664496932));
#3462 = CARTESIAN_POINT('',(482.47718595099,-12.57034460593));
#3463 = CARTESIAN_POINT('',(480.53906655763,-17.98561114825));
#3464 = CARTESIAN_POINT('',(478.17100421403,-23.21415598323));
#3465 = CARTESIAN_POINT('',(473.80948645041,-31.1259869233));
#3466 = CARTESIAN_POINT('',(472.07677316135,-33.95584058935));
#3467 = CARTESIAN_POINT('',(470.21827629852,-36.70686361314));
#3468 = CARTESIAN_POINT('',(468.24098099373,-39.37420557914));
#3469 = CARTESIAN_POINT('',(466.15196651996,-41.95385183542));
#3470 = CARTESIAN_POINT('',(463.95824934211,-44.4425084872));
#3471 = CARTESIAN_POINT('',(459.03690087814,-49.5859871809));
#3472 = CARTESIAN_POINT('',(456.27828590028,-52.2110924374));
#3473 = CARTESIAN_POINT('',(453.40109611382,-54.70890493396));
#3474 = CARTESIAN_POINT('',(450.41533594449,-57.07648318048));
#3475 = CARTESIAN_POINT('',(447.33059928856,-59.3116940289));
#3476 = CARTESIAN_POINT('',(444.15594233062,-61.41305306759));
#3477 = CARTESIAN_POINT('',(438.63197304247,-64.74920337522));
#3478 = CARTESIAN_POINT('',(436.324673599,-66.05339779691));
#3479 = CARTESIAN_POINT('',(433.98073716923,-67.29183148447));
#3480 = CARTESIAN_POINT('',(431.60292769395,-68.46425668101));
#3481 = CARTESIAN_POINT('',(429.19390512948,-69.57050179828));
#3482 = CARTESIAN_POINT('',(426.75621872807,-70.61045773868));
#3483 = CARTESIAN_POINT('',(422.56356220407,-72.26716739623));
#3484 = CARTESIAN_POINT('',(420.82191834024,-72.91760548311));
#3485 = CARTESIAN_POINT('',(419.06821259338,-73.53535632516));
#3486 = CARTESIAN_POINT('',(417.30326995274,-74.12040620984));
#3487 = CARTESIAN_POINT('',(415.52789609637,-74.67274854669));
#3488 = CARTESIAN_POINT('',(413.74287695708,-75.19238254915));
#3489 = CARTESIAN_POINT('',(407.49172700335,-76.88917204054));
#3490 = CARTESIAN_POINT('',(402.97982748742,-77.89708044016));
#3491 = CARTESIAN_POINT('',(398.42480425471,-78.70318127077));
#3492 = CARTESIAN_POINT('',(393.83786585085,-79.30759194106));
#3493 = CARTESIAN_POINT('',(389.22991348135,-79.71045572544));
#3494 = CARTESIAN_POINT('',(384.61153724894,-79.91189998547));
#3495 = CARTESIAN_POINT('',(375.37446275107,-79.91189998547));
#3496 = CARTESIAN_POINT('',(370.75608651866,-79.71045572545));
#3497 = CARTESIAN_POINT('',(366.14813414916,-79.30759194106));
#3498 = CARTESIAN_POINT('',(361.5611957453,-78.70318127077));
#3499 = CARTESIAN_POINT('',(357.0061725126,-77.89708044016));
#3500 = CARTESIAN_POINT('',(352.49427299666,-76.88917204054));
#3501 = CARTESIAN_POINT('',(346.24312304293,-75.19238254915));
#3502 = CARTESIAN_POINT('',(344.45810390364,-74.6727485467));
#3503 = CARTESIAN_POINT('',(342.68273004727,-74.12040620984));
#3504 = CARTESIAN_POINT('',(340.91778740664,-73.53535632516));
#3505 = CARTESIAN_POINT('',(339.16408165977,-72.91760548312));
#3506 = CARTESIAN_POINT('',(337.42243779594,-72.26716739624));
#3507 = CARTESIAN_POINT('',(333.22978127194,-70.61045773869));
#3508 = CARTESIAN_POINT('',(330.79209487053,-69.57050179828));
#3509 = CARTESIAN_POINT('',(328.38307230606,-68.46425668102));
#3510 = CARTESIAN_POINT('',(326.00526283078,-67.29183148448));
#3511 = CARTESIAN_POINT('',(323.661326401,-66.05339779692));
#3512 = CARTESIAN_POINT('',(321.35402695753,-64.74920337523));
#3513 = CARTESIAN_POINT('',(315.83005766938,-61.4130530676));
#3514 = CARTESIAN_POINT('',(312.65540071145,-59.31169402891));
#3515 = CARTESIAN_POINT('',(309.57066405552,-57.07648318049));
#3516 = CARTESIAN_POINT('',(306.58490388618,-54.70890493397));
#3517 = CARTESIAN_POINT('',(303.70771409973,-52.21109243741));
#3518 = CARTESIAN_POINT('',(300.94909912187,-49.58598718091));
#3519 = CARTESIAN_POINT('',(296.02775065789,-44.44250848721));
#3520 = CARTESIAN_POINT('',(293.83403348004,-41.95385183543));
#3521 = CARTESIAN_POINT('',(291.74501900627,-39.37420557916));
#3522 = CARTESIAN_POINT('',(289.76772370148,-36.70686361316));
#3523 = CARTESIAN_POINT('',(287.90922683865,-33.95584058936));
#3524 = CARTESIAN_POINT('',(286.17651354959,-31.12598692332));
#3525 = CARTESIAN_POINT('',(283.69723211214,-26.62854832289));
#3526 = CARTESIAN_POINT('',(282.85815917395,-25.0119231971));
#3527 = CARTESIAN_POINT('',(282.06016187964,-23.37422622386));
#3528 = CARTESIAN_POINT('',(281.30431393271,-21.71649777355));
#3529 = CARTESIAN_POINT('',(280.59164432357,-20.03985758591));
#3530 = CARTESIAN_POINT('',(279.92312677088,-18.3455095504));
#3531 = CARTESIAN_POINT('',(277.96445414519,-12.97092600504));
#3532 = CARTESIAN_POINT('',(276.8357435973,-9.231369515609));
#3533 = CARTESIAN_POINT('',(275.92276975207,-5.429365086207));
#3534 = CARTESIAN_POINT('',(275.23275531261,-1.579156071125));
#3535 = CARTESIAN_POINT('',(274.7708856133,2.304058380745));
#3536 = CARTESIAN_POINT('',(274.53999965294,6.204076392388));
#3537 = CARTESIAN_POINT('',(274.5399999817,12.776935374162));
#3538 = CARTESIAN_POINT('',(274.64851213718,15.450349989334));
#3539 = CARTESIAN_POINT('',(274.86554762817,18.118418360832));
#3540 = CARTESIAN_POINT('',(275.19050098882,20.775881595259));
#3541 = CARTESIAN_POINT('',(275.62221467429,23.417640264128));
#3542 = CARTESIAN_POINT('',(276.1590133464,26.038750834939));
#3543 = CARTESIAN_POINT('',(277.09215073901,29.82512238108));
#3544 = CARTESIAN_POINT('',(277.40724982527,31.010483375465));
#3545 = CARTESIAN_POINT('',(277.74379736696,32.19005637559));
#3546 = CARTESIAN_POINT('',(278.10156626675,33.363404316582));
#3547 = CARTESIAN_POINT('',(278.48031148281,34.530104922368));
#3548 = CARTESIAN_POINT('',(278.87977139363,35.689750292078));
#3549 = CARTESIAN_POINT('',(279.92312677087,38.552709550376));
#3550 = CARTESIAN_POINT('',(280.59164432357,40.247057585896));
#3551 = CARTESIAN_POINT('',(281.3043139327,41.923697773531));
#3552 = CARTESIAN_POINT('',(282.06016187963,43.581426223842));
#3553 = CARTESIAN_POINT('',(282.85815917394,45.219123197082));
#3554 = CARTESIAN_POINT('',(283.69723211213,46.835748322871));
#3555 = CARTESIAN_POINT('',(286.17651354958,51.333186923298));
#3556 = CARTESIAN_POINT('',(287.90922683864,54.163040589347));
#3557 = CARTESIAN_POINT('',(289.76772370146,56.91406361314));
#3558 = CARTESIAN_POINT('',(291.74501900625,59.581405579138));
#3559 = CARTESIAN_POINT('',(293.83403348003,62.161051835415));
#3560 = CARTESIAN_POINT('',(296.02775065787,64.649708487197));
#3561 = CARTESIAN_POINT('',(300.94909912185,69.793187180897));
#3562 = CARTESIAN_POINT('',(303.70771409971,72.418292437402));
#3563 = CARTESIAN_POINT('',(306.58490388617,74.91610493396));
#3564 = CARTESIAN_POINT('',(309.5706640555,77.283683180473));
#3565 = CARTESIAN_POINT('',(312.65540071143,79.518894028907));
#3566 = CARTESIAN_POINT('',(315.83005766936,81.620253067592));
#3567 = CARTESIAN_POINT('',(321.35402695751,84.956403375217));
#3568 = CARTESIAN_POINT('',(323.66132640098,86.260597796912));
#3569 = CARTESIAN_POINT('',(326.00526283076,87.499031484472));
#3570 = CARTESIAN_POINT('',(328.38307230604,88.671456681008));
#3571 = CARTESIAN_POINT('',(330.7920948705,89.777701798277));
#3572 = CARTESIAN_POINT('',(333.22978127191,90.817657738684));
#3573 = CARTESIAN_POINT('',(337.42243779592,92.474367396236));
#3574 = CARTESIAN_POINT('',(339.16408165974,93.124805483116));
#3575 = CARTESIAN_POINT('',(340.91778740661,93.742556325158));
#3576 = CARTESIAN_POINT('',(342.68273004724,94.327606209839));
#3577 = CARTESIAN_POINT('',(344.45810390362,94.879948546696));
#3578 = CARTESIAN_POINT('',(346.24312304291,95.399582549152));
#3579 = CARTESIAN_POINT('',(352.49427299663,97.096372040542));
#3580 = CARTESIAN_POINT('',(357.00617251258,98.104280440158));
#3581 = CARTESIAN_POINT('',(361.56119574527,98.910381270777));
#3582 = CARTESIAN_POINT('',(366.14813414914,99.514791941065));
#3583 = CARTESIAN_POINT('',(370.75608651864,99.917655725443));
#3584 = CARTESIAN_POINT('',(375.37446275104,100.11909998547));
#3585 = CARTESIAN_POINT('',(384.61153724892,100.11909998547));
#3586 = CARTESIAN_POINT('',(389.22991348134,99.917655725447));
#3587 = CARTESIAN_POINT('',(393.83786585082,99.514791941067));
#3588 = CARTESIAN_POINT('',(398.42480425468,98.910381270779));
#3589 = CARTESIAN_POINT('',(402.97982748741,98.104280440166));
#3590 = CARTESIAN_POINT('',(407.49172700332,97.096372040546));
#3591 = CARTESIAN_POINT('',(413.74287695706,95.399582549158));
#3592 = CARTESIAN_POINT('',(415.52789609635,94.879948546704));
#3593 = CARTESIAN_POINT('',(417.30326995272,94.327606209848));
#3594 = CARTESIAN_POINT('',(419.06821259336,93.742556325166));
#3595 = CARTESIAN_POINT('',(420.82191834023,93.124805483124));
#3596 = CARTESIAN_POINT('',(422.56356220405,92.474367396246));
#3597 = CARTESIAN_POINT('',(426.75621872806,90.817657738693));
#3598 = CARTESIAN_POINT('',(429.19390512946,89.777701798289));
#3599 = CARTESIAN_POINT('',(431.60292769393,88.671456681019));
#3600 = CARTESIAN_POINT('',(433.98073716921,87.499031484482));
#3601 = CARTESIAN_POINT('',(436.32467359899,86.260597796922));
#3602 = CARTESIAN_POINT('',(438.63197304246,84.956403375231));
#3603 = CARTESIAN_POINT('',(444.15594233061,81.620253067605));
#3604 = CARTESIAN_POINT('',(447.33059928855,79.518894028922));
#3605 = CARTESIAN_POINT('',(450.41533594447,77.283683180486));
#3606 = CARTESIAN_POINT('',(453.4010961138,74.916104933974));
#3607 = CARTESIAN_POINT('',(456.27828590028,72.41829243742));
#3608 = CARTESIAN_POINT('',(459.03690087812,69.793187180913));
#3609 = CARTESIAN_POINT('',(463.9582493421,64.649708487206));
#3610 = CARTESIAN_POINT('',(466.15196651996,62.161051835448));
#3611 = CARTESIAN_POINT('',(468.24098099372,59.581405579153));
#3612 = CARTESIAN_POINT('',(470.21827629851,56.914063613148));
#3613 = CARTESIAN_POINT('',(472.07677316135,54.163040589374));
#3614 = CARTESIAN_POINT('',(473.80948645039,51.333186923317));
#3615 = CARTESIAN_POINT('',(478.171004214,43.421355983277));
#3616 = CARTESIAN_POINT('',(480.53906655772,38.192811148138));
#3617 = CARTESIAN_POINT('',(482.47718595081,32.777544606163));
#3618 = CARTESIAN_POINT('',(483.95496231417,27.213864496718));
#3619 = CARTESIAN_POINT('',(484.94929040638,21.545738667023));
#3620 = CARTESIAN_POINT('',(485.44600063801,15.823179450729));
#3621 = CARTESIAN_POINT('',(485.446,10.1036));
#3622 = ( GEOMETRIC_REPRESENTATION_CONTEXT(2) 
PARAMETRIC_REPRESENTATION_CONTEXT() REPRESENTATION_CONTEXT('2D SPACE',''
  ) );
#3623 = PCURVE('',#3624,#3632);
#3624 = SURFACE_OF_LINEAR_EXTRUSION('',#3625,#3630);
#3625 = ELLIPSE('',#3626,105.453,90.0155);
#3626 = AXIS2_PLACEMENT_3D('',#3627,#3628,#3629);
#3627 = CARTESIAN_POINT('',(379.993,0.1036,-30.));
#3628 = DIRECTION('',(0.,0.,1.));
#3629 = DIRECTION('',(1.,0.,0.));
#3630 = VECTOR('',#3631,1.);
#3631 = DIRECTION('',(-0.,-0.,-1.));
#3632 = DEFINITIONAL_REPRESENTATION('',(#3633),#3798);
#3633 = B_SPLINE_CURVE_WITH_KNOTS('',7,(#3634,#3635,#3636,#3637,#3638,
    #3639,#3640,#3641,#3642,#3643,#3644,#3645,#3646,#3647,#3648,#3649,
    #3650,#3651,#3652,#3653,#3654,#3655,#3656,#3657,#3658,#3659,#3660,
    #3661,#3662,#3663,#3664,#3665,#3666,#3667,#3668,#3669,#3670,#3671,
    #3672,#3673,#3674,#3675,#3676,#3677,#3678,#3679,#3680,#3681,#3682,
    #3683,#3684,#3685,#3686,#3687,#3688,#3689,#3690,#3691,#3692,#3693,
    #3694,#3695,#3696,#3697,#3698,#3699,#3700,#3701,#3702,#3703,#3704,
    #3705,#3706,#3707,#3708,#3709,#3710,#3711,#3712,#3713,#3714,#3715,
    #3716,#3717,#3718,#3719,#3720,#3721,#3722,#3723,#3724,#3725,#3726,
    #3727,#3728,#3729,#3730,#3731,#3732,#3733,#3734,#3735,#3736,#3737,
    #3738,#3739,#3740,#3741,#3742,#3743,#3744,#3745,#3746,#3747,#3748,
    #3749,#3750,#3751,#3752,#3753,#3754,#3755,#3756,#3757,#3758,#3759,
    #3760,#3761,#3762,#3763,#3764,#3765,#3766,#3767,#3768,#3769,#3770,
    #3771,#3772,#3773,#3774,#3775,#3776,#3777,#3778,#3779,#3780,#3781,
    #3782,#3783,#3784,#3785,#3786,#3787,#3788,#3789,#3790,#3791,#3792,
    #3793,#3794,#3795,#3796,#3797),.UNSPECIFIED.,.F.,.F.,(8,6,6,6,6,6,6,
    6,6,6,6,6,6,6,6,6,6,6,6,6,6,6,6,6,6,6,6,8),(0.,6.509907003032E-02,
    0.102825897442,0.146120467095,0.176273541394,0.197429586779,
    0.249995435025,0.302561283272,0.323717328657,0.353870402955,
    0.397164972609,0.43489180002,0.455615813719,0.499998974625,
    0.530426040685,0.544383647056,0.565107685282,0.602834557343,
    0.646129178236,0.676282288221,0.697438358645,0.750004269104,
    0.802570179562,0.823726249986,0.853879359971,0.897173980864,
    0.934900852926,1.),.UNSPECIFIED.);
#3634 = CARTESIAN_POINT('',(6.28318530718,-1.000000000005E-03));
#3635 = CARTESIAN_POINT('',(6.219645363218,-1.000000000005E-03));
#3636 = CARTESIAN_POINT('',(6.156072349283,-1.000000000005E-03));
#3637 = CARTESIAN_POINT('',(6.092684912165,-1.000000000005E-03));
#3638 = CARTESIAN_POINT('',(6.029618205074,-1.000000000005E-03));
#3639 = CARTESIAN_POINT('',(5.966979300724,-1.000000000005E-03));
#3640 = CARTESIAN_POINT('',(5.904861099428,-1.000000000005E-03));
#3641 = CARTESIAN_POINT('',(5.807721991737,-1.000000000005E-03));
#3642 = CARTESIAN_POINT('',(5.772280541402,-1.000000000005E-03));
#3643 = CARTESIAN_POINT('',(5.737049666071,-1.000000000005E-03));
#3644 = CARTESIAN_POINT('',(5.702036130901,-1.000000000005E-03));
#3645 = CARTESIAN_POINT('',(5.667243190867,-1.000000000005E-03));
#3646 = CARTESIAN_POINT('',(5.63267129784,-1.000000000005E-03));
#3647 = CARTESIAN_POINT('',(5.558895060373,-1.000000000005E-03));
#3648 = CARTESIAN_POINT('',(5.519760551021,-1.000000000005E-03));
#3649 = CARTESIAN_POINT('',(5.480909918938,-1.000000000005E-03));
#3650 = CARTESIAN_POINT('',(5.442335020387,-1.000000000005E-03));
#3651 = CARTESIAN_POINT('',(5.404024933229,-1.000000000005E-03));
#3652 = CARTESIAN_POINT('',(5.365965990008,-1.000000000005E-03));
#3653 = CARTESIAN_POINT('',(5.301797524948,-1.000000000005E-03));
#3654 = CARTESIAN_POINT('',(5.275567925869,-1.000000000005E-03));
#3655 = CARTESIAN_POINT('',(5.24944678946,-1.000000000005E-03));
#3656 = CARTESIAN_POINT('',(5.223428411711,-1.000000000005E-03));
#3657 = CARTESIAN_POINT('',(5.197506854084,-1.000000000005E-03));
#3658 = CARTESIAN_POINT('',(5.171675859209,-1.000000000005E-03));
#3659 = CARTESIAN_POINT('',(5.127864052687,-1.000000000005E-03));
#3660 = CARTESIAN_POINT('',(5.109840719432,-1.000000000005E-03));
#3661 = CARTESIAN_POINT('',(5.091856503038,-1.000000000005E-03));
#3662 = CARTESIAN_POINT('',(5.073909137125,-1.000000000005E-03));
#3663 = CARTESIAN_POINT('',(5.055996334663,-1.000000000005E-03));
#3664 = CARTESIAN_POINT('',(5.038115769923,-1.000000000005E-03));
#3665 = CARTESIAN_POINT('',(4.975911890036,-1.000000000005E-03));
#3666 = CARTESIAN_POINT('',(4.931744715181,-1.000000000005E-03));
#3667 = CARTESIAN_POINT('',(4.887724739194,-1.000000000005E-03));
#3668 = CARTESIAN_POINT('',(4.84381562658,-1.000000000005E-03));
#3669 = CARTESIAN_POINT('',(4.799981694436,-1.000000000005E-03));
#3670 = CARTESIAN_POINT('',(4.756186093724,-1.000000000005E-03));
#3671 = CARTESIAN_POINT('',(4.668591867046,-1.000000000005E-03));
#3672 = CARTESIAN_POINT('',(4.624796266333,-1.000000000005E-03));
#3673 = CARTESIAN_POINT('',(4.58096233419,-1.000000000005E-03));
#3674 = CARTESIAN_POINT('',(4.537053221576,-1.000000000005E-03));
#3675 = CARTESIAN_POINT('',(4.493033245589,-1.000000000005E-03));
#3676 = CARTESIAN_POINT('',(4.448866070733,-1.000000000005E-03));
#3677 = CARTESIAN_POINT('',(4.386662190846,-1.000000000005E-03));
#3678 = CARTESIAN_POINT('',(4.368781626107,-1.000000000005E-03));
#3679 = CARTESIAN_POINT('',(4.350868823644,-1.000000000005E-03));
#3680 = CARTESIAN_POINT('',(4.332921457732,-1.000000000005E-03));
#3681 = CARTESIAN_POINT('',(4.314937241338,-1.000000000005E-03));
#3682 = CARTESIAN_POINT('',(4.296913908082,-1.000000000005E-03));
#3683 = CARTESIAN_POINT('',(4.25310210156,-1.000000000005E-03));
#3684 = CARTESIAN_POINT('',(4.227271106686,-1.000000000005E-03));
#3685 = CARTESIAN_POINT('',(4.201349549059,-1.000000000005E-03));
#3686 = CARTESIAN_POINT('',(4.17533117131,-1.000000000005E-03));
#3687 = CARTESIAN_POINT('',(4.149210034901,-1.000000000005E-03));
#3688 = CARTESIAN_POINT('',(4.122980435821,-1.000000000005E-03));
#3689 = CARTESIAN_POINT('',(4.058811970761,-1.000000000005E-03));
#3690 = CARTESIAN_POINT('',(4.02075302754,-1.000000000005E-03));
#3691 = CARTESIAN_POINT('',(3.982442940383,-1.000000000005E-03));
#3692 = CARTESIAN_POINT('',(3.943868041832,-1.000000000005E-03));
#3693 = CARTESIAN_POINT('',(3.905017409748,-1.000000000005E-03));
#3694 = CARTESIAN_POINT('',(3.865882900397,-1.000000000005E-03));
#3695 = CARTESIAN_POINT('',(3.79210666293,-1.000000000005E-03));
#3696 = CARTESIAN_POINT('',(3.757534769902,-1.000000000005E-03));
#3697 = CARTESIAN_POINT('',(3.722741829868,-1.000000000005E-03));
#3698 = CARTESIAN_POINT('',(3.687728294699,-1.000000000005E-03));
#3699 = CARTESIAN_POINT('',(3.652497419367,-1.000000000005E-03));
#3700 = CARTESIAN_POINT('',(3.617055969033,-1.000000000005E-03));
#3701 = CARTESIAN_POINT('',(3.561837753675,-1.000000000005E-03));
#3702 = CARTESIAN_POINT('',(3.542199733977,-1.000000000005E-03));
#3703 = CARTESIAN_POINT('',(3.522503498083,-1.000000000005E-03));
#3704 = CARTESIAN_POINT('',(3.50275123654,-1.000000000005E-03));
#3705 = CARTESIAN_POINT('',(3.482945468261,-1.000000000005E-03));
#3706 = CARTESIAN_POINT('',(3.463089110418,-1.000000000005E-03));
#3707 = CARTESIAN_POINT('',(3.400559490885,-1.000000000005E-03));
#3708 = CARTESIAN_POINT('',(3.35771175861,-1.000000000005E-03));
#3709 = CARTESIAN_POINT('',(3.314682698259,-1.000000000005E-03));
#3710 = CARTESIAN_POINT('',(3.271511525335,-1.000000000005E-03));
#3711 = CARTESIAN_POINT('',(3.228239285754,-1.000000000005E-03));
#3712 = CARTESIAN_POINT('',(3.184913237687,-1.000000000005E-03));
#3713 = CARTESIAN_POINT('',(3.111894041612,-1.000000000005E-03));
#3714 = CARTESIAN_POINT('',(3.082194551456,-1.000000000005E-03));
#3715 = CARTESIAN_POINT('',(3.052511663838,-1.000000000005E-03));
#3716 = CARTESIAN_POINT('',(3.022861020312,-1.000000000005E-03));
#3717 = CARTESIAN_POINT('',(2.993257228946,-1.000000000005E-03));
#3718 = CARTESIAN_POINT('',(2.963714560979,-1.000000000005E-03));
#3719 = CARTESIAN_POINT('',(2.920730326491,-1.000000000005E-03));
#3720 = CARTESIAN_POINT('',(2.907228844025,-1.000000000005E-03));
#3721 = CARTESIAN_POINT('',(2.89374437877,-1.000000000005E-03));
#3722 = CARTESIAN_POINT('',(2.880278134374,-1.000000000005E-03));
#3723 = CARTESIAN_POINT('',(2.866831242659,-1.000000000005E-03));
#3724 = CARTESIAN_POINT('',(2.853404775855,-1.000000000005E-03));
#3725 = CARTESIAN_POINT('',(2.820096196762,-1.000000000005E-03));
#3726 = CARTESIAN_POINT('',(2.800239838918,-1.000000000005E-03));
#3727 = CARTESIAN_POINT('',(2.78043407064,-1.000000000005E-03));
#3728 = CARTESIAN_POINT('',(2.760681809097,-1.000000000005E-03));
#3729 = CARTESIAN_POINT('',(2.740985573203,-1.000000000005E-03));
#3730 = CARTESIAN_POINT('',(2.721347553505,-1.000000000005E-03));
#3731 = CARTESIAN_POINT('',(2.666129338147,-1.000000000005E-03));
#3732 = CARTESIAN_POINT('',(2.630687887813,-1.000000000005E-03));
#3733 = CARTESIAN_POINT('',(2.595457012481,-1.000000000005E-03));
#3734 = CARTESIAN_POINT('',(2.560443477311,-1.000000000005E-03));
#3735 = CARTESIAN_POINT('',(2.525650537278,-1.000000000005E-03));
#3736 = CARTESIAN_POINT('',(2.49107864425,-1.000000000005E-03));
#3737 = CARTESIAN_POINT('',(2.417302406783,-1.000000000005E-03));
#3738 = CARTESIAN_POINT('',(2.378167897432,-1.000000000005E-03));
#3739 = CARTESIAN_POINT('',(2.339317265348,-1.000000000005E-03));
#3740 = CARTESIAN_POINT('',(2.300742366797,-1.000000000005E-03));
#3741 = CARTESIAN_POINT('',(2.26243227964,-1.000000000005E-03));
#3742 = CARTESIAN_POINT('',(2.224373336419,-1.000000000005E-03));
#3743 = CARTESIAN_POINT('',(2.160204871359,-1.000000000005E-03));
#3744 = CARTESIAN_POINT('',(2.133975272279,-1.000000000005E-03));
#3745 = CARTESIAN_POINT('',(2.10785413587,-1.000000000005E-03));
#3746 = CARTESIAN_POINT('',(2.081835758121,-1.000000000005E-03));
#3747 = CARTESIAN_POINT('',(2.055914200494,-1.000000000005E-03));
#3748 = CARTESIAN_POINT('',(2.03008320562,-1.000000000005E-03));
#3749 = CARTESIAN_POINT('',(1.986271399098,-1.000000000005E-03));
#3750 = CARTESIAN_POINT('',(1.968248065842,-1.000000000005E-03));
#3751 = CARTESIAN_POINT('',(1.950263849448,-1.000000000005E-03));
#3752 = CARTESIAN_POINT('',(1.932316483535,-1.000000000005E-03));
#3753 = CARTESIAN_POINT('',(1.914403681073,-1.000000000005E-03));
#3754 = CARTESIAN_POINT('',(1.896523116333,-1.000000000005E-03));
#3755 = CARTESIAN_POINT('',(1.834319236447,-1.000000000005E-03));
#3756 = CARTESIAN_POINT('',(1.790152061591,-1.000000000005E-03));
#3757 = CARTESIAN_POINT('',(1.746132085604,-1.000000000005E-03));
#3758 = CARTESIAN_POINT('',(1.70222297299,-1.000000000005E-03));
#3759 = CARTESIAN_POINT('',(1.658389040846,-1.000000000005E-03));
#3760 = CARTESIAN_POINT('',(1.614593440134,-1.000000000005E-03));
#3761 = CARTESIAN_POINT('',(1.526999213456,-1.000000000005E-03));
#3762 = CARTESIAN_POINT('',(1.483203612744,-1.000000000005E-03));
#3763 = CARTESIAN_POINT('',(1.4393696806,-1.000000000005E-03));
#3764 = CARTESIAN_POINT('',(1.395460567986,-1.000000000005E-03));
#3765 = CARTESIAN_POINT('',(1.351440591999,-1.000000000005E-03));
#3766 = CARTESIAN_POINT('',(1.307273417143,-1.000000000005E-03));
#3767 = CARTESIAN_POINT('',(1.245069537257,-1.000000000005E-03));
#3768 = CARTESIAN_POINT('',(1.227188972517,-1.000000000005E-03));
#3769 = CARTESIAN_POINT('',(1.209276170055,-1.000000000005E-03));
#3770 = CARTESIAN_POINT('',(1.191328804142,-1.000000000005E-03));
#3771 = CARTESIAN_POINT('',(1.173344587748,-1.000000000005E-03));
#3772 = CARTESIAN_POINT('',(1.155321254493,-1.000000000005E-03));
#3773 = CARTESIAN_POINT('',(1.11150944797,-1.000000000005E-03));
#3774 = CARTESIAN_POINT('',(1.085678453096,-1.000000000005E-03));
#3775 = CARTESIAN_POINT('',(1.059756895469,-1.000000000005E-03));
#3776 = CARTESIAN_POINT('',(1.03373851772,-1.000000000005E-03));
#3777 = CARTESIAN_POINT('',(1.007617381311,-1.000000000005E-03));
#3778 = CARTESIAN_POINT('',(0.981387782231,-1.000000000005E-03));
#3779 = CARTESIAN_POINT('',(0.917219317171,-1.000000000005E-03));
#3780 = CARTESIAN_POINT('',(0.87916037395,-1.000000000005E-03));
#3781 = CARTESIAN_POINT('',(0.840850286793,-1.000000000005E-03));
#3782 = CARTESIAN_POINT('',(0.802275388242,-1.000000000005E-03));
#3783 = CARTESIAN_POINT('',(0.763424756158,-1.000000000005E-03));
#3784 = CARTESIAN_POINT('',(0.724290246807,-1.000000000005E-03));
#3785 = CARTESIAN_POINT('',(0.65051400934,-1.000000000005E-03));
#3786 = CARTESIAN_POINT('',(0.615942116312,-1.000000000005E-03));
#3787 = CARTESIAN_POINT('',(0.581149176279,-1.000000000005E-03));
#3788 = CARTESIAN_POINT('',(0.546135641109,-1.000000000005E-03));
#3789 = CARTESIAN_POINT('',(0.510904765778,-1.000000000005E-03));
#3790 = CARTESIAN_POINT('',(0.475463315443,-1.000000000005E-03));
#3791 = CARTESIAN_POINT('',(0.378324207753,-1.000000000005E-03));
#3792 = CARTESIAN_POINT('',(0.316206006452,-1.000000000005E-03));
#3793 = CARTESIAN_POINT('',(0.253567102112,-1.000000000005E-03));
#3794 = CARTESIAN_POINT('',(0.190500395008,-1.000000000005E-03));
#3795 = CARTESIAN_POINT('',(0.1271129579,-1.000000000004E-03));
#3796 = CARTESIAN_POINT('',(6.353994396035E-02,-1.000000000005E-03));
#3797 = CARTESIAN_POINT('',(0.,-1.000000000005E-03));
#3798 = ( GEOMETRIC_REPRESENTATION_CONTEXT(2) 
PARAMETRIC_REPRESENTATION_CONTEXT() REPRESENTATION_CONTEXT('2D SPACE',''
  ) );
#3799 = FACE_BOUND('',#3800,.T.);
#3800 = EDGE_LOOP('',(#3801));
#3801 = ORIENTED_EDGE('',*,*,#3802,.T.);
#3802 = EDGE_CURVE('',#3803,#3803,#3805,.T.);
#3803 = VERTEX_POINT('',#3804);
#3804 = CARTESIAN_POINT('',(550.,125.,-29.999));
#3805 = SURFACE_CURVE('',#3806,(#3811,#3822),.PCURVE_S1.);
#3806 = CIRCLE('',#3807,25.);
#3807 = AXIS2_PLACEMENT_3D('',#3808,#3809,#3810);
#3808 = CARTESIAN_POINT('',(525.,125.,-29.999));
#3809 = DIRECTION('',(0.,0.,-1.));
#3810 = DIRECTION('',(1.,0.,0.));
#3811 = PCURVE('',#2190,#3812);
#3812 = DEFINITIONAL_REPRESENTATION('',(#3813),#3821);
#3813 = ( BOUNDED_CURVE() B_SPLINE_CURVE(2,(#3814,#3815,#3816,#3817,
#3818,#3819,#3820),.UNSPECIFIED.,.T.,.F.) B_SPLINE_CURVE_WITH_KNOTS((1,2
    ,2,2,2,1),(-2.094395102393,0.,2.094395102393,4.188790204786,
6.28318530718,8.377580409573),.UNSPECIFIED.) CURVE() 
GEOMETRIC_REPRESENTATION_ITEM() RATIONAL_B_SPLINE_CURVE((1.,0.5,1.,0.5,
1.,0.5,1.)) REPRESENTATION_ITEM('') );
#3814 = CARTESIAN_POINT('',(550.,135.));
#3815 = CARTESIAN_POINT('',(550.,91.698729810778));
#3816 = CARTESIAN_POINT('',(512.5,113.34936490538));
#3817 = CARTESIAN_POINT('',(475.,135.));
#3818 = CARTESIAN_POINT('',(512.5,156.65063509461));
#3819 = CARTESIAN_POINT('',(550.,178.30127018922));
#3820 = CARTESIAN_POINT('',(550.,135.));
#3821 = ( GEOMETRIC_REPRESENTATION_CONTEXT(2) 
PARAMETRIC_REPRESENTATION_CONTEXT() REPRESENTATION_CONTEXT('2D SPACE',''
  ) );
#3822 = PCURVE('',#3823,#3828);
#3823 = CYLINDRICAL_SURFACE('',#3824,25.);
#3824 = AXIS2_PLACEMENT_3D('',#3825,#3826,#3827);
#3825 = CARTESIAN_POINT('',(525.,125.,-30.));
#3826 = DIRECTION('',(-0.,-0.,-1.));
#3827 = DIRECTION('',(1.,0.,0.));
#3828 = DEFINITIONAL_REPRESENTATION('',(#3829),#3833);
#3829 = LINE('',#3830,#3831);
#3830 = CARTESIAN_POINT('',(-6.28318530718,-1.000000000005E-03));
#3831 = VECTOR('',#3832,1.);
#3832 = DIRECTION('',(1.,-0.));
#3833 = ( GEOMETRIC_REPRESENTATION_CONTEXT(2) 
PARAMETRIC_REPRESENTATION_CONTEXT() REPRESENTATION_CONTEXT('2D SPACE',''
  ) );
#3834 = ADVANCED_FACE('',(#3835),#2162,.F.);
#3835 = FACE_BOUND('',#3836,.F.);
#3836 = EDGE_LOOP('',(#3837,#3838,#3859,#3860));
#3837 = ORIENTED_EDGE('',*,*,#2266,.F.);
#3838 = ORIENTED_EDGE('',*,*,#3839,.T.);
#3839 = EDGE_CURVE('',#2267,#2585,#3840,.T.);
#3840 = SURFACE_CURVE('',#3841,(#3845,#3852),.PCURVE_S1.);
#3841 = LINE('',#3842,#3843);
#3842 = CARTESIAN_POINT('',(655.,142.4264,134.238));
#3843 = VECTOR('',#3844,1.);
#3844 = DIRECTION('',(-0.,-0.,-1.));
#3845 = PCURVE('',#2162,#3846);
#3846 = DEFINITIONAL_REPRESENTATION('',(#3847),#3851);
#3847 = LINE('',#3848,#3849);
#3848 = CARTESIAN_POINT('',(0.,0.));
#3849 = VECTOR('',#3850,1.);
#3850 = DIRECTION('',(0.,-1.));
#3851 = ( GEOMETRIC_REPRESENTATION_CONTEXT(2) 
PARAMETRIC_REPRESENTATION_CONTEXT() REPRESENTATION_CONTEXT('2D SPACE',''
  ) );
#3852 = PCURVE('',#2302,#3853);
#3853 = DEFINITIONAL_REPRESENTATION('',(#3854),#3858);
#3854 = LINE('',#3855,#3856);
#3855 = CARTESIAN_POINT('',(304.8528,0.));
#3856 = VECTOR('',#3857,1.);
#3857 = DIRECTION('',(0.,-1.));
#3858 = ( GEOMETRIC_REPRESENTATION_CONTEXT(2) 
PARAMETRIC_REPRESENTATION_CONTEXT() REPRESENTATION_CONTEXT('2D SPACE',''
  ) );
#3859 = ORIENTED_EDGE('',*,*,#2607,.T.);
#3860 = ORIENTED_EDGE('',*,*,#2146,.F.);
#3861 = ADVANCED_FACE('',(#3862),#2406,.F.);
#3862 = FACE_BOUND('',#3863,.F.);
#3863 = EDGE_LOOP('',(#3864,#3865,#3866,#3867));
#3864 = ORIENTED_EDGE('',*,*,#2391,.F.);
#3865 = ORIENTED_EDGE('',*,*,#2466,.T.);
#3866 = ORIENTED_EDGE('',*,*,#2492,.T.);
#3867 = ORIENTED_EDGE('',*,*,#3868,.F.);
#3868 = EDGE_CURVE('',#2366,#2493,#3869,.T.);
#3869 = SURFACE_CURVE('',#3870,(#3874,#3881),.PCURVE_S1.);
#3870 = LINE('',#3871,#3872);
#3871 = CARTESIAN_POINT('',(-655.,-162.4264,134.238));
#3872 = VECTOR('',#3873,1.);
#3873 = DIRECTION('',(-0.,-0.,-1.));
#3874 = PCURVE('',#2406,#3875);
#3875 = DEFINITIONAL_REPRESENTATION('',(#3876),#3880);
#3876 = LINE('',#3877,#3878);
#3877 = CARTESIAN_POINT('',(304.8528,0.));
#3878 = VECTOR('',#3879,1.);
#3879 = DIRECTION('',(0.,-1.));
#3880 = ( GEOMETRIC_REPRESENTATION_CONTEXT(2) 
PARAMETRIC_REPRESENTATION_CONTEXT() REPRESENTATION_CONTEXT('2D SPACE',''
  ) );
#3881 = PCURVE('',#2380,#3882);
#3882 = DEFINITIONAL_REPRESENTATION('',(#3883),#3887);
#3883 = LINE('',#3884,#3885);
#3884 = CARTESIAN_POINT('',(0.,0.));
#3885 = VECTOR('',#3886,1.);
#3886 = DIRECTION('',(0.,-1.));
#3887 = ( GEOMETRIC_REPRESENTATION_CONTEXT(2) 
PARAMETRIC_REPRESENTATION_CONTEXT() REPRESENTATION_CONTEXT('2D SPACE',''
  ) );
#3888 = ADVANCED_FACE('',(#3889),#2380,.F.);
#3889 = FACE_BOUND('',#3890,.F.);
#3890 = EDGE_LOOP('',(#3891,#3892,#3893,#3894));
#3891 = ORIENTED_EDGE('',*,*,#2365,.F.);
#3892 = ORIENTED_EDGE('',*,*,#3868,.T.);
#3893 = ORIENTED_EDGE('',*,*,#2515,.T.);
#3894 = ORIENTED_EDGE('',*,*,#3895,.F.);
#3895 = EDGE_CURVE('',#2340,#2516,#3896,.T.);
#3896 = SURFACE_CURVE('',#3897,(#3901,#3908),.PCURVE_S1.);
#3897 = LINE('',#3898,#3899);
#3898 = CARTESIAN_POINT('',(-562.4264,-255.,134.238));
#3899 = VECTOR('',#3900,1.);
#3900 = DIRECTION('',(-0.,-0.,-1.));
#3901 = PCURVE('',#2380,#3902);
#3902 = DEFINITIONAL_REPRESENTATION('',(#3903),#3907);
#3903 = LINE('',#3904,#3905);
#3904 = CARTESIAN_POINT('',(130.9188406377,0.));
#3905 = VECTOR('',#3906,1.);
#3906 = DIRECTION('',(0.,-1.));
#3907 = ( GEOMETRIC_REPRESENTATION_CONTEXT(2) 
PARAMETRIC_REPRESENTATION_CONTEXT() REPRESENTATION_CONTEXT('2D SPACE',''
  ) );
#3908 = PCURVE('',#2354,#3909);
#3909 = DEFINITIONAL_REPRESENTATION('',(#3910),#3914);
#3910 = LINE('',#3911,#3912);
#3911 = CARTESIAN_POINT('',(0.,0.));
#3912 = VECTOR('',#3913,1.);
#3913 = DIRECTION('',(0.,-1.));
#3914 = ( GEOMETRIC_REPRESENTATION_CONTEXT(2) 
PARAMETRIC_REPRESENTATION_CONTEXT() REPRESENTATION_CONTEXT('2D SPACE',''
  ) );
#3915 = ADVANCED_FACE('',(#3916),#2354,.F.);
#3916 = FACE_BOUND('',#3917,.F.);
#3917 = EDGE_LOOP('',(#3918,#3919,#3920,#3921));
#3918 = ORIENTED_EDGE('',*,*,#2339,.F.);
#3919 = ORIENTED_EDGE('',*,*,#3895,.T.);
#3920 = ORIENTED_EDGE('',*,*,#2538,.T.);
#3921 = ORIENTED_EDGE('',*,*,#3922,.F.);
#3922 = EDGE_CURVE('',#2314,#2539,#3923,.T.);
#3923 = SURFACE_CURVE('',#3924,(#3928,#3935),.PCURVE_S1.);
#3924 = LINE('',#3925,#3926);
#3925 = CARTESIAN_POINT('',(562.4264,-255.,134.238));
#3926 = VECTOR('',#3927,1.);
#3927 = DIRECTION('',(-0.,-0.,-1.));
#3928 = PCURVE('',#2354,#3929);
#3929 = DEFINITIONAL_REPRESENTATION('',(#3930),#3934);
#3930 = LINE('',#3931,#3932);
#3931 = CARTESIAN_POINT('',(1.1248528E+03,0.));
#3932 = VECTOR('',#3933,1.);
#3933 = DIRECTION('',(0.,-1.));
#3934 = ( GEOMETRIC_REPRESENTATION_CONTEXT(2) 
PARAMETRIC_REPRESENTATION_CONTEXT() REPRESENTATION_CONTEXT('2D SPACE',''
  ) );
#3935 = PCURVE('',#2328,#3936);
#3936 = DEFINITIONAL_REPRESENTATION('',(#3937),#3941);
#3937 = LINE('',#3938,#3939);
#3938 = CARTESIAN_POINT('',(0.,0.));
#3939 = VECTOR('',#3940,1.);
#3940 = DIRECTION('',(0.,-1.));
#3941 = ( GEOMETRIC_REPRESENTATION_CONTEXT(2) 
PARAMETRIC_REPRESENTATION_CONTEXT() REPRESENTATION_CONTEXT('2D SPACE',''
  ) );
#3942 = ADVANCED_FACE('',(#3943),#2328,.F.);
#3943 = FACE_BOUND('',#3944,.F.);
#3944 = EDGE_LOOP('',(#3945,#3946,#3947,#3948));
#3945 = ORIENTED_EDGE('',*,*,#2313,.F.);
#3946 = ORIENTED_EDGE('',*,*,#3922,.T.);
#3947 = ORIENTED_EDGE('',*,*,#2561,.T.);
#3948 = ORIENTED_EDGE('',*,*,#3949,.F.);
#3949 = EDGE_CURVE('',#2288,#2562,#3950,.T.);
#3950 = SURFACE_CURVE('',#3951,(#3955,#3962),.PCURVE_S1.);
#3951 = LINE('',#3952,#3953);
#3952 = CARTESIAN_POINT('',(655.,-162.4264,134.238));
#3953 = VECTOR('',#3954,1.);
#3954 = DIRECTION('',(-0.,-0.,-1.));
#3955 = PCURVE('',#2328,#3956);
#3956 = DEFINITIONAL_REPRESENTATION('',(#3957),#3961);
#3957 = LINE('',#3958,#3959);
#3958 = CARTESIAN_POINT('',(130.9188406377,0.));
#3959 = VECTOR('',#3960,1.);
#3960 = DIRECTION('',(0.,-1.));
#3961 = ( GEOMETRIC_REPRESENTATION_CONTEXT(2) 
PARAMETRIC_REPRESENTATION_CONTEXT() REPRESENTATION_CONTEXT('2D SPACE',''
  ) );
#3962 = PCURVE('',#2302,#3963);
#3963 = DEFINITIONAL_REPRESENTATION('',(#3964),#3968);
#3964 = LINE('',#3965,#3966);
#3965 = CARTESIAN_POINT('',(0.,0.));
#3966 = VECTOR('',#3967,1.);
#3967 = DIRECTION('',(0.,-1.));
#3968 = ( GEOMETRIC_REPRESENTATION_CONTEXT(2) 
PARAMETRIC_REPRESENTATION_CONTEXT() REPRESENTATION_CONTEXT('2D SPACE',''
  ) );
#3969 = ADVANCED_FACE('',(#3970),#2302,.F.);
#3970 = FACE_BOUND('',#3971,.F.);
#3971 = EDGE_LOOP('',(#3972,#3973,#3974,#3975));
#3972 = ORIENTED_EDGE('',*,*,#2287,.F.);
#3973 = ORIENTED_EDGE('',*,*,#3949,.T.);
#3974 = ORIENTED_EDGE('',*,*,#2584,.T.);
#3975 = ORIENTED_EDGE('',*,*,#3839,.F.);
#3976 = ADVANCED_FACE('',(#3977),#2651,.T.);
#3977 = FACE_BOUND('',#3978,.F.);
#3978 = EDGE_LOOP('',(#3979,#3980,#4003,#4030));
#3979 = ORIENTED_EDGE('',*,*,#2630,.T.);
#3980 = ORIENTED_EDGE('',*,*,#3981,.T.);
#3981 = EDGE_CURVE('',#2631,#3982,#3984,.T.);
#3982 = VERTEX_POINT('',#3983);
#3983 = CARTESIAN_POINT('',(-500.,-125.,0.));
#3984 = SEAM_CURVE('',#3985,(#3989,#3996),.PCURVE_S1.);
#3985 = LINE('',#3986,#3987);
#3986 = CARTESIAN_POINT('',(-500.,-125.,-30.));
#3987 = VECTOR('',#3988,1.);
#3988 = DIRECTION('',(0.,0.,1.));
#3989 = PCURVE('',#2651,#3990);
#3990 = DEFINITIONAL_REPRESENTATION('',(#3991),#3995);
#3991 = LINE('',#3992,#3993);
#3992 = CARTESIAN_POINT('',(-6.28318530718,0.));
#3993 = VECTOR('',#3994,1.);
#3994 = DIRECTION('',(-0.,-1.));
#3995 = ( GEOMETRIC_REPRESENTATION_CONTEXT(2) 
PARAMETRIC_REPRESENTATION_CONTEXT() REPRESENTATION_CONTEXT('2D SPACE',''
  ) );
#3996 = PCURVE('',#2651,#3997);
#3997 = DEFINITIONAL_REPRESENTATION('',(#3998),#4002);
#3998 = LINE('',#3999,#4000);
#3999 = CARTESIAN_POINT('',(-0.,0.));
#4000 = VECTOR('',#4001,1.);
#4001 = DIRECTION('',(-0.,-1.));
#4002 = ( GEOMETRIC_REPRESENTATION_CONTEXT(2) 
PARAMETRIC_REPRESENTATION_CONTEXT() REPRESENTATION_CONTEXT('2D SPACE',''
  ) );
#4003 = ORIENTED_EDGE('',*,*,#4004,.T.);
#4004 = EDGE_CURVE('',#3982,#3982,#4005,.T.);
#4005 = SURFACE_CURVE('',#4006,(#4011,#4018),.PCURVE_S1.);
#4006 = CIRCLE('',#4007,25.);
#4007 = AXIS2_PLACEMENT_3D('',#4008,#4009,#4010);
#4008 = CARTESIAN_POINT('',(-525.,-125.,0.));
#4009 = DIRECTION('',(0.,0.,1.));
#4010 = DIRECTION('',(1.,0.,0.));
#4011 = PCURVE('',#2651,#4012);
#4012 = DEFINITIONAL_REPRESENTATION('',(#4013),#4017);
#4013 = LINE('',#4014,#4015);
#4014 = CARTESIAN_POINT('',(-0.,-30.));
#4015 = VECTOR('',#4016,1.);
#4016 = DIRECTION('',(-1.,0.));
#4017 = ( GEOMETRIC_REPRESENTATION_CONTEXT(2) 
PARAMETRIC_REPRESENTATION_CONTEXT() REPRESENTATION_CONTEXT('2D SPACE',''
  ) );
#4018 = PCURVE('',#4019,#4024);
#4019 = PLANE('',#4020);
#4020 = AXIS2_PLACEMENT_3D('',#4021,#4022,#4023);
#4021 = CARTESIAN_POINT('',(-525.,-125.,0.));
#4022 = DIRECTION('',(0.,0.,1.));
#4023 = DIRECTION('',(1.,0.,0.));
#4024 = DEFINITIONAL_REPRESENTATION('',(#4025),#4029);
#4025 = CIRCLE('',#4026,25.);
#4026 = AXIS2_PLACEMENT_2D('',#4027,#4028);
#4027 = CARTESIAN_POINT('',(8.751616848252E-16,-1.604946055186E-15));
#4028 = DIRECTION('',(1.,0.));
#4029 = ( GEOMETRIC_REPRESENTATION_CONTEXT(2) 
PARAMETRIC_REPRESENTATION_CONTEXT() REPRESENTATION_CONTEXT('2D SPACE',''
  ) );
#4030 = ORIENTED_EDGE('',*,*,#3981,.F.);
#4031 = ADVANCED_FACE('',(#4032),#2686,.T.);
#4032 = FACE_BOUND('',#4033,.F.);
#4033 = EDGE_LOOP('',(#4034,#4035,#4058,#4085));
#4034 = ORIENTED_EDGE('',*,*,#2665,.T.);
#4035 = ORIENTED_EDGE('',*,*,#4036,.T.);
#4036 = EDGE_CURVE('',#2666,#4037,#4039,.T.);
#4037 = VERTEX_POINT('',#4038);
#4038 = CARTESIAN_POINT('',(40.,-125.,0.));
#4039 = SEAM_CURVE('',#4040,(#4044,#4051),.PCURVE_S1.);
#4040 = LINE('',#4041,#4042);
#4041 = CARTESIAN_POINT('',(40.,-125.,-30.));
#4042 = VECTOR('',#4043,1.);
#4043 = DIRECTION('',(0.,0.,1.));
#4044 = PCURVE('',#2686,#4045);
#4045 = DEFINITIONAL_REPRESENTATION('',(#4046),#4050);
#4046 = LINE('',#4047,#4048);
#4047 = CARTESIAN_POINT('',(-6.28318530718,0.));
#4048 = VECTOR('',#4049,1.);
#4049 = DIRECTION('',(-0.,-1.));
#4050 = ( GEOMETRIC_REPRESENTATION_CONTEXT(2) 
PARAMETRIC_REPRESENTATION_CONTEXT() REPRESENTATION_CONTEXT('2D SPACE',''
  ) );
#4051 = PCURVE('',#2686,#4052);
#4052 = DEFINITIONAL_REPRESENTATION('',(#4053),#4057);
#4053 = LINE('',#4054,#4055);
#4054 = CARTESIAN_POINT('',(-0.,0.));
#4055 = VECTOR('',#4056,1.);
#4056 = DIRECTION('',(-0.,-1.));
#4057 = ( GEOMETRIC_REPRESENTATION_CONTEXT(2) 
PARAMETRIC_REPRESENTATION_CONTEXT() REPRESENTATION_CONTEXT('2D SPACE',''
  ) );
#4058 = ORIENTED_EDGE('',*,*,#4059,.T.);
#4059 = EDGE_CURVE('',#4037,#4037,#4060,.T.);
#4060 = SURFACE_CURVE('',#4061,(#4066,#4073),.PCURVE_S1.);
#4061 = CIRCLE('',#4062,40.);
#4062 = AXIS2_PLACEMENT_3D('',#4063,#4064,#4065);
#4063 = CARTESIAN_POINT('',(0.,-125.,0.));
#4064 = DIRECTION('',(0.,0.,1.));
#4065 = DIRECTION('',(1.,0.,0.));
#4066 = PCURVE('',#2686,#4067);
#4067 = DEFINITIONAL_REPRESENTATION('',(#4068),#4072);
#4068 = LINE('',#4069,#4070);
#4069 = CARTESIAN_POINT('',(-0.,-30.));
#4070 = VECTOR('',#4071,1.);
#4071 = DIRECTION('',(-1.,0.));
#4072 = ( GEOMETRIC_REPRESENTATION_CONTEXT(2) 
PARAMETRIC_REPRESENTATION_CONTEXT() REPRESENTATION_CONTEXT('2D SPACE',''
  ) );
#4073 = PCURVE('',#4074,#4079);
#4074 = PLANE('',#4075);
#4075 = AXIS2_PLACEMENT_3D('',#4076,#4077,#4078);
#4076 = CARTESIAN_POINT('',(-2.187904212063E-15,-125.,0.));
#4077 = DIRECTION('',(0.,0.,1.));
#4078 = DIRECTION('',(1.,0.,0.));
#4079 = DEFINITIONAL_REPRESENTATION('',(#4080),#4084);
#4080 = CIRCLE('',#4081,40.);
#4081 = AXIS2_PLACEMENT_2D('',#4082,#4083);
#4082 = CARTESIAN_POINT('',(2.187904212063E-15,-2.742946025263E-15));
#4083 = DIRECTION('',(1.,0.));
#4084 = ( GEOMETRIC_REPRESENTATION_CONTEXT(2) 
PARAMETRIC_REPRESENTATION_CONTEXT() REPRESENTATION_CONTEXT('2D SPACE',''
  ) );
#4085 = ORIENTED_EDGE('',*,*,#4036,.F.);
#4086 = ADVANCED_FACE('',(#4087),#2721,.T.);
#4087 = FACE_BOUND('',#4088,.F.);
#4088 = EDGE_LOOP('',(#4089,#4090,#4113,#4140));
#4089 = ORIENTED_EDGE('',*,*,#2700,.T.);
#4090 = ORIENTED_EDGE('',*,*,#4091,.T.);
#4091 = EDGE_CURVE('',#2701,#4092,#4094,.T.);
#4092 = VERTEX_POINT('',#4093);
#4093 = CARTESIAN_POINT('',(550.,-125.,0.));
#4094 = SEAM_CURVE('',#4095,(#4099,#4106),.PCURVE_S1.);
#4095 = LINE('',#4096,#4097);
#4096 = CARTESIAN_POINT('',(550.,-125.,-30.));
#4097 = VECTOR('',#4098,1.);
#4098 = DIRECTION('',(0.,0.,1.));
#4099 = PCURVE('',#2721,#4100);
#4100 = DEFINITIONAL_REPRESENTATION('',(#4101),#4105);
#4101 = LINE('',#4102,#4103);
#4102 = CARTESIAN_POINT('',(-6.28318530718,0.));
#4103 = VECTOR('',#4104,1.);
#4104 = DIRECTION('',(-0.,-1.));
#4105 = ( GEOMETRIC_REPRESENTATION_CONTEXT(2) 
PARAMETRIC_REPRESENTATION_CONTEXT() REPRESENTATION_CONTEXT('2D SPACE',''
  ) );
#4106 = PCURVE('',#2721,#4107);
#4107 = DEFINITIONAL_REPRESENTATION('',(#4108),#4112);
#4108 = LINE('',#4109,#4110);
#4109 = CARTESIAN_POINT('',(-0.,0.));
#4110 = VECTOR('',#4111,1.);
#4111 = DIRECTION('',(-0.,-1.));
#4112 = ( GEOMETRIC_REPRESENTATION_CONTEXT(2) 
PARAMETRIC_REPRESENTATION_CONTEXT() REPRESENTATION_CONTEXT('2D SPACE',''
  ) );
#4113 = ORIENTED_EDGE('',*,*,#4114,.T.);
#4114 = EDGE_CURVE('',#4092,#4092,#4115,.T.);
#4115 = SURFACE_CURVE('',#4116,(#4121,#4128),.PCURVE_S1.);
#4116 = CIRCLE('',#4117,25.);
#4117 = AXIS2_PLACEMENT_3D('',#4118,#4119,#4120);
#4118 = CARTESIAN_POINT('',(525.,-125.,0.));
#4119 = DIRECTION('',(0.,0.,1.));
#4120 = DIRECTION('',(1.,0.,0.));
#4121 = PCURVE('',#2721,#4122);
#4122 = DEFINITIONAL_REPRESENTATION('',(#4123),#4127);
#4123 = LINE('',#4124,#4125);
#4124 = CARTESIAN_POINT('',(-0.,-30.));
#4125 = VECTOR('',#4126,1.);
#4126 = DIRECTION('',(-1.,0.));
#4127 = ( GEOMETRIC_REPRESENTATION_CONTEXT(2) 
PARAMETRIC_REPRESENTATION_CONTEXT() REPRESENTATION_CONTEXT('2D SPACE',''
  ) );
#4128 = PCURVE('',#4129,#4134);
#4129 = PLANE('',#4130);
#4130 = AXIS2_PLACEMENT_3D('',#4131,#4132,#4133);
#4131 = CARTESIAN_POINT('',(525.,-125.,0.));
#4132 = DIRECTION('',(0.,0.,1.));
#4133 = DIRECTION('',(1.,0.,0.));
#4134 = DEFINITIONAL_REPRESENTATION('',(#4135),#4139);
#4135 = CIRCLE('',#4136,25.);
#4136 = AXIS2_PLACEMENT_2D('',#4137,#4138);
#4137 = CARTESIAN_POINT('',(8.751616848252E-16,-1.604946055186E-15));
#4138 = DIRECTION('',(1.,0.));
#4139 = ( GEOMETRIC_REPRESENTATION_CONTEXT(2) 
PARAMETRIC_REPRESENTATION_CONTEXT() REPRESENTATION_CONTEXT('2D SPACE',''
  ) );
#4140 = ORIENTED_EDGE('',*,*,#4091,.F.);
#4141 = ADVANCED_FACE('',(#4142),#3073,.F.);
#4142 = FACE_BOUND('',#4143,.F.);
#4143 = EDGE_LOOP('',(#4144,#4145,#4168,#4195));
#4144 = ORIENTED_EDGE('',*,*,#2735,.T.);
#4145 = ORIENTED_EDGE('',*,*,#4146,.T.);
#4146 = EDGE_CURVE('',#2736,#4147,#4149,.T.);
#4147 = VERTEX_POINT('',#4148);
#4148 = CARTESIAN_POINT('',(-274.8004,4.08E-02,0.));
#4149 = SEAM_CURVE('',#4150,(#4154,#4161),.PCURVE_S1.);
#4150 = LINE('',#4151,#4152);
#4151 = CARTESIAN_POINT('',(-274.8004,4.08E-02,-30.));
#4152 = VECTOR('',#4153,1.);
#4153 = DIRECTION('',(0.,0.,1.));
#4154 = PCURVE('',#3073,#4155);
#4155 = DEFINITIONAL_REPRESENTATION('',(#4156),#4160);
#4156 = LINE('',#4157,#4158);
#4157 = CARTESIAN_POINT('',(6.28318530718,0.));
#4158 = VECTOR('',#4159,1.);
#4159 = DIRECTION('',(0.,-1.));
#4160 = ( GEOMETRIC_REPRESENTATION_CONTEXT(2) 
PARAMETRIC_REPRESENTATION_CONTEXT() REPRESENTATION_CONTEXT('2D SPACE',''
  ) );
#4161 = PCURVE('',#3073,#4162);
#4162 = DEFINITIONAL_REPRESENTATION('',(#4163),#4167);
#4163 = LINE('',#4164,#4165);
#4164 = CARTESIAN_POINT('',(0.,0.));
#4165 = VECTOR('',#4166,1.);
#4166 = DIRECTION('',(0.,-1.));
#4167 = ( GEOMETRIC_REPRESENTATION_CONTEXT(2) 
PARAMETRIC_REPRESENTATION_CONTEXT() REPRESENTATION_CONTEXT('2D SPACE',''
  ) );
#4168 = ORIENTED_EDGE('',*,*,#4169,.T.);
#4169 = EDGE_CURVE('',#4147,#4147,#4170,.T.);
#4170 = SURFACE_CURVE('',#4171,(#4176,#4183),.PCURVE_S1.);
#4171 = ELLIPSE('',#4172,105.453,90.0155);
#4172 = AXIS2_PLACEMENT_3D('',#4173,#4174,#4175);
#4173 = CARTESIAN_POINT('',(-380.2534,4.08E-02,0.));
#4174 = DIRECTION('',(0.,0.,1.));
#4175 = DIRECTION('',(1.,0.,0.));
#4176 = PCURVE('',#3073,#4177);
#4177 = DEFINITIONAL_REPRESENTATION('',(#4178),#4182);
#4178 = LINE('',#4179,#4180);
#4179 = CARTESIAN_POINT('',(0.,-30.));
#4180 = VECTOR('',#4181,1.);
#4181 = DIRECTION('',(1.,0.));
#4182 = ( GEOMETRIC_REPRESENTATION_CONTEXT(2) 
PARAMETRIC_REPRESENTATION_CONTEXT() REPRESENTATION_CONTEXT('2D SPACE',''
  ) );
#4183 = PCURVE('',#4184,#4189);
#4184 = PLANE('',#4185);
#4185 = AXIS2_PLACEMENT_3D('',#4186,#4187,#4188);
#4186 = CARTESIAN_POINT('',(-378.134981291,4.080000000001E-02,0.));
#4187 = DIRECTION('',(0.,0.,1.));
#4188 = DIRECTION('',(1.,0.,0.));
#4189 = DEFINITIONAL_REPRESENTATION('',(#4190),#4194);
#4190 = ELLIPSE('',#4191,105.453,90.0155);
#4191 = AXIS2_PLACEMENT_2D('',#4192,#4193);
#4192 = CARTESIAN_POINT('',(-2.118418708966,-1.048356041025E-14));
#4193 = DIRECTION('',(1.,0.));
#4194 = ( GEOMETRIC_REPRESENTATION_CONTEXT(2) 
PARAMETRIC_REPRESENTATION_CONTEXT() REPRESENTATION_CONTEXT('2D SPACE',''
  ) );
#4195 = ORIENTED_EDGE('',*,*,#4146,.F.);
#4196 = ADVANCED_FACE('',(#4197),#3272,.T.);
#4197 = FACE_BOUND('',#4198,.F.);
#4198 = EDGE_LOOP('',(#4199,#4200,#4223,#4250));
#4199 = ORIENTED_EDGE('',*,*,#3251,.T.);
#4200 = ORIENTED_EDGE('',*,*,#4201,.T.);
#4201 = EDGE_CURVE('',#3252,#4202,#4204,.T.);
#4202 = VERTEX_POINT('',#4203);
#4203 = CARTESIAN_POINT('',(-500.,125.,0.));
#4204 = SEAM_CURVE('',#4205,(#4209,#4216),.PCURVE_S1.);
#4205 = LINE('',#4206,#4207);
#4206 = CARTESIAN_POINT('',(-500.,125.,-30.));
#4207 = VECTOR('',#4208,1.);
#4208 = DIRECTION('',(0.,0.,1.));
#4209 = PCURVE('',#3272,#4210);
#4210 = DEFINITIONAL_REPRESENTATION('',(#4211),#4215);
#4211 = LINE('',#4212,#4213);
#4212 = CARTESIAN_POINT('',(-6.28318530718,0.));
#4213 = VECTOR('',#4214,1.);
#4214 = DIRECTION('',(-0.,-1.));
#4215 = ( GEOMETRIC_REPRESENTATION_CONTEXT(2) 
PARAMETRIC_REPRESENTATION_CONTEXT() REPRESENTATION_CONTEXT('2D SPACE',''
  ) );
#4216 = PCURVE('',#3272,#4217);
#4217 = DEFINITIONAL_REPRESENTATION('',(#4218),#4222);
#4218 = LINE('',#4219,#4220);
#4219 = CARTESIAN_POINT('',(-0.,0.));
#4220 = VECTOR('',#4221,1.);
#4221 = DIRECTION('',(-0.,-1.));
#4222 = ( GEOMETRIC_REPRESENTATION_CONTEXT(2) 
PARAMETRIC_REPRESENTATION_CONTEXT() REPRESENTATION_CONTEXT('2D SPACE',''
  ) );
#4223 = ORIENTED_EDGE('',*,*,#4224,.T.);
#4224 = EDGE_CURVE('',#4202,#4202,#4225,.T.);
#4225 = SURFACE_CURVE('',#4226,(#4231,#4238),.PCURVE_S1.);
#4226 = CIRCLE('',#4227,25.);
#4227 = AXIS2_PLACEMENT_3D('',#4228,#4229,#4230);
#4228 = CARTESIAN_POINT('',(-525.,125.,0.));
#4229 = DIRECTION('',(0.,0.,1.));
#4230 = DIRECTION('',(1.,0.,0.));
#4231 = PCURVE('',#3272,#4232);
#4232 = DEFINITIONAL_REPRESENTATION('',(#4233),#4237);
#4233 = LINE('',#4234,#4235);
#4234 = CARTESIAN_POINT('',(-0.,-30.));
#4235 = VECTOR('',#4236,1.);
#4236 = DIRECTION('',(-1.,0.));
#4237 = ( GEOMETRIC_REPRESENTATION_CONTEXT(2) 
PARAMETRIC_REPRESENTATION_CONTEXT() REPRESENTATION_CONTEXT('2D SPACE',''
  ) );
#4238 = PCURVE('',#4239,#4244);
#4239 = PLANE('',#4240);
#4240 = AXIS2_PLACEMENT_3D('',#4241,#4242,#4243);
#4241 = CARTESIAN_POINT('',(-525.,125.,0.));
#4242 = DIRECTION('',(0.,0.,1.));
#4243 = DIRECTION('',(1.,0.,0.));
#4244 = DEFINITIONAL_REPRESENTATION('',(#4245),#4249);
#4245 = CIRCLE('',#4246,25.);
#4246 = AXIS2_PLACEMENT_2D('',#4247,#4248);
#4247 = CARTESIAN_POINT('',(8.751616848252E-16,-1.604946055186E-15));
#4248 = DIRECTION('',(1.,0.));
#4249 = ( GEOMETRIC_REPRESENTATION_CONTEXT(2) 
PARAMETRIC_REPRESENTATION_CONTEXT() REPRESENTATION_CONTEXT('2D SPACE',''
  ) );
#4250 = ORIENTED_EDGE('',*,*,#4201,.F.);
#4251 = ADVANCED_FACE('',(#4252),#3624,.F.);
#4252 = FACE_BOUND('',#4253,.F.);
#4253 = EDGE_LOOP('',(#4254,#4255,#4278,#4305));
#4254 = ORIENTED_EDGE('',*,*,#3286,.T.);
#4255 = ORIENTED_EDGE('',*,*,#4256,.T.);
#4256 = EDGE_CURVE('',#3287,#4257,#4259,.T.);
#4257 = VERTEX_POINT('',#4258);
#4258 = CARTESIAN_POINT('',(485.446,0.1036,0.));
#4259 = SEAM_CURVE('',#4260,(#4264,#4271),.PCURVE_S1.);
#4260 = LINE('',#4261,#4262);
#4261 = CARTESIAN_POINT('',(485.446,0.1036,-30.));
#4262 = VECTOR('',#4263,1.);
#4263 = DIRECTION('',(0.,0.,1.));
#4264 = PCURVE('',#3624,#4265);
#4265 = DEFINITIONAL_REPRESENTATION('',(#4266),#4270);
#4266 = LINE('',#4267,#4268);
#4267 = CARTESIAN_POINT('',(6.28318530718,0.));
#4268 = VECTOR('',#4269,1.);
#4269 = DIRECTION('',(0.,-1.));
#4270 = ( GEOMETRIC_REPRESENTATION_CONTEXT(2) 
PARAMETRIC_REPRESENTATION_CONTEXT() REPRESENTATION_CONTEXT('2D SPACE',''
  ) );
#4271 = PCURVE('',#3624,#4272);
#4272 = DEFINITIONAL_REPRESENTATION('',(#4273),#4277);
#4273 = LINE('',#4274,#4275);
#4274 = CARTESIAN_POINT('',(0.,0.));
#4275 = VECTOR('',#4276,1.);
#4276 = DIRECTION('',(0.,-1.));
#4277 = ( GEOMETRIC_REPRESENTATION_CONTEXT(2) 
PARAMETRIC_REPRESENTATION_CONTEXT() REPRESENTATION_CONTEXT('2D SPACE',''
  ) );
#4278 = ORIENTED_EDGE('',*,*,#4279,.T.);
#4279 = EDGE_CURVE('',#4257,#4257,#4280,.T.);
#4280 = SURFACE_CURVE('',#4281,(#4286,#4293),.PCURVE_S1.);
#4281 = ELLIPSE('',#4282,105.453,90.0155);
#4282 = AXIS2_PLACEMENT_3D('',#4283,#4284,#4285);
#4283 = CARTESIAN_POINT('',(379.993,0.1036,0.));
#4284 = DIRECTION('',(0.,0.,1.));
#4285 = DIRECTION('',(1.,0.,0.));
#4286 = PCURVE('',#3624,#4287);
#4287 = DEFINITIONAL_REPRESENTATION('',(#4288),#4292);
#4288 = LINE('',#4289,#4290);
#4289 = CARTESIAN_POINT('',(0.,-30.));
#4290 = VECTOR('',#4291,1.);
#4291 = DIRECTION('',(1.,0.));
#4292 = ( GEOMETRIC_REPRESENTATION_CONTEXT(2) 
PARAMETRIC_REPRESENTATION_CONTEXT() REPRESENTATION_CONTEXT('2D SPACE',''
  ) );
#4293 = PCURVE('',#4294,#4299);
#4294 = PLANE('',#4295);
#4295 = AXIS2_PLACEMENT_3D('',#4296,#4297,#4298);
#4296 = CARTESIAN_POINT('',(382.11141870896,0.1036,0.));
#4297 = DIRECTION('',(0.,0.,1.));
#4298 = DIRECTION('',(1.,0.,0.));
#4299 = DEFINITIONAL_REPRESENTATION('',(#4300),#4304);
#4300 = ELLIPSE('',#4301,105.453,90.0155);
#4301 = AXIS2_PLACEMENT_2D('',#4302,#4303);
#4302 = CARTESIAN_POINT('',(-2.118418708966,-1.048356041025E-14));
#4303 = DIRECTION('',(1.,0.));
#4304 = ( GEOMETRIC_REPRESENTATION_CONTEXT(2) 
PARAMETRIC_REPRESENTATION_CONTEXT() REPRESENTATION_CONTEXT('2D SPACE',''
  ) );
#4305 = ORIENTED_EDGE('',*,*,#4256,.F.);
#4306 = ADVANCED_FACE('',(#4307),#3823,.T.);
#4307 = FACE_BOUND('',#4308,.F.);
#4308 = EDGE_LOOP('',(#4309,#4310,#4333,#4360));
#4309 = ORIENTED_EDGE('',*,*,#3802,.T.);
#4310 = ORIENTED_EDGE('',*,*,#4311,.T.);
#4311 = EDGE_CURVE('',#3803,#4312,#4314,.T.);
#4312 = VERTEX_POINT('',#4313);
#4313 = CARTESIAN_POINT('',(550.,125.,0.));
#4314 = SEAM_CURVE('',#4315,(#4319,#4326),.PCURVE_S1.);
#4315 = LINE('',#4316,#4317);
#4316 = CARTESIAN_POINT('',(550.,125.,-30.));
#4317 = VECTOR('',#4318,1.);
#4318 = DIRECTION('',(0.,0.,1.));
#4319 = PCURVE('',#3823,#4320);
#4320 = DEFINITIONAL_REPRESENTATION('',(#4321),#4325);
#4321 = LINE('',#4322,#4323);
#4322 = CARTESIAN_POINT('',(-6.28318530718,0.));
#4323 = VECTOR('',#4324,1.);
#4324 = DIRECTION('',(-0.,-1.));
#4325 = ( GEOMETRIC_REPRESENTATION_CONTEXT(2) 
PARAMETRIC_REPRESENTATION_CONTEXT() REPRESENTATION_CONTEXT('2D SPACE',''
  ) );
#4326 = PCURVE('',#3823,#4327);
#4327 = DEFINITIONAL_REPRESENTATION('',(#4328),#4332);
#4328 = LINE('',#4329,#4330);
#4329 = CARTESIAN_POINT('',(-0.,0.));
#4330 = VECTOR('',#4331,1.);
#4331 = DIRECTION('',(-0.,-1.));
#4332 = ( GEOMETRIC_REPRESENTATION_CONTEXT(2) 
PARAMETRIC_REPRESENTATION_CONTEXT() REPRESENTATION_CONTEXT('2D SPACE',''
  ) );
#4333 = ORIENTED_EDGE('',*,*,#4334,.T.);
#4334 = EDGE_CURVE('',#4312,#4312,#4335,.T.);
#4335 = SURFACE_CURVE('',#4336,(#4341,#4348),.PCURVE_S1.);
#4336 = CIRCLE('',#4337,25.);
#4337 = AXIS2_PLACEMENT_3D('',#4338,#4339,#4340);
#4338 = CARTESIAN_POINT('',(525.,125.,0.));
#4339 = DIRECTION('',(0.,0.,1.));
#4340 = DIRECTION('',(1.,0.,0.));
#4341 = PCURVE('',#3823,#4342);
#4342 = DEFINITIONAL_REPRESENTATION('',(#4343),#4347);
#4343 = LINE('',#4344,#4345);
#4344 = CARTESIAN_POINT('',(-0.,-30.));
#4345 = VECTOR('',#4346,1.);
#4346 = DIRECTION('',(-1.,0.));
#4347 = ( GEOMETRIC_REPRESENTATION_CONTEXT(2) 
PARAMETRIC_REPRESENTATION_CONTEXT() REPRESENTATION_CONTEXT('2D SPACE',''
  ) );
#4348 = PCURVE('',#4349,#4354);
#4349 = PLANE('',#4350);
#4350 = AXIS2_PLACEMENT_3D('',#4351,#4352,#4353);
#4351 = CARTESIAN_POINT('',(525.,125.,0.));
#4352 = DIRECTION('',(0.,0.,1.));
#4353 = DIRECTION('',(1.,0.,0.));
#4354 = DEFINITIONAL_REPRESENTATION('',(#4355),#4359);
#4355 = CIRCLE('',#4356,25.);
#4356 = AXIS2_PLACEMENT_2D('',#4357,#4358);
#4357 = CARTESIAN_POINT('',(8.751616848252E-16,-1.604946055186E-15));
#4358 = DIRECTION('',(1.,0.));
#4359 = ( GEOMETRIC_REPRESENTATION_CONTEXT(2) 
PARAMETRIC_REPRESENTATION_CONTEXT() REPRESENTATION_CONTEXT('2D SPACE',''
  ) );
#4360 = ORIENTED_EDGE('',*,*,#4311,.F.);
#4361 = ADVANCED_FACE('',(#4362,#4365),#4019,.T.);
#4362 = FACE_BOUND('',#4363,.T.);
#4363 = EDGE_LOOP('',(#4364));
#4364 = ORIENTED_EDGE('',*,*,#4004,.T.);
#4365 = FACE_BOUND('',#4366,.T.);
#4366 = EDGE_LOOP('',(#4367));
#4367 = ORIENTED_EDGE('',*,*,#4368,.F.);
#4368 = EDGE_CURVE('',#4369,#4369,#4371,.T.);
#4369 = VERTEX_POINT('',#4370);
#4370 = CARTESIAN_POINT('',(-515.,-125.,0.));
#4371 = SURFACE_CURVE('',#4372,(#4377,#4384),.PCURVE_S1.);
#4372 = CIRCLE('',#4373,10.);
#4373 = AXIS2_PLACEMENT_3D('',#4374,#4375,#4376);
#4374 = CARTESIAN_POINT('',(-525.,-125.,0.));
#4375 = DIRECTION('',(0.,0.,1.));
#4376 = DIRECTION('',(1.,0.,0.));
#4377 = PCURVE('',#4019,#4378);
#4378 = DEFINITIONAL_REPRESENTATION('',(#4379),#4383);
#4379 = CIRCLE('',#4380,10.);
#4380 = AXIS2_PLACEMENT_2D('',#4381,#4382);
#4381 = CARTESIAN_POINT('',(8.751616848252E-16,-1.604946055186E-15));
#4382 = DIRECTION('',(1.,0.));
#4383 = ( GEOMETRIC_REPRESENTATION_CONTEXT(2) 
PARAMETRIC_REPRESENTATION_CONTEXT() REPRESENTATION_CONTEXT('2D SPACE',''
  ) );
#4384 = PCURVE('',#4385,#4390);
#4385 = CYLINDRICAL_SURFACE('',#4386,10.);
#4386 = AXIS2_PLACEMENT_3D('',#4387,#4388,#4389);
#4387 = CARTESIAN_POINT('',(-525.,-125.,0.));
#4388 = DIRECTION('',(-0.,-0.,-1.));
#4389 = DIRECTION('',(1.,0.,0.));
#4390 = DEFINITIONAL_REPRESENTATION('',(#4391),#4395);
#4391 = LINE('',#4392,#4393);
#4392 = CARTESIAN_POINT('',(-0.,0.));
#4393 = VECTOR('',#4394,1.);
#4394 = DIRECTION('',(-1.,0.));
#4395 = ( GEOMETRIC_REPRESENTATION_CONTEXT(2) 
PARAMETRIC_REPRESENTATION_CONTEXT() REPRESENTATION_CONTEXT('2D SPACE',''
  ) );
#4396 = ADVANCED_FACE('',(#4397,#4400),#4074,.T.);
#4397 = FACE_BOUND('',#4398,.T.);
#4398 = EDGE_LOOP('',(#4399));
#4399 = ORIENTED_EDGE('',*,*,#4059,.T.);
#4400 = FACE_BOUND('',#4401,.T.);
#4401 = EDGE_LOOP('',(#4402));
#4402 = ORIENTED_EDGE('',*,*,#4403,.F.);
#4403 = EDGE_CURVE('',#4404,#4404,#4406,.T.);
#4404 = VERTEX_POINT('',#4405);
#4405 = CARTESIAN_POINT('',(25.,-125.,0.));
#4406 = SURFACE_CURVE('',#4407,(#4412,#4419),.PCURVE_S1.);
#4407 = CIRCLE('',#4408,25.);
#4408 = AXIS2_PLACEMENT_3D('',#4409,#4410,#4411);
#4409 = CARTESIAN_POINT('',(0.,-125.,0.));
#4410 = DIRECTION('',(0.,0.,1.));
#4411 = DIRECTION('',(1.,0.,0.));
#4412 = PCURVE('',#4074,#4413);
#4413 = DEFINITIONAL_REPRESENTATION('',(#4414),#4418);
#4414 = CIRCLE('',#4415,25.);
#4415 = AXIS2_PLACEMENT_2D('',#4416,#4417);
#4416 = CARTESIAN_POINT('',(2.187904212063E-15,-2.742946025263E-15));
#4417 = DIRECTION('',(1.,0.));
#4418 = ( GEOMETRIC_REPRESENTATION_CONTEXT(2) 
PARAMETRIC_REPRESENTATION_CONTEXT() REPRESENTATION_CONTEXT('2D SPACE',''
  ) );
#4419 = PCURVE('',#4420,#4425);
#4420 = CYLINDRICAL_SURFACE('',#4421,25.);
#4421 = AXIS2_PLACEMENT_3D('',#4422,#4423,#4424);
#4422 = CARTESIAN_POINT('',(0.,-125.,0.));
#4423 = DIRECTION('',(-0.,-0.,-1.));
#4424 = DIRECTION('',(1.,0.,0.));
#4425 = DEFINITIONAL_REPRESENTATION('',(#4426),#4430);
#4426 = LINE('',#4427,#4428);
#4427 = CARTESIAN_POINT('',(-0.,0.));
#4428 = VECTOR('',#4429,1.);
#4429 = DIRECTION('',(-1.,0.));
#4430 = ( GEOMETRIC_REPRESENTATION_CONTEXT(2) 
PARAMETRIC_REPRESENTATION_CONTEXT() REPRESENTATION_CONTEXT('2D SPACE',''
  ) );
#4431 = ADVANCED_FACE('',(#4432,#4435),#4129,.T.);
#4432 = FACE_BOUND('',#4433,.T.);
#4433 = EDGE_LOOP('',(#4434));
#4434 = ORIENTED_EDGE('',*,*,#4114,.T.);
#4435 = FACE_BOUND('',#4436,.T.);
#4436 = EDGE_LOOP('',(#4437));
#4437 = ORIENTED_EDGE('',*,*,#4438,.F.);
#4438 = EDGE_CURVE('',#4439,#4439,#4441,.T.);
#4439 = VERTEX_POINT('',#4440);
#4440 = CARTESIAN_POINT('',(535.,-125.,0.));
#4441 = SURFACE_CURVE('',#4442,(#4447,#4454),.PCURVE_S1.);
#4442 = CIRCLE('',#4443,10.);
#4443 = AXIS2_PLACEMENT_3D('',#4444,#4445,#4446);
#4444 = CARTESIAN_POINT('',(525.,-125.,0.));
#4445 = DIRECTION('',(0.,0.,1.));
#4446 = DIRECTION('',(1.,0.,0.));
#4447 = PCURVE('',#4129,#4448);
#4448 = DEFINITIONAL_REPRESENTATION('',(#4449),#4453);
#4449 = CIRCLE('',#4450,10.);
#4450 = AXIS2_PLACEMENT_2D('',#4451,#4452);
#4451 = CARTESIAN_POINT('',(8.751616848252E-16,-1.604946055186E-15));
#4452 = DIRECTION('',(1.,0.));
#4453 = ( GEOMETRIC_REPRESENTATION_CONTEXT(2) 
PARAMETRIC_REPRESENTATION_CONTEXT() REPRESENTATION_CONTEXT('2D SPACE',''
  ) );
#4454 = PCURVE('',#4455,#4460);
#4455 = CYLINDRICAL_SURFACE('',#4456,10.);
#4456 = AXIS2_PLACEMENT_3D('',#4457,#4458,#4459);
#4457 = CARTESIAN_POINT('',(525.,-125.,0.));
#4458 = DIRECTION('',(-0.,-0.,-1.));
#4459 = DIRECTION('',(1.,0.,0.));
#4460 = DEFINITIONAL_REPRESENTATION('',(#4461),#4465);
#4461 = LINE('',#4462,#4463);
#4462 = CARTESIAN_POINT('',(-0.,0.));
#4463 = VECTOR('',#4464,1.);
#4464 = DIRECTION('',(-1.,0.));
#4465 = ( GEOMETRIC_REPRESENTATION_CONTEXT(2) 
PARAMETRIC_REPRESENTATION_CONTEXT() REPRESENTATION_CONTEXT('2D SPACE',''
  ) );
#4466 = ADVANCED_FACE('',(#4467,#4470),#4184,.T.);
#4467 = FACE_BOUND('',#4468,.T.);
#4468 = EDGE_LOOP('',(#4469));
#4469 = ORIENTED_EDGE('',*,*,#4169,.T.);
#4470 = FACE_BOUND('',#4471,.T.);
#4471 = EDGE_LOOP('',(#4472));
#4472 = ORIENTED_EDGE('',*,*,#4473,.F.);
#4473 = EDGE_CURVE('',#4474,#4474,#4476,.T.);
#4474 = VERTEX_POINT('',#4475);
#4475 = CARTESIAN_POINT('',(-284.8004,4.08E-02,0.));
#4476 = SURFACE_CURVE('',#4477,(#4482,#4489),.PCURVE_S1.);
#4477 = ELLIPSE('',#4478,95.453,80.0155);
#4478 = AXIS2_PLACEMENT_3D('',#4479,#4480,#4481);
#4479 = CARTESIAN_POINT('',(-380.2534,4.08E-02,0.));
#4480 = DIRECTION('',(0.,0.,1.));
#4481 = DIRECTION('',(1.,0.,0.));
#4482 = PCURVE('',#4184,#4483);
#4483 = DEFINITIONAL_REPRESENTATION('',(#4484),#4488);
#4484 = ELLIPSE('',#4485,95.453,80.0155);
#4485 = AXIS2_PLACEMENT_2D('',#4486,#4487);
#4486 = CARTESIAN_POINT('',(-2.118418708966,-1.048356041025E-14));
#4487 = DIRECTION('',(1.,0.));
#4488 = ( GEOMETRIC_REPRESENTATION_CONTEXT(2) 
PARAMETRIC_REPRESENTATION_CONTEXT() REPRESENTATION_CONTEXT('2D SPACE',''
  ) );
#4489 = PCURVE('',#4490,#4498);
#4490 = SURFACE_OF_LINEAR_EXTRUSION('',#4491,#4496);
#4491 = ELLIPSE('',#4492,95.453,80.0155);
#4492 = AXIS2_PLACEMENT_3D('',#4493,#4494,#4495);
#4493 = CARTESIAN_POINT('',(-380.2534,4.08E-02,-30.));
#4494 = DIRECTION('',(0.,0.,1.));
#4495 = DIRECTION('',(1.,0.,0.));
#4496 = VECTOR('',#4497,1.);
#4497 = DIRECTION('',(-0.,-0.,-1.));
#4498 = DEFINITIONAL_REPRESENTATION('',(#4499),#4503);
#4499 = LINE('',#4500,#4501);
#4500 = CARTESIAN_POINT('',(0.,-30.));
#4501 = VECTOR('',#4502,1.);
#4502 = DIRECTION('',(1.,0.));
#4503 = ( GEOMETRIC_REPRESENTATION_CONTEXT(2) 
PARAMETRIC_REPRESENTATION_CONTEXT() REPRESENTATION_CONTEXT('2D SPACE',''
  ) );
#4504 = ADVANCED_FACE('',(#4505,#4508),#4239,.T.);
#4505 = FACE_BOUND('',#4506,.T.);
#4506 = EDGE_LOOP('',(#4507));
#4507 = ORIENTED_EDGE('',*,*,#4224,.T.);
#4508 = FACE_BOUND('',#4509,.T.);
#4509 = EDGE_LOOP('',(#4510));
#4510 = ORIENTED_EDGE('',*,*,#4511,.F.);
#4511 = EDGE_CURVE('',#4512,#4512,#4514,.T.);
#4512 = VERTEX_POINT('',#4513);
#4513 = CARTESIAN_POINT('',(-515.,125.,0.));
#4514 = SURFACE_CURVE('',#4515,(#4520,#4527),.PCURVE_S1.);
#4515 = CIRCLE('',#4516,10.);
#4516 = AXIS2_PLACEMENT_3D('',#4517,#4518,#4519);
#4517 = CARTESIAN_POINT('',(-525.,125.,0.));
#4518 = DIRECTION('',(0.,0.,1.));
#4519 = DIRECTION('',(1.,0.,0.));
#4520 = PCURVE('',#4239,#4521);
#4521 = DEFINITIONAL_REPRESENTATION('',(#4522),#4526);
#4522 = CIRCLE('',#4523,10.);
#4523 = AXIS2_PLACEMENT_2D('',#4524,#4525);
#4524 = CARTESIAN_POINT('',(8.751616848252E-16,-1.604946055186E-15));
#4525 = DIRECTION('',(1.,0.));
#4526 = ( GEOMETRIC_REPRESENTATION_CONTEXT(2) 
PARAMETRIC_REPRESENTATION_CONTEXT() REPRESENTATION_CONTEXT('2D SPACE',''
  ) );
#4527 = PCURVE('',#4528,#4533);
#4528 = CYLINDRICAL_SURFACE('',#4529,10.);
#4529 = AXIS2_PLACEMENT_3D('',#4530,#4531,#4532);
#4530 = CARTESIAN_POINT('',(-525.,125.,0.));
#4531 = DIRECTION('',(-0.,-0.,-1.));
#4532 = DIRECTION('',(1.,0.,0.));
#4533 = DEFINITIONAL_REPRESENTATION('',(#4534),#4538);
#4534 = LINE('',#4535,#4536);
#4535 = CARTESIAN_POINT('',(-0.,0.));
#4536 = VECTOR('',#4537,1.);
#4537 = DIRECTION('',(-1.,0.));
#4538 = ( GEOMETRIC_REPRESENTATION_CONTEXT(2) 
PARAMETRIC_REPRESENTATION_CONTEXT() REPRESENTATION_CONTEXT('2D SPACE',''
  ) );
#4539 = ADVANCED_FACE('',(#4540,#4543),#4294,.T.);
#4540 = FACE_BOUND('',#4541,.T.);
#4541 = EDGE_LOOP('',(#4542));
#4542 = ORIENTED_EDGE('',*,*,#4279,.T.);
#4543 = FACE_BOUND('',#4544,.T.);
#4544 = EDGE_LOOP('',(#4545));
#4545 = ORIENTED_EDGE('',*,*,#4546,.F.);
#4546 = EDGE_CURVE('',#4547,#4547,#4549,.T.);
#4547 = VERTEX_POINT('',#4548);
#4548 = CARTESIAN_POINT('',(475.446,0.1036,0.));
#4549 = SURFACE_CURVE('',#4550,(#4555,#4562),.PCURVE_S1.);
#4550 = ELLIPSE('',#4551,95.453,80.0155);
#4551 = AXIS2_PLACEMENT_3D('',#4552,#4553,#4554);
#4552 = CARTESIAN_POINT('',(379.993,0.1036,0.));
#4553 = DIRECTION('',(0.,0.,1.));
#4554 = DIRECTION('',(1.,0.,0.));
#4555 = PCURVE('',#4294,#4556);
#4556 = DEFINITIONAL_REPRESENTATION('',(#4557),#4561);
#4557 = ELLIPSE('',#4558,95.453,80.0155);
#4558 = AXIS2_PLACEMENT_2D('',#4559,#4560);
#4559 = CARTESIAN_POINT('',(-2.118418708966,-1.048356041025E-14));
#4560 = DIRECTION('',(1.,0.));
#4561 = ( GEOMETRIC_REPRESENTATION_CONTEXT(2) 
PARAMETRIC_REPRESENTATION_CONTEXT() REPRESENTATION_CONTEXT('2D SPACE',''
  ) );
#4562 = PCURVE('',#4563,#4571);
#4563 = SURFACE_OF_LINEAR_EXTRUSION('',#4564,#4569);
#4564 = ELLIPSE('',#4565,95.453,80.0155);
#4565 = AXIS2_PLACEMENT_3D('',#4566,#4567,#4568);
#4566 = CARTESIAN_POINT('',(379.993,0.1036,-30.));
#4567 = DIRECTION('',(0.,0.,1.));
#4568 = DIRECTION('',(1.,0.,0.));
#4569 = VECTOR('',#4570,1.);
#4570 = DIRECTION('',(-0.,-0.,-1.));
#4571 = DEFINITIONAL_REPRESENTATION('',(#4572),#4576);
#4572 = LINE('',#4573,#4574);
#4573 = CARTESIAN_POINT('',(0.,-30.));
#4574 = VECTOR('',#4575,1.);
#4575 = DIRECTION('',(1.,0.));
#4576 = ( GEOMETRIC_REPRESENTATION_CONTEXT(2) 
PARAMETRIC_REPRESENTATION_CONTEXT() REPRESENTATION_CONTEXT('2D SPACE',''
  ) );
#4577 = ADVANCED_FACE('',(#4578,#4581),#4349,.T.);
#4578 = FACE_BOUND('',#4579,.T.);
#4579 = EDGE_LOOP('',(#4580));
#4580 = ORIENTED_EDGE('',*,*,#4334,.T.);
#4581 = FACE_BOUND('',#4582,.T.);
#4582 = EDGE_LOOP('',(#4583));
#4583 = ORIENTED_EDGE('',*,*,#4584,.F.);
#4584 = EDGE_CURVE('',#4585,#4585,#4587,.T.);
#4585 = VERTEX_POINT('',#4586);
#4586 = CARTESIAN_POINT('',(535.,125.,0.));
#4587 = SURFACE_CURVE('',#4588,(#4593,#4600),.PCURVE_S1.);
#4588 = CIRCLE('',#4589,10.);
#4589 = AXIS2_PLACEMENT_3D('',#4590,#4591,#4592);
#4590 = CARTESIAN_POINT('',(525.,125.,0.));
#4591 = DIRECTION('',(0.,0.,1.));
#4592 = DIRECTION('',(1.,0.,0.));
#4593 = PCURVE('',#4349,#4594);
#4594 = DEFINITIONAL_REPRESENTATION('',(#4595),#4599);
#4595 = CIRCLE('',#4596,10.);
#4596 = AXIS2_PLACEMENT_2D('',#4597,#4598);
#4597 = CARTESIAN_POINT('',(8.751616848252E-16,-1.604946055186E-15));
#4598 = DIRECTION('',(1.,0.));
#4599 = ( GEOMETRIC_REPRESENTATION_CONTEXT(2) 
PARAMETRIC_REPRESENTATION_CONTEXT() REPRESENTATION_CONTEXT('2D SPACE',''
  ) );
#4600 = PCURVE('',#4601,#4606);
#4601 = CYLINDRICAL_SURFACE('',#4602,10.);
#4602 = AXIS2_PLACEMENT_3D('',#4603,#4604,#4605);
#4603 = CARTESIAN_POINT('',(525.,125.,0.));
#4604 = DIRECTION('',(-0.,-0.,-1.));
#4605 = DIRECTION('',(1.,0.,0.));
#4606 = DEFINITIONAL_REPRESENTATION('',(#4607),#4611);
#4607 = LINE('',#4608,#4609);
#4608 = CARTESIAN_POINT('',(-0.,0.));
#4609 = VECTOR('',#4610,1.);
#4610 = DIRECTION('',(-1.,0.));
#4611 = ( GEOMETRIC_REPRESENTATION_CONTEXT(2) 
PARAMETRIC_REPRESENTATION_CONTEXT() REPRESENTATION_CONTEXT('2D SPACE',''
  ) );
#4612 = ADVANCED_FACE('',(#4613),#4385,.T.);
#4613 = FACE_BOUND('',#4614,.F.);
#4614 = EDGE_LOOP('',(#4615,#4638,#4665,#4666));
#4615 = ORIENTED_EDGE('',*,*,#4616,.T.);
#4616 = EDGE_CURVE('',#4369,#4617,#4619,.T.);
#4617 = VERTEX_POINT('',#4618);
#4618 = CARTESIAN_POINT('',(-515.,-125.,134.237));
#4619 = SEAM_CURVE('',#4620,(#4624,#4631),.PCURVE_S1.);
#4620 = LINE('',#4621,#4622);
#4621 = CARTESIAN_POINT('',(-515.,-125.,0.));
#4622 = VECTOR('',#4623,1.);
#4623 = DIRECTION('',(0.,0.,1.));
#4624 = PCURVE('',#4385,#4625);
#4625 = DEFINITIONAL_REPRESENTATION('',(#4626),#4630);
#4626 = LINE('',#4627,#4628);
#4627 = CARTESIAN_POINT('',(-0.,0.));
#4628 = VECTOR('',#4629,1.);
#4629 = DIRECTION('',(-0.,-1.));
#4630 = ( GEOMETRIC_REPRESENTATION_CONTEXT(2) 
PARAMETRIC_REPRESENTATION_CONTEXT() REPRESENTATION_CONTEXT('2D SPACE',''
  ) );
#4631 = PCURVE('',#4385,#4632);
#4632 = DEFINITIONAL_REPRESENTATION('',(#4633),#4637);
#4633 = LINE('',#4634,#4635);
#4634 = CARTESIAN_POINT('',(-6.28318530718,0.));
#4635 = VECTOR('',#4636,1.);
#4636 = DIRECTION('',(-0.,-1.));
#4637 = ( GEOMETRIC_REPRESENTATION_CONTEXT(2) 
PARAMETRIC_REPRESENTATION_CONTEXT() REPRESENTATION_CONTEXT('2D SPACE',''
  ) );
#4638 = ORIENTED_EDGE('',*,*,#4639,.T.);
#4639 = EDGE_CURVE('',#4617,#4617,#4640,.T.);
#4640 = SURFACE_CURVE('',#4641,(#4646,#4653),.PCURVE_S1.);
#4641 = CIRCLE('',#4642,10.);
#4642 = AXIS2_PLACEMENT_3D('',#4643,#4644,#4645);
#4643 = CARTESIAN_POINT('',(-525.,-125.,134.237));
#4644 = DIRECTION('',(0.,0.,1.));
#4645 = DIRECTION('',(1.,0.,0.));
#4646 = PCURVE('',#4385,#4647);
#4647 = DEFINITIONAL_REPRESENTATION('',(#4648),#4652);
#4648 = LINE('',#4649,#4650);
#4649 = CARTESIAN_POINT('',(-0.,-134.237));
#4650 = VECTOR('',#4651,1.);
#4651 = DIRECTION('',(-1.,0.));
#4652 = ( GEOMETRIC_REPRESENTATION_CONTEXT(2) 
PARAMETRIC_REPRESENTATION_CONTEXT() REPRESENTATION_CONTEXT('2D SPACE',''
  ) );
#4653 = PCURVE('',#4654,#4659);
#4654 = PLANE('',#4655);
#4655 = AXIS2_PLACEMENT_3D('',#4656,#4657,#4658);
#4656 = CARTESIAN_POINT('',(-525.,-125.,134.237));
#4657 = DIRECTION('',(0.,0.,1.));
#4658 = DIRECTION('',(1.,0.,0.));
#4659 = DEFINITIONAL_REPRESENTATION('',(#4660),#4664);
#4660 = CIRCLE('',#4661,10.);
#4661 = AXIS2_PLACEMENT_2D('',#4662,#4663);
#4662 = CARTESIAN_POINT('',(5.469760530158E-16,-6.857365063158E-16));
#4663 = DIRECTION('',(1.,0.));
#4664 = ( GEOMETRIC_REPRESENTATION_CONTEXT(2) 
PARAMETRIC_REPRESENTATION_CONTEXT() REPRESENTATION_CONTEXT('2D SPACE',''
  ) );
#4665 = ORIENTED_EDGE('',*,*,#4616,.F.);
#4666 = ORIENTED_EDGE('',*,*,#4368,.F.);
#4667 = ADVANCED_FACE('',(#4668),#4420,.T.);
#4668 = FACE_BOUND('',#4669,.F.);
#4669 = EDGE_LOOP('',(#4670,#4693,#4720,#4721));
#4670 = ORIENTED_EDGE('',*,*,#4671,.T.);
#4671 = EDGE_CURVE('',#4404,#4672,#4674,.T.);
#4672 = VERTEX_POINT('',#4673);
#4673 = CARTESIAN_POINT('',(25.,-125.,134.237));
#4674 = SEAM_CURVE('',#4675,(#4679,#4686),.PCURVE_S1.);
#4675 = LINE('',#4676,#4677);
#4676 = CARTESIAN_POINT('',(25.,-125.,0.));
#4677 = VECTOR('',#4678,1.);
#4678 = DIRECTION('',(0.,0.,1.));
#4679 = PCURVE('',#4420,#4680);
#4680 = DEFINITIONAL_REPRESENTATION('',(#4681),#4685);
#4681 = LINE('',#4682,#4683);
#4682 = CARTESIAN_POINT('',(-0.,0.));
#4683 = VECTOR('',#4684,1.);
#4684 = DIRECTION('',(-0.,-1.));
#4685 = ( GEOMETRIC_REPRESENTATION_CONTEXT(2) 
PARAMETRIC_REPRESENTATION_CONTEXT() REPRESENTATION_CONTEXT('2D SPACE',''
  ) );
#4686 = PCURVE('',#4420,#4687);
#4687 = DEFINITIONAL_REPRESENTATION('',(#4688),#4692);
#4688 = LINE('',#4689,#4690);
#4689 = CARTESIAN_POINT('',(-6.28318530718,0.));
#4690 = VECTOR('',#4691,1.);
#4691 = DIRECTION('',(-0.,-1.));
#4692 = ( GEOMETRIC_REPRESENTATION_CONTEXT(2) 
PARAMETRIC_REPRESENTATION_CONTEXT() REPRESENTATION_CONTEXT('2D SPACE',''
  ) );
#4693 = ORIENTED_EDGE('',*,*,#4694,.T.);
#4694 = EDGE_CURVE('',#4672,#4672,#4695,.T.);
#4695 = SURFACE_CURVE('',#4696,(#4701,#4708),.PCURVE_S1.);
#4696 = CIRCLE('',#4697,25.);
#4697 = AXIS2_PLACEMENT_3D('',#4698,#4699,#4700);
#4698 = CARTESIAN_POINT('',(0.,-125.,134.237));
#4699 = DIRECTION('',(0.,0.,1.));
#4700 = DIRECTION('',(1.,0.,0.));
#4701 = PCURVE('',#4420,#4702);
#4702 = DEFINITIONAL_REPRESENTATION('',(#4703),#4707);
#4703 = LINE('',#4704,#4705);
#4704 = CARTESIAN_POINT('',(-0.,-134.237));
#4705 = VECTOR('',#4706,1.);
#4706 = DIRECTION('',(-1.,0.));
#4707 = ( GEOMETRIC_REPRESENTATION_CONTEXT(2) 
PARAMETRIC_REPRESENTATION_CONTEXT() REPRESENTATION_CONTEXT('2D SPACE',''
  ) );
#4708 = PCURVE('',#4709,#4714);
#4709 = PLANE('',#4710);
#4710 = AXIS2_PLACEMENT_3D('',#4711,#4712,#4713);
#4711 = CARTESIAN_POINT('',(-8.751616848252E-16,-125.,134.237));
#4712 = DIRECTION('',(0.,0.,1.));
#4713 = DIRECTION('',(1.,0.,0.));
#4714 = DEFINITIONAL_REPRESENTATION('',(#4715),#4719);
#4715 = CIRCLE('',#4716,25.);
#4716 = AXIS2_PLACEMENT_2D('',#4717,#4718);
#4717 = CARTESIAN_POINT('',(8.751616848252E-16,-1.604946055186E-15));
#4718 = DIRECTION('',(1.,0.));
#4719 = ( GEOMETRIC_REPRESENTATION_CONTEXT(2) 
PARAMETRIC_REPRESENTATION_CONTEXT() REPRESENTATION_CONTEXT('2D SPACE',''
  ) );
#4720 = ORIENTED_EDGE('',*,*,#4671,.F.);
#4721 = ORIENTED_EDGE('',*,*,#4403,.F.);
#4722 = ADVANCED_FACE('',(#4723),#4455,.T.);
#4723 = FACE_BOUND('',#4724,.F.);
#4724 = EDGE_LOOP('',(#4725,#4748,#4775,#4776));
#4725 = ORIENTED_EDGE('',*,*,#4726,.T.);
#4726 = EDGE_CURVE('',#4439,#4727,#4729,.T.);
#4727 = VERTEX_POINT('',#4728);
#4728 = CARTESIAN_POINT('',(535.,-125.,134.237));
#4729 = SEAM_CURVE('',#4730,(#4734,#4741),.PCURVE_S1.);
#4730 = LINE('',#4731,#4732);
#4731 = CARTESIAN_POINT('',(535.,-125.,0.));
#4732 = VECTOR('',#4733,1.);
#4733 = DIRECTION('',(0.,0.,1.));
#4734 = PCURVE('',#4455,#4735);
#4735 = DEFINITIONAL_REPRESENTATION('',(#4736),#4740);
#4736 = LINE('',#4737,#4738);
#4737 = CARTESIAN_POINT('',(-0.,0.));
#4738 = VECTOR('',#4739,1.);
#4739 = DIRECTION('',(-0.,-1.));
#4740 = ( GEOMETRIC_REPRESENTATION_CONTEXT(2) 
PARAMETRIC_REPRESENTATION_CONTEXT() REPRESENTATION_CONTEXT('2D SPACE',''
  ) );
#4741 = PCURVE('',#4455,#4742);
#4742 = DEFINITIONAL_REPRESENTATION('',(#4743),#4747);
#4743 = LINE('',#4744,#4745);
#4744 = CARTESIAN_POINT('',(-6.28318530718,0.));
#4745 = VECTOR('',#4746,1.);
#4746 = DIRECTION('',(-0.,-1.));
#4747 = ( GEOMETRIC_REPRESENTATION_CONTEXT(2) 
PARAMETRIC_REPRESENTATION_CONTEXT() REPRESENTATION_CONTEXT('2D SPACE',''
  ) );
#4748 = ORIENTED_EDGE('',*,*,#4749,.T.);
#4749 = EDGE_CURVE('',#4727,#4727,#4750,.T.);
#4750 = SURFACE_CURVE('',#4751,(#4756,#4763),.PCURVE_S1.);
#4751 = CIRCLE('',#4752,10.);
#4752 = AXIS2_PLACEMENT_3D('',#4753,#4754,#4755);
#4753 = CARTESIAN_POINT('',(525.,-125.,134.237));
#4754 = DIRECTION('',(0.,0.,1.));
#4755 = DIRECTION('',(1.,0.,0.));
#4756 = PCURVE('',#4455,#4757);
#4757 = DEFINITIONAL_REPRESENTATION('',(#4758),#4762);
#4758 = LINE('',#4759,#4760);
#4759 = CARTESIAN_POINT('',(-0.,-134.237));
#4760 = VECTOR('',#4761,1.);
#4761 = DIRECTION('',(-1.,0.));
#4762 = ( GEOMETRIC_REPRESENTATION_CONTEXT(2) 
PARAMETRIC_REPRESENTATION_CONTEXT() REPRESENTATION_CONTEXT('2D SPACE',''
  ) );
#4763 = PCURVE('',#4764,#4769);
#4764 = PLANE('',#4765);
#4765 = AXIS2_PLACEMENT_3D('',#4766,#4767,#4768);
#4766 = CARTESIAN_POINT('',(525.,-125.,134.237));
#4767 = DIRECTION('',(0.,0.,1.));
#4768 = DIRECTION('',(1.,0.,0.));
#4769 = DEFINITIONAL_REPRESENTATION('',(#4770),#4774);
#4770 = CIRCLE('',#4771,10.);
#4771 = AXIS2_PLACEMENT_2D('',#4772,#4773);
#4772 = CARTESIAN_POINT('',(5.469760530158E-16,-6.857365063158E-16));
#4773 = DIRECTION('',(1.,0.));
#4774 = ( GEOMETRIC_REPRESENTATION_CONTEXT(2) 
PARAMETRIC_REPRESENTATION_CONTEXT() REPRESENTATION_CONTEXT('2D SPACE',''
  ) );
#4775 = ORIENTED_EDGE('',*,*,#4726,.F.);
#4776 = ORIENTED_EDGE('',*,*,#4438,.F.);
#4777 = ADVANCED_FACE('',(#4778),#4490,.T.);
#4778 = FACE_BOUND('',#4779,.T.);
#4779 = EDGE_LOOP('',(#4780,#5273,#5294,#5295));
#4780 = ORIENTED_EDGE('',*,*,#4781,.T.);
#4781 = EDGE_CURVE('',#4782,#4782,#4784,.T.);
#4782 = VERTEX_POINT('',#4783);
#4783 = CARTESIAN_POINT('',(-284.8004,4.08E-02,-29.999));
#4784 = SURFACE_CURVE('',#4785,(#4944,#5106),.PCURVE_S1.);
#4785 = B_SPLINE_CURVE_WITH_KNOTS('',7,(#4786,#4787,#4788,#4789,#4790,
    #4791,#4792,#4793,#4794,#4795,#4796,#4797,#4798,#4799,#4800,#4801,
    #4802,#4803,#4804,#4805,#4806,#4807,#4808,#4809,#4810,#4811,#4812,
    #4813,#4814,#4815,#4816,#4817,#4818,#4819,#4820,#4821,#4822,#4823,
    #4824,#4825,#4826,#4827,#4828,#4829,#4830,#4831,#4832,#4833,#4834,
    #4835,#4836,#4837,#4838,#4839,#4840,#4841,#4842,#4843,#4844,#4845,
    #4846,#4847,#4848,#4849,#4850,#4851,#4852,#4853,#4854,#4855,#4856,
    #4857,#4858,#4859,#4860,#4861,#4862,#4863,#4864,#4865,#4866,#4867,
    #4868,#4869,#4870,#4871,#4872,#4873,#4874,#4875,#4876,#4877,#4878,
    #4879,#4880,#4881,#4882,#4883,#4884,#4885,#4886,#4887,#4888,#4889,
    #4890,#4891,#4892,#4893,#4894,#4895,#4896,#4897,#4898,#4899,#4900,
    #4901,#4902,#4903,#4904,#4905,#4906,#4907,#4908,#4909,#4910,#4911,
    #4912,#4913,#4914,#4915,#4916,#4917,#4918,#4919,#4920,#4921,#4922,
    #4923,#4924,#4925,#4926,#4927,#4928,#4929,#4930,#4931,#4932,#4933,
    #4934,#4935,#4936,#4937,#4938,#4939,#4940,#4941,#4942,#4943),
  .UNSPECIFIED.,.T.,.F.,(8,6,6,6,6,6,6,6,6,6,6,6,6,6,6,6,6,6,6,6,6,6,6,6
    ,6,6,8),(0.,6.359240871118E-02,0.101140508458,0.144429949512,
    0.174689585621,0.195962081316,0.249995781746,0.304029482175,
    0.32530197787,0.355561613979,0.398851055033,0.436399154779,
    0.456961112419,0.500000000002,0.543038887585,0.563600845225,
    0.601148944971,0.644438386025,0.674698022134,0.695970517828,
    0.750004218257,0.804037918686,0.825310414381,0.85557005049,
    0.898859491544,0.93640759129,1.),.UNSPECIFIED.);
#4786 = CARTESIAN_POINT('',(-284.8004,4.079999999998E-02,-29.999));
#4787 = CARTESIAN_POINT('',(-284.8003994309,-4.976577496486,-29.999));
#4788 = CARTESIAN_POINT('',(-285.238269745,-9.996762386847,-29.999));
#4789 = CARTESIAN_POINT('',(-286.1148710331,-14.9685509319,-29.999));
#4790 = CARTESIAN_POINT('',(-287.4169950608,-19.84778965246,-29.999));
#4791 = CARTESIAN_POINT('',(-289.1232631641,-24.59606578727,-29.999));
#4792 = CARTESIAN_POINT('',(-291.2057857961,-29.18031421351,-29.999));
#4793 = CARTESIAN_POINT('',(-295.0634256806,-36.16597401225,-29.999));
#4794 = CARTESIAN_POINT('',(-296.6155265878,-38.69315256189,-29.999));
#4795 = CARTESIAN_POINT('',(-298.2811943807,-41.14890234099,-29.999));
#4796 = CARTESIAN_POINT('',(-300.0537815209,-43.52898086591,-29.999));
#4797 = CARTESIAN_POINT('',(-301.9265963252,-45.82995563208,-29.999));
#4798 = CARTESIAN_POINT('',(-303.8930632923,-48.04908610075,-29.999));
#4799 = CARTESIAN_POINT('',(-308.3146477395,-52.64586840229,-29.999));
#4800 = CARTESIAN_POINT('',(-310.7984564605,-54.99582060987,-29.999));
#4801 = CARTESIAN_POINT('',(-313.3886102354,-57.23091191665,-29.999));
#4802 = CARTESIAN_POINT('',(-316.0757831701,-59.34886784657,-29.999));
#4803 = CARTESIAN_POINT('',(-318.8511141461,-61.34815108604,-29.999));
#4804 = CARTESIAN_POINT('',(-321.7063286534,-63.22780758047,-29.999));
#4805 = CARTESIAN_POINT('',(-326.6802015198,-66.21724876598,-29.999));
#4806 = CARTESIAN_POINT('',(-328.7618393817,-67.38844107246,-29.999));
#4807 = CARTESIAN_POINT('',(-330.8761448031,-68.50072292604,-29.999));
#4808 = CARTESIAN_POINT('',(-333.0206064849,-69.55398412604,-29.999));
#4809 = CARTESIAN_POINT('',(-335.192822268,-70.54817587462,-29.999));
#4810 = CARTESIAN_POINT('',(-337.3905051468,-71.48329847284,-29.999));
#4811 = CARTESIAN_POINT('',(-341.1728390267,-72.97527977422,-29.999));
#4812 = CARTESIAN_POINT('',(-342.7456963966,-73.56199316378,-29.999));
#4813 = CARTESIAN_POINT('',(-344.3293046311,-74.11954056023,-29.999));
#4814 = CARTESIAN_POINT('',(-345.9229264562,-74.64793873,-29.999));
#4815 = CARTESIAN_POINT('',(-347.5258444559,-75.14720870073,-29.999));
#4816 = CARTESIAN_POINT('',(-349.1373614442,-75.61737463091,-29.999));
#4817 = CARTESIAN_POINT('',(-354.8702960728,-77.1788587155,-29.999));
#4818 = CARTESIAN_POINT('',(-359.0347178238,-78.11159356019,-29.999));
#4819 = CARTESIAN_POINT('',(-363.2392253121,-78.85719310995,-29.999));
#4820 = CARTESIAN_POINT('',(-367.4733277927,-79.41604463887,-29.999));
#4821 = CARTESIAN_POINT('',(-371.7268725054,-79.78847237726,-29.999));
#4822 = CARTESIAN_POINT('',(-375.9900475951,-79.97469999644,-29.999));
#4823 = CARTESIAN_POINT('',(-384.5167524048,-79.97469999644,-29.999));
#4824 = CARTESIAN_POINT('',(-388.7799274945,-79.78847237726,-29.999));
#4825 = CARTESIAN_POINT('',(-393.0334722071,-79.41604463888,-29.999));
#4826 = CARTESIAN_POINT('',(-397.2675746878,-78.85719310996,-29.999));
#4827 = CARTESIAN_POINT('',(-401.4720821761,-78.11159356019,-29.999));
#4828 = CARTESIAN_POINT('',(-405.6365039271,-77.1788587155,-29.999));
#4829 = CARTESIAN_POINT('',(-411.3694385557,-75.61737463091,-29.999));
#4830 = CARTESIAN_POINT('',(-412.980955544,-75.14720870073,-29.999));
#4831 = CARTESIAN_POINT('',(-414.5838735437,-74.64793873001,-29.999));
#4832 = CARTESIAN_POINT('',(-416.1774953688,-74.11954056024,-29.999));
#4833 = CARTESIAN_POINT('',(-417.7611036033,-73.56199316379,-29.999));
#4834 = CARTESIAN_POINT('',(-419.3339609731,-72.97527977423,-29.999));
#4835 = CARTESIAN_POINT('',(-423.1162948531,-71.48329847285,-29.999));
#4836 = CARTESIAN_POINT('',(-425.3139777319,-70.54817587463,-29.999));
#4837 = CARTESIAN_POINT('',(-427.486193515,-69.55398412605,-29.999));
#4838 = CARTESIAN_POINT('',(-429.6306551967,-68.50072292605,-29.999));
#4839 = CARTESIAN_POINT('',(-431.7449606182,-67.38844107247,-29.999));
#4840 = CARTESIAN_POINT('',(-433.8265984801,-66.21724876599,-29.999));
#4841 = CARTESIAN_POINT('',(-438.8004713465,-63.22780758047,-29.999));
#4842 = CARTESIAN_POINT('',(-441.6556858538,-61.34815108605,-29.999));
#4843 = CARTESIAN_POINT('',(-444.4310168298,-59.34886784657,-29.999));
#4844 = CARTESIAN_POINT('',(-447.1181897645,-57.23091191665,-29.999));
#4845 = CARTESIAN_POINT('',(-449.7083435393,-54.99582060988,-29.999));
#4846 = CARTESIAN_POINT('',(-452.1921522604,-52.6458684023,-29.999));
#4847 = CARTESIAN_POINT('',(-456.6137367076,-48.04908610076,-29.999));
#4848 = CARTESIAN_POINT('',(-458.5802036747,-45.8299556321,-29.999));
#4849 = CARTESIAN_POINT('',(-460.4530184789,-43.52898086591,-29.999));
#4850 = CARTESIAN_POINT('',(-462.2256056192,-41.148902341,-29.999));
#4851 = CARTESIAN_POINT('',(-463.8912734121,-38.69315256191,-29.999));
#4852 = CARTESIAN_POINT('',(-465.4433743193,-36.16597401226,-29.999));
#4853 = CARTESIAN_POINT('',(-467.6597724774,-32.15237861111,-29.999));
#4854 = CARTESIAN_POINT('',(-468.408063255,-30.71231933943,-29.999));
#4855 = CARTESIAN_POINT('',(-469.119332688,-29.25324693513,-29.999));
#4856 = CARTESIAN_POINT('',(-469.7925593045,-27.77608996651,-29.999));
#4857 = CARTESIAN_POINT('',(-470.4267617093,-26.28185545752,-29.999));
#4858 = CARTESIAN_POINT('',(-471.0210097124,-24.77163392347,-29.999));
#4859 = CARTESIAN_POINT('',(-472.7328282922,-20.05451686204,-29.999));
#4860 = CARTESIAN_POINT('',(-473.7125222088,-16.79714397678,-29.999));
#4861 = CARTESIAN_POINT('',(-474.5052737953,-13.48583479397,-29.999));
#4862 = CARTESIAN_POINT('',(-475.1046003222,-10.13281245497,-29.999));
#4863 = CARTESIAN_POINT('',(-475.5058302122,-6.751179337352,-29.999));
#4864 = CARTESIAN_POINT('',(-475.7064003166,-3.354962580623,-29.999));
#4865 = CARTESIAN_POINT('',(-475.7064003166,3.4365625806,-29.999));
#4866 = CARTESIAN_POINT('',(-475.5058302122,6.832779337336,-29.999));
#4867 = CARTESIAN_POINT('',(-475.1046003222,10.214412454944,-29.999));
#4868 = CARTESIAN_POINT('',(-474.5052737953,13.567434793947,-29.999));
#4869 = CARTESIAN_POINT('',(-473.7125222088,16.878743976775,-29.999));
#4870 = CARTESIAN_POINT('',(-472.7328282922,20.136116862021,-29.999));
#4871 = CARTESIAN_POINT('',(-471.0210097124,24.853233923458,-29.999));
#4872 = CARTESIAN_POINT('',(-470.4267617093,26.363455457505,-29.999));
#4873 = CARTESIAN_POINT('',(-469.7925593045,27.857689966498,-29.999));
#4874 = CARTESIAN_POINT('',(-469.119332688,29.334846935112,-29.999));
#4875 = CARTESIAN_POINT('',(-468.408063255,30.793919339413,-29.999));
#4876 = CARTESIAN_POINT('',(-467.6597724775,32.233978611096,-29.999));
#4877 = CARTESIAN_POINT('',(-465.4433743193,36.247574012247,-29.999));
#4878 = CARTESIAN_POINT('',(-463.8912734121,38.774752561886,-29.999));
#4879 = CARTESIAN_POINT('',(-462.2256056192,41.230502340996,-29.999));
#4880 = CARTESIAN_POINT('',(-460.453018479,43.610580865908,-29.999));
#4881 = CARTESIAN_POINT('',(-458.5802036747,45.911555632071,-29.999));
#4882 = CARTESIAN_POINT('',(-456.6137367077,48.130686100755,-29.999));
#4883 = CARTESIAN_POINT('',(-452.1921522604,52.727468402294,-29.999));
#4884 = CARTESIAN_POINT('',(-449.7083435394,55.077420609865,-29.999));
#4885 = CARTESIAN_POINT('',(-447.1181897645,57.312511916647,-29.999));
#4886 = CARTESIAN_POINT('',(-444.4310168299,59.430467846567,-29.999));
#4887 = CARTESIAN_POINT('',(-441.6556858538,61.429751086035,-29.999));
#4888 = CARTESIAN_POINT('',(-438.8004713465,63.30940758047,-29.999));
#4889 = CARTESIAN_POINT('',(-433.8265984801,66.298848765981,-29.999));
#4890 = CARTESIAN_POINT('',(-431.7449606182,67.470041072458,-29.999));
#4891 = CARTESIAN_POINT('',(-429.6306551968,68.582322926044,-29.999));
#4892 = CARTESIAN_POINT('',(-427.486193515,69.63558412604,-29.999));
#4893 = CARTESIAN_POINT('',(-425.3139777319,70.629775874627,-29.999));
#4894 = CARTESIAN_POINT('',(-423.1162948531,71.564898472845,-29.999));
#4895 = CARTESIAN_POINT('',(-419.3339609732,73.056879774222,-29.999));
#4896 = CARTESIAN_POINT('',(-417.7611036033,73.643593163787,-29.999));
#4897 = CARTESIAN_POINT('',(-416.1774953688,74.201140560235,-29.999));
#4898 = CARTESIAN_POINT('',(-414.5838735437,74.729538730006,-29.999));
#4899 = CARTESIAN_POINT('',(-412.980955544,75.22880870073,-29.999));
#4900 = CARTESIAN_POINT('',(-411.3694385557,75.698974630909,-29.999));
#4901 = CARTESIAN_POINT('',(-405.6365039271,77.260458715502,-29.999));
#4902 = CARTESIAN_POINT('',(-401.4720821761,78.193193560194,-29.999));
#4903 = CARTESIAN_POINT('',(-397.2675746878,78.938793109959,-29.999));
#4904 = CARTESIAN_POINT('',(-393.0334722072,79.497644638878,-29.999));
#4905 = CARTESIAN_POINT('',(-388.7799274945,79.870072377258,-29.999));
#4906 = CARTESIAN_POINT('',(-384.5167524048,80.056299996445,-29.999));
#4907 = CARTESIAN_POINT('',(-375.9900475951,80.056299996446,-29.999));
#4908 = CARTESIAN_POINT('',(-371.7268725054,79.870072377261,-29.999));
#4909 = CARTESIAN_POINT('',(-367.4733277928,79.497644638881,-29.999));
#4910 = CARTESIAN_POINT('',(-363.2392253121,78.938793109962,-29.999));
#4911 = CARTESIAN_POINT('',(-359.0347178238,78.193193560197,-29.999));
#4912 = CARTESIAN_POINT('',(-354.8702960728,77.260458715509,-29.999));
#4913 = CARTESIAN_POINT('',(-349.1373614442,75.698974630915,-29.999));
#4914 = CARTESIAN_POINT('',(-347.5258444559,75.228808700738,-29.999));
#4915 = CARTESIAN_POINT('',(-345.9229264562,74.729538730014,-29.999));
#4916 = CARTESIAN_POINT('',(-344.3293046311,74.201140560242,-29.999));
#4917 = CARTESIAN_POINT('',(-342.7456963966,73.643593163794,-29.999));
#4918 = CARTESIAN_POINT('',(-341.1728390268,73.05687977423,-29.999));
#4919 = CARTESIAN_POINT('',(-337.3905051468,71.564898472855,-29.999));
#4920 = CARTESIAN_POINT('',(-335.192822268,70.629775874634,-29.999));
#4921 = CARTESIAN_POINT('',(-333.0206064849,69.635584126049,-29.999));
#4922 = CARTESIAN_POINT('',(-330.8761448032,68.582322926055,-29.999));
#4923 = CARTESIAN_POINT('',(-328.7618393817,67.47004107247,-29.999));
#4924 = CARTESIAN_POINT('',(-326.6802015198,66.29884876599,-29.999));
#4925 = CARTESIAN_POINT('',(-321.7063286534,63.309407580476,-29.999));
#4926 = CARTESIAN_POINT('',(-318.8511141461,61.429751086059,-29.999));
#4927 = CARTESIAN_POINT('',(-316.0757831701,59.430467846575,-29.999));
#4928 = CARTESIAN_POINT('',(-313.3886102354,57.312511916654,-29.999));
#4929 = CARTESIAN_POINT('',(-310.7984564606,55.077420609887,-29.999));
#4930 = CARTESIAN_POINT('',(-308.3146477395,52.727468402306,-29.999));
#4931 = CARTESIAN_POINT('',(-303.8930632923,48.13068610077,-29.999));
#4932 = CARTESIAN_POINT('',(-301.9265963252,45.911555632088,-29.999));
#4933 = CARTESIAN_POINT('',(-300.053781521,43.610580865924,-29.999));
#4934 = CARTESIAN_POINT('',(-298.2811943807,41.230502341012,-29.999));
#4935 = CARTESIAN_POINT('',(-296.6155265878,38.774752561904,-29.999));
#4936 = CARTESIAN_POINT('',(-295.0634256806,36.247574012264,-29.999));
#4937 = CARTESIAN_POINT('',(-291.2057857961,29.261914213532,-29.999));
#4938 = CARTESIAN_POINT('',(-289.1232631642,24.677665787262,-29.999));
#4939 = CARTESIAN_POINT('',(-287.4169950606,19.929389652477,-29.999));
#4940 = CARTESIAN_POINT('',(-286.1148710333,15.050150931914,-29.999));
#4941 = CARTESIAN_POINT('',(-285.2382697449,10.078362386838,-29.999));
#4942 = CARTESIAN_POINT('',(-284.800399431,5.058177496492,-29.999));
#4943 = CARTESIAN_POINT('',(-284.8004,4.080000000001E-02,-29.999));
#4944 = PCURVE('',#4490,#4945);
#4945 = DEFINITIONAL_REPRESENTATION('',(#4946),#5105);
#4946 = B_SPLINE_CURVE_WITH_KNOTS('',7,(#4947,#4948,#4949,#4950,#4951,
    #4952,#4953,#4954,#4955,#4956,#4957,#4958,#4959,#4960,#4961,#4962,
    #4963,#4964,#4965,#4966,#4967,#4968,#4969,#4970,#4971,#4972,#4973,
    #4974,#4975,#4976,#4977,#4978,#4979,#4980,#4981,#4982,#4983,#4984,
    #4985,#4986,#4987,#4988,#4989,#4990,#4991,#4992,#4993,#4994,#4995,
    #4996,#4997,#4998,#4999,#5000,#5001,#5002,#5003,#5004,#5005,#5006,
    #5007,#5008,#5009,#5010,#5011,#5012,#5013,#5014,#5015,#5016,#5017,
    #5018,#5019,#5020,#5021,#5022,#5023,#5024,#5025,#5026,#5027,#5028,
    #5029,#5030,#5031,#5032,#5033,#5034,#5035,#5036,#5037,#5038,#5039,
    #5040,#5041,#5042,#5043,#5044,#5045,#5046,#5047,#5048,#5049,#5050,
    #5051,#5052,#5053,#5054,#5055,#5056,#5057,#5058,#5059,#5060,#5061,
    #5062,#5063,#5064,#5065,#5066,#5067,#5068,#5069,#5070,#5071,#5072,
    #5073,#5074,#5075,#5076,#5077,#5078,#5079,#5080,#5081,#5082,#5083,
    #5084,#5085,#5086,#5087,#5088,#5089,#5090,#5091,#5092,#5093,#5094,
    #5095,#5096,#5097,#5098,#5099,#5100,#5101,#5102,#5103,#5104),
  .UNSPECIFIED.,.F.,.F.,(8,6,6,6,6,6,6,6,6,6,6,6,6,6,6,6,6,6,6,6,6,6,6,6
    ,6,6,8),(0.,6.359240871118E-02,0.101140508458,0.144429949512,
    0.174689585621,0.195962081316,0.249995781746,0.304029482175,
    0.32530197787,0.355561613979,0.398851055033,0.436399154779,
    0.456961112419,0.500000000002,0.543038887585,0.563600845225,
    0.601148944971,0.644438386025,0.674698022134,0.695970517828,
    0.750004218257,0.804037918686,0.825310414381,0.85557005049,
    0.898859491544,0.93640759129,1.),.UNSPECIFIED.);
#4947 = CARTESIAN_POINT('',(6.28318530718,-1.000000000005E-03));
#4948 = CARTESIAN_POINT('',(6.220480233159,-1.000000000005E-03));
#4949 = CARTESIAN_POINT('',(6.157740108268,-1.000000000005E-03));
#4950 = CARTESIAN_POINT('',(6.095201978988,-1.000000000005E-03));
#4951 = CARTESIAN_POINT('',(6.0330134748,-1.000000000005E-03));
#4952 = CARTESIAN_POINT('',(5.971290981548,-1.000000000005E-03));
#4953 = CARTESIAN_POINT('',(5.91013422161,-1.000000000005E-03));
#4954 = CARTESIAN_POINT('',(5.813930003823,-1.000000000005E-03));
#4955 = CARTESIAN_POINT('',(5.778437623125,-1.000000000005E-03));
#4956 = CARTESIAN_POINT('',(5.743181110283,-1.000000000005E-03));
#4957 = CARTESIAN_POINT('',(5.708167648387,-1.000000000005E-03));
#4958 = CARTESIAN_POINT('',(5.67340043191,-1.000000000005E-03));
#4959 = CARTESIAN_POINT('',(5.638879421521,-1.000000000005E-03));
#4960 = CARTESIAN_POINT('',(5.565081824561,-1.000000000005E-03));
#4961 = CARTESIAN_POINT('',(5.525886061166,-1.000000000005E-03));
#4962 = CARTESIAN_POINT('',(5.487007634621,-1.000000000005E-03));
#4963 = CARTESIAN_POINT('',(5.448436635849,-1.000000000005E-03));
#4964 = CARTESIAN_POINT('',(5.410160244729,-1.000000000005E-03));
#4965 = CARTESIAN_POINT('',(5.372162659364,-1.000000000005E-03));
#4966 = CARTESIAN_POINT('',(5.308044954445,-1.000000000005E-03));
#4967 = CARTESIAN_POINT('',(5.281792852167,-1.000000000005E-03));
#4968 = CARTESIAN_POINT('',(5.255661627523,-1.000000000005E-03));
#4969 = CARTESIAN_POINT('',(5.229644790152,-1.000000000005E-03));
#4970 = CARTESIAN_POINT('',(5.20373564304,-1.000000000005E-03));
#4971 = CARTESIAN_POINT('',(5.177927174789,-1.000000000005E-03));
#4972 = CARTESIAN_POINT('',(5.134134174398,-1.000000000005E-03));
#4973 = CARTESIAN_POINT('',(5.116102571772,-1.000000000005E-03));
#4974 = CARTESIAN_POINT('',(5.098114607138,-1.000000000005E-03));
#4975 = CARTESIAN_POINT('',(5.080167752505,-1.000000000005E-03));
#4976 = CARTESIAN_POINT('',(5.06225946704,-1.000000000005E-03));
#4977 = CARTESIAN_POINT('',(5.044387175347,-1.000000000005E-03));
#4978 = CARTESIAN_POINT('',(4.981236055204,-1.000000000005E-03));
#4979 = CARTESIAN_POINT('',(4.936141174113,-1.000000000005E-03));
#4980 = CARTESIAN_POINT('',(4.891217699643,-1.000000000005E-03));
#4981 = CARTESIAN_POINT('',(4.846423128181,-1.000000000005E-03));
#4982 = CARTESIAN_POINT('',(4.801715965644,-1.000000000005E-03));
#4983 = CARTESIAN_POINT('',(4.757053392059,-1.000000000005E-03));
#4984 = CARTESIAN_POINT('',(4.667724568711,-1.000000000005E-03));
#4985 = CARTESIAN_POINT('',(4.623061995125,-1.000000000005E-03));
#4986 = CARTESIAN_POINT('',(4.578354832589,-1.000000000005E-03));
#4987 = CARTESIAN_POINT('',(4.533560261126,-1.000000000005E-03));
#4988 = CARTESIAN_POINT('',(4.488636786656,-1.000000000005E-03));
#4989 = CARTESIAN_POINT('',(4.443541905565,-1.000000000005E-03));
#4990 = CARTESIAN_POINT('',(4.380390785422,-1.000000000005E-03));
#4991 = CARTESIAN_POINT('',(4.362518493729,-1.000000000005E-03));
#4992 = CARTESIAN_POINT('',(4.344610208265,-1.000000000005E-03));
#4993 = CARTESIAN_POINT('',(4.326663353632,-1.000000000005E-03));
#4994 = CARTESIAN_POINT('',(4.308675388997,-1.000000000005E-03));
#4995 = CARTESIAN_POINT('',(4.290643786371,-1.000000000005E-03));
#4996 = CARTESIAN_POINT('',(4.24685078598,-1.000000000005E-03));
#4997 = CARTESIAN_POINT('',(4.22104231773,-1.000000000005E-03));
#4998 = CARTESIAN_POINT('',(4.195133170618,-1.000000000005E-03));
#4999 = CARTESIAN_POINT('',(4.169116333246,-1.000000000005E-03));
#5000 = CARTESIAN_POINT('',(4.142985108602,-1.000000000005E-03));
#5001 = CARTESIAN_POINT('',(4.116733006325,-1.000000000005E-03));
#5002 = CARTESIAN_POINT('',(4.052615301406,-1.000000000005E-03));
#5003 = CARTESIAN_POINT('',(4.014617716041,-1.000000000005E-03));
#5004 = CARTESIAN_POINT('',(3.97634132492,-1.000000000005E-03));
#5005 = CARTESIAN_POINT('',(3.937770326149,-1.000000000005E-03));
#5006 = CARTESIAN_POINT('',(3.898891899603,-1.000000000005E-03));
#5007 = CARTESIAN_POINT('',(3.859696136209,-1.000000000005E-03));
#5008 = CARTESIAN_POINT('',(3.785898539249,-1.000000000005E-03));
#5009 = CARTESIAN_POINT('',(3.751377528859,-1.000000000005E-03));
#5010 = CARTESIAN_POINT('',(3.716610312383,-1.000000000005E-03));
#5011 = CARTESIAN_POINT('',(3.681596850486,-1.000000000005E-03));
#5012 = CARTESIAN_POINT('',(3.646340337644,-1.000000000005E-03));
#5013 = CARTESIAN_POINT('',(3.610847956946,-1.000000000005E-03));
#5014 = CARTESIAN_POINT('',(3.555574034542,-1.000000000005E-03));
#5015 = CARTESIAN_POINT('',(3.535948599461,-1.000000000005E-03));
#5016 = CARTESIAN_POINT('',(3.516258244856,-1.000000000005E-03));
#5017 = CARTESIAN_POINT('',(3.496505392346,-1.000000000005E-03));
#5018 = CARTESIAN_POINT('',(3.47669285247,-1.000000000005E-03));
#5019 = CARTESIAN_POINT('',(3.456823902296,-1.000000000005E-03));
#5020 = CARTESIAN_POINT('',(3.39520395551,-1.000000000005E-03));
#5021 = CARTESIAN_POINT('',(3.35326984085,-1.000000000005E-03));
#5022 = CARTESIAN_POINT('',(3.311142319788,-1.000000000005E-03));
#5023 = CARTESIAN_POINT('',(3.268863051338,-1.000000000005E-03));
#5024 = CARTESIAN_POINT('',(3.226475931324,-1.000000000005E-03));
#5025 = CARTESIAN_POINT('',(3.184031467835,-1.000000000005E-03));
#5026 = CARTESIAN_POINT('',(3.099153839344,-1.000000000005E-03));
#5027 = CARTESIAN_POINT('',(3.056709375856,-1.000000000005E-03));
#5028 = CARTESIAN_POINT('',(3.014322255842,-1.000000000005E-03));
#5029 = CARTESIAN_POINT('',(2.972042987392,-1.000000000005E-03));
#5030 = CARTESIAN_POINT('',(2.929915466329,-1.000000000005E-03));
#5031 = CARTESIAN_POINT('',(2.88798135167,-1.000000000005E-03));
#5032 = CARTESIAN_POINT('',(2.826361404884,-1.000000000005E-03));
#5033 = CARTESIAN_POINT('',(2.80649245471,-1.000000000005E-03));
#5034 = CARTESIAN_POINT('',(2.786679914834,-1.000000000005E-03));
#5035 = CARTESIAN_POINT('',(2.766927062324,-1.000000000005E-03));
#5036 = CARTESIAN_POINT('',(2.747236707719,-1.000000000005E-03));
#5037 = CARTESIAN_POINT('',(2.727611272638,-1.000000000005E-03));
#5038 = CARTESIAN_POINT('',(2.672337350234,-1.000000000005E-03));
#5039 = CARTESIAN_POINT('',(2.636844969536,-1.000000000005E-03));
#5040 = CARTESIAN_POINT('',(2.601588456693,-1.000000000005E-03));
#5041 = CARTESIAN_POINT('',(2.566574994797,-1.000000000005E-03));
#5042 = CARTESIAN_POINT('',(2.531807778321,-1.000000000005E-03));
#5043 = CARTESIAN_POINT('',(2.497286767931,-1.000000000005E-03));
#5044 = CARTESIAN_POINT('',(2.423489170972,-1.000000000005E-03));
#5045 = CARTESIAN_POINT('',(2.384293407576,-1.000000000005E-03));
#5046 = CARTESIAN_POINT('',(2.345414981031,-1.000000000005E-03));
#5047 = CARTESIAN_POINT('',(2.30684398226,-1.000000000005E-03));
#5048 = CARTESIAN_POINT('',(2.268567591139,-1.000000000005E-03));
#5049 = CARTESIAN_POINT('',(2.230570005774,-1.000000000005E-03));
#5050 = CARTESIAN_POINT('',(2.166452300855,-1.000000000005E-03));
#5051 = CARTESIAN_POINT('',(2.140200198578,-1.000000000005E-03));
#5052 = CARTESIAN_POINT('',(2.114068973933,-1.000000000005E-03));
#5053 = CARTESIAN_POINT('',(2.088052136562,-1.000000000005E-03));
#5054 = CARTESIAN_POINT('',(2.06214298945,-1.000000000005E-03));
#5055 = CARTESIAN_POINT('',(2.0363345212,-1.000000000005E-03));
#5056 = CARTESIAN_POINT('',(1.992541520808,-1.000000000005E-03));
#5057 = CARTESIAN_POINT('',(1.974509918182,-1.000000000005E-03));
#5058 = CARTESIAN_POINT('',(1.956521953548,-1.000000000005E-03));
#5059 = CARTESIAN_POINT('',(1.938575098915,-1.000000000005E-03));
#5060 = CARTESIAN_POINT('',(1.920666813451,-1.000000000005E-03));
#5061 = CARTESIAN_POINT('',(1.902794521757,-1.000000000005E-03));
#5062 = CARTESIAN_POINT('',(1.839643401614,-1.000000000005E-03));
#5063 = CARTESIAN_POINT('',(1.794548520523,-1.000000000005E-03));
#5064 = CARTESIAN_POINT('',(1.749625046053,-1.000000000005E-03));
#5065 = CARTESIAN_POINT('',(1.704830474591,-1.000000000005E-03));
#5066 = CARTESIAN_POINT('',(1.660123312054,-1.000000000005E-03));
#5067 = CARTESIAN_POINT('',(1.615460738469,-1.000000000005E-03));
#5068 = CARTESIAN_POINT('',(1.526131915121,-1.000000000005E-03));
#5069 = CARTESIAN_POINT('',(1.481469341536,-1.000000000005E-03));
#5070 = CARTESIAN_POINT('',(1.436762178999,-1.000000000005E-03));
#5071 = CARTESIAN_POINT('',(1.391967607537,-1.000000000005E-03));
#5072 = CARTESIAN_POINT('',(1.347044133067,-1.000000000005E-03));
#5073 = CARTESIAN_POINT('',(1.301949251976,-1.000000000005E-03));
#5074 = CARTESIAN_POINT('',(1.238798131833,-1.000000000005E-03));
#5075 = CARTESIAN_POINT('',(1.220925840139,-1.000000000005E-03));
#5076 = CARTESIAN_POINT('',(1.203017554675,-1.000000000005E-03));
#5077 = CARTESIAN_POINT('',(1.185070700042,-1.000000000005E-03));
#5078 = CARTESIAN_POINT('',(1.167082735408,-1.000000000005E-03));
#5079 = CARTESIAN_POINT('',(1.149051132782,-1.000000000005E-03));
#5080 = CARTESIAN_POINT('',(1.10525813239,-1.000000000005E-03));
#5081 = CARTESIAN_POINT('',(1.07944966414,-1.000000000005E-03));
#5082 = CARTESIAN_POINT('',(1.053540517028,-1.000000000005E-03));
#5083 = CARTESIAN_POINT('',(1.027523679657,-1.000000000005E-03));
#5084 = CARTESIAN_POINT('',(1.001392455012,-1.000000000005E-03));
#5085 = CARTESIAN_POINT('',(0.975140352735,-1.000000000005E-03));
#5086 = CARTESIAN_POINT('',(0.911022647816,-1.000000000005E-03));
#5087 = CARTESIAN_POINT('',(0.873025062451,-1.000000000005E-03));
#5088 = CARTESIAN_POINT('',(0.83474867133,-1.000000000005E-03));
#5089 = CARTESIAN_POINT('',(0.796177672559,-1.000000000005E-03));
#5090 = CARTESIAN_POINT('',(0.757299246014,-1.000000000005E-03));
#5091 = CARTESIAN_POINT('',(0.718103482619,-1.000000000005E-03));
#5092 = CARTESIAN_POINT('',(0.644305885659,-1.000000000005E-03));
#5093 = CARTESIAN_POINT('',(0.609784875269,-1.000000000005E-03));
#5094 = CARTESIAN_POINT('',(0.575017658793,-1.000000000005E-03));
#5095 = CARTESIAN_POINT('',(0.540004196897,-1.000000000005E-03));
#5096 = CARTESIAN_POINT('',(0.504747684054,-1.000000000005E-03));
#5097 = CARTESIAN_POINT('',(0.469255303356,-1.000000000005E-03));
#5098 = CARTESIAN_POINT('',(0.37305108557,-1.000000000005E-03));
#5099 = CARTESIAN_POINT('',(0.311894325631,-1.000000000005E-03));
#5100 = CARTESIAN_POINT('',(0.250171832381,-1.000000000005E-03));
#5101 = CARTESIAN_POINT('',(0.187983328191,-1.000000000005E-03));
#5102 = CARTESIAN_POINT('',(0.125445198912,-1.000000000004E-03));
#5103 = CARTESIAN_POINT('',(6.270507402004E-02,-1.000000000005E-03));
#5104 = CARTESIAN_POINT('',(0.,-1.000000000005E-03));
#5105 = ( GEOMETRIC_REPRESENTATION_CONTEXT(2) 
PARAMETRIC_REPRESENTATION_CONTEXT() REPRESENTATION_CONTEXT('2D SPACE',''
  ) );
#5106 = PCURVE('',#5107,#5112);
#5107 = PLANE('',#5108);
#5108 = AXIS2_PLACEMENT_3D('',#5109,#5110,#5111);
#5109 = CARTESIAN_POINT('',(6.452058627224E-15,-10.,-29.999));
#5110 = DIRECTION('',(0.,0.,1.));
#5111 = DIRECTION('',(1.,0.,0.));
#5112 = DEFINITIONAL_REPRESENTATION('',(#5113),#5272);
#5113 = B_SPLINE_CURVE_WITH_KNOTS('',7,(#5114,#5115,#5116,#5117,#5118,
    #5119,#5120,#5121,#5122,#5123,#5124,#5125,#5126,#5127,#5128,#5129,
    #5130,#5131,#5132,#5133,#5134,#5135,#5136,#5137,#5138,#5139,#5140,
    #5141,#5142,#5143,#5144,#5145,#5146,#5147,#5148,#5149,#5150,#5151,
    #5152,#5153,#5154,#5155,#5156,#5157,#5158,#5159,#5160,#5161,#5162,
    #5163,#5164,#5165,#5166,#5167,#5168,#5169,#5170,#5171,#5172,#5173,
    #5174,#5175,#5176,#5177,#5178,#5179,#5180,#5181,#5182,#5183,#5184,
    #5185,#5186,#5187,#5188,#5189,#5190,#5191,#5192,#5193,#5194,#5195,
    #5196,#5197,#5198,#5199,#5200,#5201,#5202,#5203,#5204,#5205,#5206,
    #5207,#5208,#5209,#5210,#5211,#5212,#5213,#5214,#5215,#5216,#5217,
    #5218,#5219,#5220,#5221,#5222,#5223,#5224,#5225,#5226,#5227,#5228,
    #5229,#5230,#5231,#5232,#5233,#5234,#5235,#5236,#5237,#5238,#5239,
    #5240,#5241,#5242,#5243,#5244,#5245,#5246,#5247,#5248,#5249,#5250,
    #5251,#5252,#5253,#5254,#5255,#5256,#5257,#5258,#5259,#5260,#5261,
    #5262,#5263,#5264,#5265,#5266,#5267,#5268,#5269,#5270,#5271),
  .UNSPECIFIED.,.F.,.F.,(8,6,6,6,6,6,6,6,6,6,6,6,6,6,6,6,6,6,6,6,6,6,6,6
    ,6,6,8),(0.,6.359240871118E-02,0.101140508458,0.144429949512,
    0.174689585621,0.195962081316,0.249995781746,0.304029482175,
    0.32530197787,0.355561613979,0.398851055033,0.436399154779,
    0.456961112419,0.500000000002,0.543038887585,0.563600845225,
    0.601148944971,0.644438386025,0.674698022134,0.695970517828,
    0.750004218257,0.804037918686,0.825310414381,0.85557005049,
    0.898859491544,0.93640759129,1.),.UNSPECIFIED.);
#5114 = CARTESIAN_POINT('',(-284.8004,10.0408));
#5115 = CARTESIAN_POINT('',(-284.8003994309,5.023422503514));
#5116 = CARTESIAN_POINT('',(-285.238269745,3.237613153374E-03));
#5117 = CARTESIAN_POINT('',(-286.1148710331,-4.968550931902));
#5118 = CARTESIAN_POINT('',(-287.4169950608,-9.847789652461));
#5119 = CARTESIAN_POINT('',(-289.1232631641,-14.59606578727));
#5120 = CARTESIAN_POINT('',(-291.2057857961,-19.18031421351));
#5121 = CARTESIAN_POINT('',(-295.0634256806,-26.16597401225));
#5122 = CARTESIAN_POINT('',(-296.6155265878,-28.69315256189));
#5123 = CARTESIAN_POINT('',(-298.2811943807,-31.14890234099));
#5124 = CARTESIAN_POINT('',(-300.0537815209,-33.52898086591));
#5125 = CARTESIAN_POINT('',(-301.9265963252,-35.82995563208));
#5126 = CARTESIAN_POINT('',(-303.8930632923,-38.04908610075));
#5127 = CARTESIAN_POINT('',(-308.3146477395,-42.64586840229));
#5128 = CARTESIAN_POINT('',(-310.7984564605,-44.99582060987));
#5129 = CARTESIAN_POINT('',(-313.3886102354,-47.23091191665));
#5130 = CARTESIAN_POINT('',(-316.0757831701,-49.34886784657));
#5131 = CARTESIAN_POINT('',(-318.8511141461,-51.34815108604));
#5132 = CARTESIAN_POINT('',(-321.7063286534,-53.22780758047));
#5133 = CARTESIAN_POINT('',(-326.6802015198,-56.21724876598));
#5134 = CARTESIAN_POINT('',(-328.7618393817,-57.38844107246));
#5135 = CARTESIAN_POINT('',(-330.8761448031,-58.50072292604));
#5136 = CARTESIAN_POINT('',(-333.0206064849,-59.55398412604));
#5137 = CARTESIAN_POINT('',(-335.192822268,-60.54817587462));
#5138 = CARTESIAN_POINT('',(-337.3905051468,-61.48329847284));
#5139 = CARTESIAN_POINT('',(-341.1728390267,-62.97527977422));
#5140 = CARTESIAN_POINT('',(-342.7456963966,-63.56199316378));
#5141 = CARTESIAN_POINT('',(-344.3293046311,-64.11954056023));
#5142 = CARTESIAN_POINT('',(-345.9229264562,-64.64793873));
#5143 = CARTESIAN_POINT('',(-347.5258444559,-65.14720870073));
#5144 = CARTESIAN_POINT('',(-349.1373614442,-65.61737463091));
#5145 = CARTESIAN_POINT('',(-354.8702960728,-67.1788587155));
#5146 = CARTESIAN_POINT('',(-359.0347178238,-68.11159356019));
#5147 = CARTESIAN_POINT('',(-363.2392253121,-68.85719310995));
#5148 = CARTESIAN_POINT('',(-367.4733277927,-69.41604463887));
#5149 = CARTESIAN_POINT('',(-371.7268725054,-69.78847237726));
#5150 = CARTESIAN_POINT('',(-375.9900475951,-69.97469999644));
#5151 = CARTESIAN_POINT('',(-384.5167524048,-69.97469999644));
#5152 = CARTESIAN_POINT('',(-388.7799274945,-69.78847237726));
#5153 = CARTESIAN_POINT('',(-393.0334722071,-69.41604463888));
#5154 = CARTESIAN_POINT('',(-397.2675746878,-68.85719310996));
#5155 = CARTESIAN_POINT('',(-401.4720821761,-68.11159356019));
#5156 = CARTESIAN_POINT('',(-405.6365039271,-67.1788587155));
#5157 = CARTESIAN_POINT('',(-411.3694385557,-65.61737463091));
#5158 = CARTESIAN_POINT('',(-412.980955544,-65.14720870073));
#5159 = CARTESIAN_POINT('',(-414.5838735437,-64.64793873001));
#5160 = CARTESIAN_POINT('',(-416.1774953688,-64.11954056024));
#5161 = CARTESIAN_POINT('',(-417.7611036033,-63.56199316379));
#5162 = CARTESIAN_POINT('',(-419.3339609731,-62.97527977423));
#5163 = CARTESIAN_POINT('',(-423.1162948531,-61.48329847285));
#5164 = CARTESIAN_POINT('',(-425.3139777319,-60.54817587463));
#5165 = CARTESIAN_POINT('',(-427.486193515,-59.55398412605));
#5166 = CARTESIAN_POINT('',(-429.6306551967,-58.50072292605));
#5167 = CARTESIAN_POINT('',(-431.7449606182,-57.38844107247));
#5168 = CARTESIAN_POINT('',(-433.8265984801,-56.21724876599));
#5169 = CARTESIAN_POINT('',(-438.8004713465,-53.22780758047));
#5170 = CARTESIAN_POINT('',(-441.6556858538,-51.34815108605));
#5171 = CARTESIAN_POINT('',(-444.4310168298,-49.34886784657));
#5172 = CARTESIAN_POINT('',(-447.1181897645,-47.23091191665));
#5173 = CARTESIAN_POINT('',(-449.7083435393,-44.99582060988));
#5174 = CARTESIAN_POINT('',(-452.1921522604,-42.6458684023));
#5175 = CARTESIAN_POINT('',(-456.6137367076,-38.04908610076));
#5176 = CARTESIAN_POINT('',(-458.5802036747,-35.8299556321));
#5177 = CARTESIAN_POINT('',(-460.4530184789,-33.52898086591));
#5178 = CARTESIAN_POINT('',(-462.2256056192,-31.148902341));
#5179 = CARTESIAN_POINT('',(-463.8912734121,-28.69315256191));
#5180 = CARTESIAN_POINT('',(-465.4433743193,-26.16597401226));
#5181 = CARTESIAN_POINT('',(-467.6597724774,-22.15237861111));
#5182 = CARTESIAN_POINT('',(-468.408063255,-20.71231933943));
#5183 = CARTESIAN_POINT('',(-469.119332688,-19.25324693513));
#5184 = CARTESIAN_POINT('',(-469.7925593045,-17.77608996651));
#5185 = CARTESIAN_POINT('',(-470.4267617093,-16.28185545752));
#5186 = CARTESIAN_POINT('',(-471.0210097124,-14.77163392347));
#5187 = CARTESIAN_POINT('',(-472.7328282922,-10.05451686204));
#5188 = CARTESIAN_POINT('',(-473.7125222088,-6.797143976785));
#5189 = CARTESIAN_POINT('',(-474.5052737953,-3.485834793971));
#5190 = CARTESIAN_POINT('',(-475.1046003222,-0.132812454972));
#5191 = CARTESIAN_POINT('',(-475.5058302122,3.248820662648));
#5192 = CARTESIAN_POINT('',(-475.7064003166,6.645037419377));
#5193 = CARTESIAN_POINT('',(-475.7064003166,13.4365625806));
#5194 = CARTESIAN_POINT('',(-475.5058302122,16.832779337336));
#5195 = CARTESIAN_POINT('',(-475.1046003222,20.214412454944));
#5196 = CARTESIAN_POINT('',(-474.5052737953,23.567434793947));
#5197 = CARTESIAN_POINT('',(-473.7125222088,26.878743976775));
#5198 = CARTESIAN_POINT('',(-472.7328282922,30.136116862021));
#5199 = CARTESIAN_POINT('',(-471.0210097124,34.853233923458));
#5200 = CARTESIAN_POINT('',(-470.4267617093,36.363455457505));
#5201 = CARTESIAN_POINT('',(-469.7925593045,37.857689966498));
#5202 = CARTESIAN_POINT('',(-469.119332688,39.334846935112));
#5203 = CARTESIAN_POINT('',(-468.408063255,40.793919339413));
#5204 = CARTESIAN_POINT('',(-467.6597724775,42.233978611096));
#5205 = CARTESIAN_POINT('',(-465.4433743193,46.247574012247));
#5206 = CARTESIAN_POINT('',(-463.8912734121,48.774752561886));
#5207 = CARTESIAN_POINT('',(-462.2256056192,51.230502340996));
#5208 = CARTESIAN_POINT('',(-460.453018479,53.610580865908));
#5209 = CARTESIAN_POINT('',(-458.5802036747,55.911555632071));
#5210 = CARTESIAN_POINT('',(-456.6137367077,58.130686100755));
#5211 = CARTESIAN_POINT('',(-452.1921522604,62.727468402294));
#5212 = CARTESIAN_POINT('',(-449.7083435394,65.077420609865));
#5213 = CARTESIAN_POINT('',(-447.1181897645,67.312511916647));
#5214 = CARTESIAN_POINT('',(-444.4310168299,69.430467846567));
#5215 = CARTESIAN_POINT('',(-441.6556858538,71.429751086035));
#5216 = CARTESIAN_POINT('',(-438.8004713465,73.30940758047));
#5217 = CARTESIAN_POINT('',(-433.8265984801,76.298848765981));
#5218 = CARTESIAN_POINT('',(-431.7449606182,77.470041072458));
#5219 = CARTESIAN_POINT('',(-429.6306551968,78.582322926044));
#5220 = CARTESIAN_POINT('',(-427.486193515,79.63558412604));
#5221 = CARTESIAN_POINT('',(-425.3139777319,80.629775874627));
#5222 = CARTESIAN_POINT('',(-423.1162948531,81.564898472845));
#5223 = CARTESIAN_POINT('',(-419.3339609732,83.056879774222));
#5224 = CARTESIAN_POINT('',(-417.7611036033,83.643593163787));
#5225 = CARTESIAN_POINT('',(-416.1774953688,84.201140560235));
#5226 = CARTESIAN_POINT('',(-414.5838735437,84.729538730006));
#5227 = CARTESIAN_POINT('',(-412.980955544,85.22880870073));
#5228 = CARTESIAN_POINT('',(-411.3694385557,85.698974630909));
#5229 = CARTESIAN_POINT('',(-405.6365039271,87.260458715502));
#5230 = CARTESIAN_POINT('',(-401.4720821761,88.193193560194));
#5231 = CARTESIAN_POINT('',(-397.2675746878,88.938793109959));
#5232 = CARTESIAN_POINT('',(-393.0334722072,89.497644638878));
#5233 = CARTESIAN_POINT('',(-388.7799274945,89.870072377258));
#5234 = CARTESIAN_POINT('',(-384.5167524048,90.056299996445));
#5235 = CARTESIAN_POINT('',(-375.9900475951,90.056299996446));
#5236 = CARTESIAN_POINT('',(-371.7268725054,89.870072377261));
#5237 = CARTESIAN_POINT('',(-367.4733277928,89.497644638881));
#5238 = CARTESIAN_POINT('',(-363.2392253121,88.938793109962));
#5239 = CARTESIAN_POINT('',(-359.0347178238,88.193193560197));
#5240 = CARTESIAN_POINT('',(-354.8702960728,87.260458715509));
#5241 = CARTESIAN_POINT('',(-349.1373614442,85.698974630915));
#5242 = CARTESIAN_POINT('',(-347.5258444559,85.228808700738));
#5243 = CARTESIAN_POINT('',(-345.9229264562,84.729538730014));
#5244 = CARTESIAN_POINT('',(-344.3293046311,84.201140560242));
#5245 = CARTESIAN_POINT('',(-342.7456963966,83.643593163794));
#5246 = CARTESIAN_POINT('',(-341.1728390268,83.05687977423));
#5247 = CARTESIAN_POINT('',(-337.3905051468,81.564898472855));
#5248 = CARTESIAN_POINT('',(-335.192822268,80.629775874634));
#5249 = CARTESIAN_POINT('',(-333.0206064849,79.635584126049));
#5250 = CARTESIAN_POINT('',(-330.8761448032,78.582322926055));
#5251 = CARTESIAN_POINT('',(-328.7618393817,77.47004107247));
#5252 = CARTESIAN_POINT('',(-326.6802015198,76.29884876599));
#5253 = CARTESIAN_POINT('',(-321.7063286534,73.309407580476));
#5254 = CARTESIAN_POINT('',(-318.8511141461,71.429751086059));
#5255 = CARTESIAN_POINT('',(-316.0757831701,69.430467846575));
#5256 = CARTESIAN_POINT('',(-313.3886102354,67.312511916654));
#5257 = CARTESIAN_POINT('',(-310.7984564606,65.077420609887));
#5258 = CARTESIAN_POINT('',(-308.3146477395,62.727468402306));
#5259 = CARTESIAN_POINT('',(-303.8930632923,58.13068610077));
#5260 = CARTESIAN_POINT('',(-301.9265963252,55.911555632088));
#5261 = CARTESIAN_POINT('',(-300.053781521,53.610580865924));
#5262 = CARTESIAN_POINT('',(-298.2811943807,51.230502341012));
#5263 = CARTESIAN_POINT('',(-296.6155265878,48.774752561904));
#5264 = CARTESIAN_POINT('',(-295.0634256806,46.247574012264));
#5265 = CARTESIAN_POINT('',(-291.2057857961,39.261914213532));
#5266 = CARTESIAN_POINT('',(-289.1232631642,34.677665787262));
#5267 = CARTESIAN_POINT('',(-287.4169950606,29.929389652477));
#5268 = CARTESIAN_POINT('',(-286.1148710333,25.050150931914));
#5269 = CARTESIAN_POINT('',(-285.2382697449,20.078362386838));
#5270 = CARTESIAN_POINT('',(-284.800399431,15.058177496492));
#5271 = CARTESIAN_POINT('',(-284.8004,10.0408));
#5272 = ( GEOMETRIC_REPRESENTATION_CONTEXT(2) 
PARAMETRIC_REPRESENTATION_CONTEXT() REPRESENTATION_CONTEXT('2D SPACE',''
  ) );
#5273 = ORIENTED_EDGE('',*,*,#5274,.T.);
#5274 = EDGE_CURVE('',#4782,#4474,#5275,.T.);
#5275 = SEAM_CURVE('',#5276,(#5280,#5287),.PCURVE_S1.);
#5276 = LINE('',#5277,#5278);
#5277 = CARTESIAN_POINT('',(-284.8004,4.08E-02,-30.));
#5278 = VECTOR('',#5279,1.);
#5279 = DIRECTION('',(0.,0.,1.));
#5280 = PCURVE('',#4490,#5281);
#5281 = DEFINITIONAL_REPRESENTATION('',(#5282),#5286);
#5282 = LINE('',#5283,#5284);
#5283 = CARTESIAN_POINT('',(6.28318530718,0.));
#5284 = VECTOR('',#5285,1.);
#5285 = DIRECTION('',(0.,-1.));
#5286 = ( GEOMETRIC_REPRESENTATION_CONTEXT(2) 
PARAMETRIC_REPRESENTATION_CONTEXT() REPRESENTATION_CONTEXT('2D SPACE',''
  ) );
#5287 = PCURVE('',#4490,#5288);
#5288 = DEFINITIONAL_REPRESENTATION('',(#5289),#5293);
#5289 = LINE('',#5290,#5291);
#5290 = CARTESIAN_POINT('',(0.,0.));
#5291 = VECTOR('',#5292,1.);
#5292 = DIRECTION('',(0.,-1.));
#5293 = ( GEOMETRIC_REPRESENTATION_CONTEXT(2) 
PARAMETRIC_REPRESENTATION_CONTEXT() REPRESENTATION_CONTEXT('2D SPACE',''
  ) );
#5294 = ORIENTED_EDGE('',*,*,#4473,.T.);
#5295 = ORIENTED_EDGE('',*,*,#5274,.F.);
#5296 = ADVANCED_FACE('',(#5297),#4528,.T.);
#5297 = FACE_BOUND('',#5298,.F.);
#5298 = EDGE_LOOP('',(#5299,#5322,#5349,#5350));
#5299 = ORIENTED_EDGE('',*,*,#5300,.T.);
#5300 = EDGE_CURVE('',#4512,#5301,#5303,.T.);
#5301 = VERTEX_POINT('',#5302);
#5302 = CARTESIAN_POINT('',(-515.,125.,134.237));
#5303 = SEAM_CURVE('',#5304,(#5308,#5315),.PCURVE_S1.);
#5304 = LINE('',#5305,#5306);
#5305 = CARTESIAN_POINT('',(-515.,125.,0.));
#5306 = VECTOR('',#5307,1.);
#5307 = DIRECTION('',(0.,0.,1.));
#5308 = PCURVE('',#4528,#5309);
#5309 = DEFINITIONAL_REPRESENTATION('',(#5310),#5314);
#5310 = LINE('',#5311,#5312);
#5311 = CARTESIAN_POINT('',(-0.,0.));
#5312 = VECTOR('',#5313,1.);
#5313 = DIRECTION('',(-0.,-1.));
#5314 = ( GEOMETRIC_REPRESENTATION_CONTEXT(2) 
PARAMETRIC_REPRESENTATION_CONTEXT() REPRESENTATION_CONTEXT('2D SPACE',''
  ) );
#5315 = PCURVE('',#4528,#5316);
#5316 = DEFINITIONAL_REPRESENTATION('',(#5317),#5321);
#5317 = LINE('',#5318,#5319);
#5318 = CARTESIAN_POINT('',(-6.28318530718,0.));
#5319 = VECTOR('',#5320,1.);
#5320 = DIRECTION('',(-0.,-1.));
#5321 = ( GEOMETRIC_REPRESENTATION_CONTEXT(2) 
PARAMETRIC_REPRESENTATION_CONTEXT() REPRESENTATION_CONTEXT('2D SPACE',''
  ) );
#5322 = ORIENTED_EDGE('',*,*,#5323,.T.);
#5323 = EDGE_CURVE('',#5301,#5301,#5324,.T.);
#5324 = SURFACE_CURVE('',#5325,(#5330,#5337),.PCURVE_S1.);
#5325 = CIRCLE('',#5326,10.);
#5326 = AXIS2_PLACEMENT_3D('',#5327,#5328,#5329);
#5327 = CARTESIAN_POINT('',(-525.,125.,134.237));
#5328 = DIRECTION('',(0.,0.,1.));
#5329 = DIRECTION('',(1.,0.,0.));
#5330 = PCURVE('',#4528,#5331);
#5331 = DEFINITIONAL_REPRESENTATION('',(#5332),#5336);
#5332 = LINE('',#5333,#5334);
#5333 = CARTESIAN_POINT('',(-0.,-134.237));
#5334 = VECTOR('',#5335,1.);
#5335 = DIRECTION('',(-1.,0.));
#5336 = ( GEOMETRIC_REPRESENTATION_CONTEXT(2) 
PARAMETRIC_REPRESENTATION_CONTEXT() REPRESENTATION_CONTEXT('2D SPACE',''
  ) );
#5337 = PCURVE('',#5338,#5343);
#5338 = PLANE('',#5339);
#5339 = AXIS2_PLACEMENT_3D('',#5340,#5341,#5342);
#5340 = CARTESIAN_POINT('',(-525.,125.,134.237));
#5341 = DIRECTION('',(0.,0.,1.));
#5342 = DIRECTION('',(1.,0.,0.));
#5343 = DEFINITIONAL_REPRESENTATION('',(#5344),#5348);
#5344 = CIRCLE('',#5345,10.);
#5345 = AXIS2_PLACEMENT_2D('',#5346,#5347);
#5346 = CARTESIAN_POINT('',(5.469760530158E-16,-6.857365063158E-16));
#5347 = DIRECTION('',(1.,0.));
#5348 = ( GEOMETRIC_REPRESENTATION_CONTEXT(2) 
PARAMETRIC_REPRESENTATION_CONTEXT() REPRESENTATION_CONTEXT('2D SPACE',''
  ) );
#5349 = ORIENTED_EDGE('',*,*,#5300,.F.);
#5350 = ORIENTED_EDGE('',*,*,#4511,.F.);
#5351 = ADVANCED_FACE('',(#5352),#4563,.T.);
#5352 = FACE_BOUND('',#5353,.T.);
#5353 = EDGE_LOOP('',(#5354,#5847,#5868,#5869));
#5354 = ORIENTED_EDGE('',*,*,#5355,.T.);
#5355 = EDGE_CURVE('',#5356,#5356,#5358,.T.);
#5356 = VERTEX_POINT('',#5357);
#5357 = CARTESIAN_POINT('',(475.446,0.1036,-29.999));
#5358 = SURFACE_CURVE('',#5359,(#5518,#5680),.PCURVE_S1.);
#5359 = B_SPLINE_CURVE_WITH_KNOTS('',7,(#5360,#5361,#5362,#5363,#5364,
    #5365,#5366,#5367,#5368,#5369,#5370,#5371,#5372,#5373,#5374,#5375,
    #5376,#5377,#5378,#5379,#5380,#5381,#5382,#5383,#5384,#5385,#5386,
    #5387,#5388,#5389,#5390,#5391,#5392,#5393,#5394,#5395,#5396,#5397,
    #5398,#5399,#5400,#5401,#5402,#5403,#5404,#5405,#5406,#5407,#5408,
    #5409,#5410,#5411,#5412,#5413,#5414,#5415,#5416,#5417,#5418,#5419,
    #5420,#5421,#5422,#5423,#5424,#5425,#5426,#5427,#5428,#5429,#5430,
    #5431,#5432,#5433,#5434,#5435,#5436,#5437,#5438,#5439,#5440,#5441,
    #5442,#5443,#5444,#5445,#5446,#5447,#5448,#5449,#5450,#5451,#5452,
    #5453,#5454,#5455,#5456,#5457,#5458,#5459,#5460,#5461,#5462,#5463,
    #5464,#5465,#5466,#5467,#5468,#5469,#5470,#5471,#5472,#5473,#5474,
    #5475,#5476,#5477,#5478,#5479,#5480,#5481,#5482,#5483,#5484,#5485,
    #5486,#5487,#5488,#5489,#5490,#5491,#5492,#5493,#5494,#5495,#5496,
    #5497,#5498,#5499,#5500,#5501,#5502,#5503,#5504,#5505,#5506,#5507,
    #5508,#5509,#5510,#5511,#5512,#5513,#5514,#5515,#5516,#5517),
  .UNSPECIFIED.,.T.,.F.,(8,6,6,6,6,6,6,6,6,6,6,6,6,6,6,6,6,6,6,6,6,6,6,6
    ,6,6,8),(0.,6.359240871131E-02,0.101140508458,0.144429949512,
    0.17468958562,0.195962081315,0.249995781743,0.304029482172,
    0.325301977867,0.355561613975,0.398851055029,0.436399154775,
    0.456961112416,0.499999999999,0.543038887581,0.563600845222,
    0.601148944968,0.644438386023,0.674698022131,0.695970517826,
    0.750004218255,0.804037918685,0.82531041438,0.855570050488,
    0.898859491543,0.936407591289,1.),.UNSPECIFIED.);
#5360 = CARTESIAN_POINT('',(475.446,0.1036,-29.999));
#5361 = CARTESIAN_POINT('',(475.446000569,-4.913777496474,-29.999));
#5362 = CARTESIAN_POINT('',(475.00813025492,-9.933962386891,-29.999));
#5363 = CARTESIAN_POINT('',(474.13152896687,-14.90575093182,-29.999));
#5364 = CARTESIAN_POINT('',(472.82940493919,-19.78498965253,-29.999));
#5365 = CARTESIAN_POINT('',(471.12313683581,-24.53326578723,-29.999));
#5366 = CARTESIAN_POINT('',(469.04061420387,-29.11751421352,-29.999));
#5367 = CARTESIAN_POINT('',(465.18297431937,-36.10317401225,-29.999));
#5368 = CARTESIAN_POINT('',(463.63087341216,-38.6303525619,-29.999));
#5369 = CARTESIAN_POINT('',(461.96520561926,-41.08610234099,-29.999));
#5370 = CARTESIAN_POINT('',(460.19261847901,-43.46618086591,-29.999));
#5371 = CARTESIAN_POINT('',(458.31980367473,-45.76715563208,-29.999));
#5372 = CARTESIAN_POINT('',(456.3533367077,-47.98628610075,-29.999));
#5373 = CARTESIAN_POINT('',(451.93175226047,-52.58306840229,-29.999));
#5374 = CARTESIAN_POINT('',(449.44794353939,-54.93302060987,-29.999));
#5375 = CARTESIAN_POINT('',(446.85778976459,-57.16811191664,-29.999));
#5376 = CARTESIAN_POINT('',(444.1706168299,-59.28606784656,-29.999));
#5377 = CARTESIAN_POINT('',(441.39528585386,-61.28535108605,-29.999));
#5378 = CARTESIAN_POINT('',(438.54007134654,-63.16500758046,-29.999));
#5379 = CARTESIAN_POINT('',(433.56619848013,-66.15444876598,-29.999));
#5380 = CARTESIAN_POINT('',(431.48456061829,-67.32564107246,-29.999));
#5381 = CARTESIAN_POINT('',(429.37025519681,-68.43792292604,-29.999));
#5382 = CARTESIAN_POINT('',(427.22579351502,-69.49118412604,-29.999));
#5383 = CARTESIAN_POINT('',(425.05357773195,-70.48537587462,-29.999));
#5384 = CARTESIAN_POINT('',(422.85589485319,-71.42049847284,-29.999));
#5385 = CARTESIAN_POINT('',(419.07356097321,-72.91247977422,-29.999));
#5386 = CARTESIAN_POINT('',(417.50070360332,-73.49919316378,-29.999));
#5387 = CARTESIAN_POINT('',(415.91709536883,-74.05674056023,-29.999));
#5388 = CARTESIAN_POINT('',(414.32347354378,-74.58513873,-29.999));
#5389 = CARTESIAN_POINT('',(412.72055554403,-75.08440870073,-29.999));
#5390 = CARTESIAN_POINT('',(411.10903855577,-75.55457463091,-29.999));
#5391 = CARTESIAN_POINT('',(405.37610392716,-77.1160587155,-29.999));
#5392 = CARTESIAN_POINT('',(401.21168217618,-78.04879356019,-29.999));
#5393 = CARTESIAN_POINT('',(397.00717468783,-78.79439310995,-29.999));
#5394 = CARTESIAN_POINT('',(392.77307220721,-79.35324463887,-29.999));
#5395 = CARTESIAN_POINT('',(388.51952749457,-79.72567237726,-29.999));
#5396 = CARTESIAN_POINT('',(384.25635240485,-79.91189999644,-29.999));
#5397 = CARTESIAN_POINT('',(375.72964759516,-79.91189999644,-29.999));
#5398 = CARTESIAN_POINT('',(371.46647250544,-79.72567237726,-29.999));
#5399 = CARTESIAN_POINT('',(367.2129277928,-79.35324463888,-29.999));
#5400 = CARTESIAN_POINT('',(362.97882531218,-78.79439310996,-29.999));
#5401 = CARTESIAN_POINT('',(358.77431782383,-78.04879356019,-29.999));
#5402 = CARTESIAN_POINT('',(354.60989607285,-77.1160587155,-29.999));
#5403 = CARTESIAN_POINT('',(348.87696144424,-75.55457463091,-29.999));
#5404 = CARTESIAN_POINT('',(347.26544445598,-75.08440870073,-29.999));
#5405 = CARTESIAN_POINT('',(345.66252645623,-74.58513873001,-29.999));
#5406 = CARTESIAN_POINT('',(344.06890463118,-74.05674056024,-29.999));
#5407 = CARTESIAN_POINT('',(342.48529639669,-73.49919316379,-29.999));
#5408 = CARTESIAN_POINT('',(340.9124390268,-72.91247977423,-29.999));
#5409 = CARTESIAN_POINT('',(337.13010514682,-71.42049847285,-29.999));
#5410 = CARTESIAN_POINT('',(334.93242226806,-70.48537587463,-29.999));
#5411 = CARTESIAN_POINT('',(332.76020648499,-69.49118412605,-29.999));
#5412 = CARTESIAN_POINT('',(330.6157448032,-68.43792292605,-29.999));
#5413 = CARTESIAN_POINT('',(328.50143938172,-67.32564107247,-29.999));
#5414 = CARTESIAN_POINT('',(326.41980151988,-66.15444876599,-29.999));
#5415 = CARTESIAN_POINT('',(321.44592865346,-63.16500758048,-29.999));
#5416 = CARTESIAN_POINT('',(318.59071414614,-61.28535108605,-29.999));
#5417 = CARTESIAN_POINT('',(315.81538317011,-59.28606784658,-29.999));
#5418 = CARTESIAN_POINT('',(313.12821023541,-57.16811191665,-29.999));
#5419 = CARTESIAN_POINT('',(310.53805646061,-54.93302060988,-29.999));
#5420 = CARTESIAN_POINT('',(308.05424773953,-52.5830684023,-29.999));
#5421 = CARTESIAN_POINT('',(303.63266329231,-47.98628610076,-29.999));
#5422 = CARTESIAN_POINT('',(301.66619632527,-45.76715563209,-29.999));
#5423 = CARTESIAN_POINT('',(299.793381521,-43.46618086592,-29.999));
#5424 = CARTESIAN_POINT('',(298.02079438075,-41.08610234101,-29.999));
#5425 = CARTESIAN_POINT('',(296.35512658783,-38.63035256191,-29.999));
#5426 = CARTESIAN_POINT('',(294.80302568063,-36.10317401226,-29.999));
#5427 = CARTESIAN_POINT('',(292.5866275225,-32.08957861111,-29.999));
#5428 = CARTESIAN_POINT('',(291.83833674497,-30.64951933943,-29.999));
#5429 = CARTESIAN_POINT('',(291.12706731195,-29.19044693513,-29.999));
#5430 = CARTESIAN_POINT('',(290.45384069543,-27.71328996651,-29.999));
#5431 = CARTESIAN_POINT('',(289.81963829063,-26.21905545752,-29.999));
#5432 = CARTESIAN_POINT('',(289.22539028755,-24.70883392347,-29.999));
#5433 = CARTESIAN_POINT('',(287.51357170775,-19.99171686204,-29.999));
#5434 = CARTESIAN_POINT('',(286.53387779114,-16.73434397678,-29.999));
#5435 = CARTESIAN_POINT('',(285.74112620466,-13.42303479397,-29.999));
#5436 = CARTESIAN_POINT('',(285.14179967773,-10.07001245497,-29.999));
#5437 = CARTESIAN_POINT('',(284.74056978778,-6.688379337355,-29.999));
#5438 = CARTESIAN_POINT('',(284.53999968339,-3.292162580621,-29.999));
#5439 = CARTESIAN_POINT('',(284.53999968339,3.499362580599,-29.999));
#5440 = CARTESIAN_POINT('',(284.74056978778,6.895579337333,-29.999));
#5441 = CARTESIAN_POINT('',(285.14179967772,10.277212454951,-29.999));
#5442 = CARTESIAN_POINT('',(285.74112620466,13.630234793949,-29.999));
#5443 = CARTESIAN_POINT('',(286.53387779114,16.941543976765,-29.999));
#5444 = CARTESIAN_POINT('',(287.51357170774,20.198916862026,-29.999));
#5445 = CARTESIAN_POINT('',(289.22539028755,24.916033923457,-29.999));
#5446 = CARTESIAN_POINT('',(289.81963829062,26.426255457506,-29.999));
#5447 = CARTESIAN_POINT('',(290.45384069543,27.920489966499,-29.999));
#5448 = CARTESIAN_POINT('',(291.12706731194,29.397646935111,-29.999));
#5449 = CARTESIAN_POINT('',(291.83833674496,30.856719339412,-29.999));
#5450 = CARTESIAN_POINT('',(292.58662752249,32.296778611098,-29.999));
#5451 = CARTESIAN_POINT('',(294.80302568062,36.310374012245,-29.999));
#5452 = CARTESIAN_POINT('',(296.35512658782,38.837552561893,-29.999));
#5453 = CARTESIAN_POINT('',(298.02079438073,41.29330234099,-29.999));
#5454 = CARTESIAN_POINT('',(299.79338152098,43.673380865904,-29.999));
#5455 = CARTESIAN_POINT('',(301.66619632525,45.974355632079,-29.999));
#5456 = CARTESIAN_POINT('',(303.63266329229,48.19348610075,-29.999));
#5457 = CARTESIAN_POINT('',(308.05424773952,52.790268402293,-29.999));
#5458 = CARTESIAN_POINT('',(310.53805646059,55.140220609869,-29.999));
#5459 = CARTESIAN_POINT('',(313.12821023539,57.375311916642,-29.999));
#5460 = CARTESIAN_POINT('',(315.81538317009,59.493267846564,-29.999));
#5461 = CARTESIAN_POINT('',(318.59071414612,61.492551086043,-29.999));
#5462 = CARTESIAN_POINT('',(321.44592865344,63.372207580465,-29.999));
#5463 = CARTESIAN_POINT('',(326.41980151986,66.361648765981,-29.999));
#5464 = CARTESIAN_POINT('',(328.5014393817,67.532841072458,-29.999));
#5465 = CARTESIAN_POINT('',(330.61574480318,68.645122926044,-29.999));
#5466 = CARTESIAN_POINT('',(332.76020648497,69.69838412604,-29.999));
#5467 = CARTESIAN_POINT('',(334.93242226804,70.692575874627,-29.999));
#5468 = CARTESIAN_POINT('',(337.1301051468,71.627698472845,-29.999));
#5469 = CARTESIAN_POINT('',(340.91243902678,73.119679774222,-29.999));
#5470 = CARTESIAN_POINT('',(342.48529639667,73.706393163787,-29.999));
#5471 = CARTESIAN_POINT('',(344.06890463116,74.263940560235,-29.999));
#5472 = CARTESIAN_POINT('',(345.6625264562,74.792338730006,-29.999));
#5473 = CARTESIAN_POINT('',(347.26544445596,75.29160870073,-29.999));
#5474 = CARTESIAN_POINT('',(348.87696144422,75.761774630909,-29.999));
#5475 = CARTESIAN_POINT('',(354.60989607282,77.323258715502,-29.999));
#5476 = CARTESIAN_POINT('',(358.77431782381,78.255993560194,-29.999));
#5477 = CARTESIAN_POINT('',(362.97882531216,79.001593109959,-29.999));
#5478 = CARTESIAN_POINT('',(367.21292779278,79.560444638878,-29.999));
#5479 = CARTESIAN_POINT('',(371.46647250543,79.932872377258,-29.999));
#5480 = CARTESIAN_POINT('',(375.72964759514,80.119099996445,-29.999));
#5481 = CARTESIAN_POINT('',(384.25635240482,80.119099996446,-29.999));
#5482 = CARTESIAN_POINT('',(388.51952749456,79.932872377261,-29.999));
#5483 = CARTESIAN_POINT('',(392.77307220718,79.560444638881,-29.999));
#5484 = CARTESIAN_POINT('',(397.0071746878,79.001593109962,-29.999));
#5485 = CARTESIAN_POINT('',(401.21168217618,78.255993560197,-29.999));
#5486 = CARTESIAN_POINT('',(405.37610392714,77.323258715509,-29.999));
#5487 = CARTESIAN_POINT('',(411.10903855575,75.761774630915,-29.999));
#5488 = CARTESIAN_POINT('',(412.72055554401,75.291608700738,-29.999));
#5489 = CARTESIAN_POINT('',(414.32347354376,74.792338730014,-29.999));
#5490 = CARTESIAN_POINT('',(415.91709536881,74.263940560242,-29.999));
#5491 = CARTESIAN_POINT('',(417.5007036033,73.706393163794,-29.999));
#5492 = CARTESIAN_POINT('',(419.07356097319,73.11967977423,-29.999));
#5493 = CARTESIAN_POINT('',(422.85589485317,71.627698472855,-29.999));
#5494 = CARTESIAN_POINT('',(425.05357773193,70.692575874634,-29.999));
#5495 = CARTESIAN_POINT('',(427.225793515,69.698384126049,-29.999));
#5496 = CARTESIAN_POINT('',(429.37025519679,68.645122926055,-29.999));
#5497 = CARTESIAN_POINT('',(431.48456061827,67.53284107247,-29.999));
#5498 = CARTESIAN_POINT('',(433.56619848011,66.36164876599,-29.999));
#5499 = CARTESIAN_POINT('',(438.54007134653,63.372207580469,-29.999));
#5500 = CARTESIAN_POINT('',(441.39528585386,61.492551086072,-29.999));
#5501 = CARTESIAN_POINT('',(444.17061682988,59.493267846571,-29.999));
#5502 = CARTESIAN_POINT('',(446.85778976458,57.375311916645,-29.999));
#5503 = CARTESIAN_POINT('',(449.44794353939,55.140220609895,-29.999));
#5504 = CARTESIAN_POINT('',(451.93175226046,52.790268402304,-29.999));
#5505 = CARTESIAN_POINT('',(456.35333670768,48.193486100766,-29.999));
#5506 = CARTESIAN_POINT('',(458.31980367473,45.974355632095,-29.999));
#5507 = CARTESIAN_POINT('',(460.192618479,43.673380865919,-29.999));
#5508 = CARTESIAN_POINT('',(461.96520561924,41.293302341007,-29.999));
#5509 = CARTESIAN_POINT('',(463.63087341216,38.837552561913,-29.999));
#5510 = CARTESIAN_POINT('',(465.18297431936,36.31037401226,-29.999));
#5511 = CARTESIAN_POINT('',(469.04061420384,29.324714213569,-29.999));
#5512 = CARTESIAN_POINT('',(471.12313683591,24.740465787119,-29.999));
#5513 = CARTESIAN_POINT('',(472.82940493902,19.992189652737,-29.999));
#5514 = CARTESIAN_POINT('',(474.13152896703,15.112950931657,-29.999));
#5515 = CARTESIAN_POINT('',(475.00813025484,10.141162386976,-29.999));
#5516 = CARTESIAN_POINT('',(475.44600056902,5.120977496459,-29.999));
#5517 = CARTESIAN_POINT('',(475.446,0.1036,-29.999));
#5518 = PCURVE('',#4563,#5519);
#5519 = DEFINITIONAL_REPRESENTATION('',(#5520),#5679);
#5520 = B_SPLINE_CURVE_WITH_KNOTS('',7,(#5521,#5522,#5523,#5524,#5525,
    #5526,#5527,#5528,#5529,#5530,#5531,#5532,#5533,#5534,#5535,#5536,
    #5537,#5538,#5539,#5540,#5541,#5542,#5543,#5544,#5545,#5546,#5547,
    #5548,#5549,#5550,#5551,#5552,#5553,#5554,#5555,#5556,#5557,#5558,
    #5559,#5560,#5561,#5562,#5563,#5564,#5565,#5566,#5567,#5568,#5569,
    #5570,#5571,#5572,#5573,#5574,#5575,#5576,#5577,#5578,#5579,#5580,
    #5581,#5582,#5583,#5584,#5585,#5586,#5587,#5588,#5589,#5590,#5591,
    #5592,#5593,#5594,#5595,#5596,#5597,#5598,#5599,#5600,#5601,#5602,
    #5603,#5604,#5605,#5606,#5607,#5608,#5609,#5610,#5611,#5612,#5613,
    #5614,#5615,#5616,#5617,#5618,#5619,#5620,#5621,#5622,#5623,#5624,
    #5625,#5626,#5627,#5628,#5629,#5630,#5631,#5632,#5633,#5634,#5635,
    #5636,#5637,#5638,#5639,#5640,#5641,#5642,#5643,#5644,#5645,#5646,
    #5647,#5648,#5649,#5650,#5651,#5652,#5653,#5654,#5655,#5656,#5657,
    #5658,#5659,#5660,#5661,#5662,#5663,#5664,#5665,#5666,#5667,#5668,
    #5669,#5670,#5671,#5672,#5673,#5674,#5675,#5676,#5677,#5678),
  .UNSPECIFIED.,.F.,.F.,(8,6,6,6,6,6,6,6,6,6,6,6,6,6,6,6,6,6,6,6,6,6,6,6
    ,6,6,8),(0.,6.359240871131E-02,0.101140508458,0.144429949512,
    0.17468958562,0.195962081315,0.249995781743,0.304029482172,
    0.325301977867,0.355561613975,0.398851055029,0.436399154775,
    0.456961112416,0.499999999999,0.543038887581,0.563600845222,
    0.601148944968,0.644438386023,0.674698022131,0.695970517826,
    0.750004218255,0.804037918685,0.82531041438,0.855570050488,
    0.898859491543,0.936407591289,1.),.UNSPECIFIED.);
#5521 = CARTESIAN_POINT('',(6.28318530718,-1.000000000005E-03));
#5522 = CARTESIAN_POINT('',(6.220480233159,-1.000000000005E-03));
#5523 = CARTESIAN_POINT('',(6.157740108269,-1.000000000005E-03));
#5524 = CARTESIAN_POINT('',(6.095201978987,-1.000000000005E-03));
#5525 = CARTESIAN_POINT('',(6.033013474801,-1.000000000005E-03));
#5526 = CARTESIAN_POINT('',(5.971290981547,-1.000000000005E-03));
#5527 = CARTESIAN_POINT('',(5.91013422161,-1.000000000005E-03));
#5528 = CARTESIAN_POINT('',(5.813930003824,-1.000000000005E-03));
#5529 = CARTESIAN_POINT('',(5.778437623125,-1.000000000005E-03));
#5530 = CARTESIAN_POINT('',(5.743181110283,-1.000000000005E-03));
#5531 = CARTESIAN_POINT('',(5.708167648387,-1.000000000005E-03));
#5532 = CARTESIAN_POINT('',(5.67340043191,-1.000000000005E-03));
#5533 = CARTESIAN_POINT('',(5.638879421521,-1.000000000005E-03));
#5534 = CARTESIAN_POINT('',(5.565081824561,-1.000000000005E-03));
#5535 = CARTESIAN_POINT('',(5.525886061165,-1.000000000005E-03));
#5536 = CARTESIAN_POINT('',(5.487007634621,-1.000000000005E-03));
#5537 = CARTESIAN_POINT('',(5.44843663585,-1.000000000005E-03));
#5538 = CARTESIAN_POINT('',(5.410160244728,-1.000000000005E-03));
#5539 = CARTESIAN_POINT('',(5.372162659364,-1.000000000005E-03));
#5540 = CARTESIAN_POINT('',(5.308044954445,-1.000000000005E-03));
#5541 = CARTESIAN_POINT('',(5.281792852167,-1.000000000005E-03));
#5542 = CARTESIAN_POINT('',(5.255661627523,-1.000000000005E-03));
#5543 = CARTESIAN_POINT('',(5.229644790152,-1.000000000005E-03));
#5544 = CARTESIAN_POINT('',(5.20373564304,-1.000000000005E-03));
#5545 = CARTESIAN_POINT('',(5.177927174789,-1.000000000005E-03));
#5546 = CARTESIAN_POINT('',(5.134134174398,-1.000000000005E-03));
#5547 = CARTESIAN_POINT('',(5.116102571772,-1.000000000005E-03));
#5548 = CARTESIAN_POINT('',(5.098114607138,-1.000000000005E-03));
#5549 = CARTESIAN_POINT('',(5.080167752505,-1.000000000005E-03));
#5550 = CARTESIAN_POINT('',(5.06225946704,-1.000000000005E-03));
#5551 = CARTESIAN_POINT('',(5.044387175347,-1.000000000005E-03));
#5552 = CARTESIAN_POINT('',(4.981236055204,-1.000000000005E-03));
#5553 = CARTESIAN_POINT('',(4.936141174113,-1.000000000005E-03));
#5554 = CARTESIAN_POINT('',(4.891217699643,-1.000000000005E-03));
#5555 = CARTESIAN_POINT('',(4.846423128181,-1.000000000005E-03));
#5556 = CARTESIAN_POINT('',(4.801715965644,-1.000000000005E-03));
#5557 = CARTESIAN_POINT('',(4.757053392059,-1.000000000005E-03));
#5558 = CARTESIAN_POINT('',(4.667724568711,-1.000000000005E-03));
#5559 = CARTESIAN_POINT('',(4.623061995125,-1.000000000005E-03));
#5560 = CARTESIAN_POINT('',(4.578354832589,-1.000000000005E-03));
#5561 = CARTESIAN_POINT('',(4.533560261126,-1.000000000005E-03));
#5562 = CARTESIAN_POINT('',(4.488636786656,-1.000000000005E-03));
#5563 = CARTESIAN_POINT('',(4.443541905565,-1.000000000005E-03));
#5564 = CARTESIAN_POINT('',(4.380390785422,-1.000000000005E-03));
#5565 = CARTESIAN_POINT('',(4.362518493729,-1.000000000005E-03));
#5566 = CARTESIAN_POINT('',(4.344610208265,-1.000000000005E-03));
#5567 = CARTESIAN_POINT('',(4.326663353632,-1.000000000005E-03));
#5568 = CARTESIAN_POINT('',(4.308675388997,-1.000000000005E-03));
#5569 = CARTESIAN_POINT('',(4.290643786371,-1.000000000005E-03));
#5570 = CARTESIAN_POINT('',(4.24685078598,-1.000000000005E-03));
#5571 = CARTESIAN_POINT('',(4.22104231773,-1.000000000005E-03));
#5572 = CARTESIAN_POINT('',(4.195133170618,-1.000000000005E-03));
#5573 = CARTESIAN_POINT('',(4.169116333246,-1.000000000005E-03));
#5574 = CARTESIAN_POINT('',(4.142985108602,-1.000000000005E-03));
#5575 = CARTESIAN_POINT('',(4.116733006325,-1.000000000005E-03));
#5576 = CARTESIAN_POINT('',(4.052615301405,-1.000000000005E-03));
#5577 = CARTESIAN_POINT('',(4.014617716041,-1.000000000005E-03));
#5578 = CARTESIAN_POINT('',(3.97634132492,-1.000000000005E-03));
#5579 = CARTESIAN_POINT('',(3.937770326148,-1.000000000005E-03));
#5580 = CARTESIAN_POINT('',(3.898891899604,-1.000000000005E-03));
#5581 = CARTESIAN_POINT('',(3.859696136208,-1.000000000005E-03));
#5582 = CARTESIAN_POINT('',(3.785898539249,-1.000000000005E-03));
#5583 = CARTESIAN_POINT('',(3.751377528859,-1.000000000005E-03));
#5584 = CARTESIAN_POINT('',(3.716610312383,-1.000000000005E-03));
#5585 = CARTESIAN_POINT('',(3.681596850486,-1.000000000005E-03));
#5586 = CARTESIAN_POINT('',(3.646340337644,-1.000000000005E-03));
#5587 = CARTESIAN_POINT('',(3.610847956946,-1.000000000005E-03));
#5588 = CARTESIAN_POINT('',(3.555574034542,-1.000000000005E-03));
#5589 = CARTESIAN_POINT('',(3.535948599461,-1.000000000005E-03));
#5590 = CARTESIAN_POINT('',(3.516258244856,-1.000000000005E-03));
#5591 = CARTESIAN_POINT('',(3.496505392346,-1.000000000005E-03));
#5592 = CARTESIAN_POINT('',(3.47669285247,-1.000000000005E-03));
#5593 = CARTESIAN_POINT('',(3.456823902296,-1.000000000005E-03));
#5594 = CARTESIAN_POINT('',(3.39520395551,-1.000000000005E-03));
#5595 = CARTESIAN_POINT('',(3.353269840851,-1.000000000005E-03));
#5596 = CARTESIAN_POINT('',(3.311142319788,-1.000000000005E-03));
#5597 = CARTESIAN_POINT('',(3.268863051337,-1.000000000005E-03));
#5598 = CARTESIAN_POINT('',(3.226475931324,-1.000000000005E-03));
#5599 = CARTESIAN_POINT('',(3.184031467835,-1.000000000005E-03));
#5600 = CARTESIAN_POINT('',(3.099153839344,-1.000000000005E-03));
#5601 = CARTESIAN_POINT('',(3.056709375856,-1.000000000005E-03));
#5602 = CARTESIAN_POINT('',(3.014322255842,-1.000000000005E-03));
#5603 = CARTESIAN_POINT('',(2.972042987392,-1.000000000005E-03));
#5604 = CARTESIAN_POINT('',(2.929915466329,-1.000000000005E-03));
#5605 = CARTESIAN_POINT('',(2.88798135167,-1.000000000005E-03));
#5606 = CARTESIAN_POINT('',(2.826361404884,-1.000000000005E-03));
#5607 = CARTESIAN_POINT('',(2.80649245471,-1.000000000005E-03));
#5608 = CARTESIAN_POINT('',(2.786679914834,-1.000000000005E-03));
#5609 = CARTESIAN_POINT('',(2.766927062324,-1.000000000005E-03));
#5610 = CARTESIAN_POINT('',(2.747236707719,-1.000000000005E-03));
#5611 = CARTESIAN_POINT('',(2.727611272638,-1.000000000005E-03));
#5612 = CARTESIAN_POINT('',(2.672337350234,-1.000000000005E-03));
#5613 = CARTESIAN_POINT('',(2.636844969536,-1.000000000005E-03));
#5614 = CARTESIAN_POINT('',(2.601588456694,-1.000000000005E-03));
#5615 = CARTESIAN_POINT('',(2.566574994797,-1.000000000005E-03));
#5616 = CARTESIAN_POINT('',(2.531807778321,-1.000000000005E-03));
#5617 = CARTESIAN_POINT('',(2.497286767931,-1.000000000005E-03));
#5618 = CARTESIAN_POINT('',(2.423489170971,-1.000000000005E-03));
#5619 = CARTESIAN_POINT('',(2.384293407576,-1.000000000005E-03));
#5620 = CARTESIAN_POINT('',(2.345414981031,-1.000000000005E-03));
#5621 = CARTESIAN_POINT('',(2.30684398226,-1.000000000005E-03));
#5622 = CARTESIAN_POINT('',(2.268567591139,-1.000000000005E-03));
#5623 = CARTESIAN_POINT('',(2.230570005774,-1.000000000005E-03));
#5624 = CARTESIAN_POINT('',(2.166452300855,-1.000000000005E-03));
#5625 = CARTESIAN_POINT('',(2.140200198578,-1.000000000005E-03));
#5626 = CARTESIAN_POINT('',(2.114068973933,-1.000000000005E-03));
#5627 = CARTESIAN_POINT('',(2.088052136562,-1.000000000005E-03));
#5628 = CARTESIAN_POINT('',(2.06214298945,-1.000000000005E-03));
#5629 = CARTESIAN_POINT('',(2.0363345212,-1.000000000005E-03));
#5630 = CARTESIAN_POINT('',(1.992541520808,-1.000000000005E-03));
#5631 = CARTESIAN_POINT('',(1.974509918182,-1.000000000005E-03));
#5632 = CARTESIAN_POINT('',(1.956521953548,-1.000000000005E-03));
#5633 = CARTESIAN_POINT('',(1.938575098915,-1.000000000005E-03));
#5634 = CARTESIAN_POINT('',(1.920666813451,-1.000000000005E-03));
#5635 = CARTESIAN_POINT('',(1.902794521757,-1.000000000005E-03));
#5636 = CARTESIAN_POINT('',(1.839643401614,-1.000000000005E-03));
#5637 = CARTESIAN_POINT('',(1.794548520523,-1.000000000005E-03));
#5638 = CARTESIAN_POINT('',(1.749625046053,-1.000000000005E-03));
#5639 = CARTESIAN_POINT('',(1.704830474591,-1.000000000005E-03));
#5640 = CARTESIAN_POINT('',(1.660123312054,-1.000000000005E-03));
#5641 = CARTESIAN_POINT('',(1.615460738469,-1.000000000005E-03));
#5642 = CARTESIAN_POINT('',(1.526131915121,-1.000000000005E-03));
#5643 = CARTESIAN_POINT('',(1.481469341536,-1.000000000005E-03));
#5644 = CARTESIAN_POINT('',(1.436762178999,-1.000000000005E-03));
#5645 = CARTESIAN_POINT('',(1.391967607537,-1.000000000005E-03));
#5646 = CARTESIAN_POINT('',(1.347044133067,-1.000000000005E-03));
#5647 = CARTESIAN_POINT('',(1.301949251976,-1.000000000005E-03));
#5648 = CARTESIAN_POINT('',(1.238798131833,-1.000000000005E-03));
#5649 = CARTESIAN_POINT('',(1.220925840139,-1.000000000005E-03));
#5650 = CARTESIAN_POINT('',(1.203017554675,-1.000000000005E-03));
#5651 = CARTESIAN_POINT('',(1.185070700042,-1.000000000005E-03));
#5652 = CARTESIAN_POINT('',(1.167082735408,-1.000000000005E-03));
#5653 = CARTESIAN_POINT('',(1.149051132782,-1.000000000005E-03));
#5654 = CARTESIAN_POINT('',(1.10525813239,-1.000000000005E-03));
#5655 = CARTESIAN_POINT('',(1.07944966414,-1.000000000005E-03));
#5656 = CARTESIAN_POINT('',(1.053540517028,-1.000000000005E-03));
#5657 = CARTESIAN_POINT('',(1.027523679657,-1.000000000005E-03));
#5658 = CARTESIAN_POINT('',(1.001392455012,-1.000000000005E-03));
#5659 = CARTESIAN_POINT('',(0.975140352735,-1.000000000005E-03));
#5660 = CARTESIAN_POINT('',(0.911022647816,-1.000000000005E-03));
#5661 = CARTESIAN_POINT('',(0.873025062451,-1.000000000005E-03));
#5662 = CARTESIAN_POINT('',(0.83474867133,-1.000000000005E-03));
#5663 = CARTESIAN_POINT('',(0.796177672559,-1.000000000005E-03));
#5664 = CARTESIAN_POINT('',(0.757299246014,-1.000000000005E-03));
#5665 = CARTESIAN_POINT('',(0.718103482619,-1.000000000005E-03));
#5666 = CARTESIAN_POINT('',(0.644305885659,-1.000000000005E-03));
#5667 = CARTESIAN_POINT('',(0.609784875269,-1.000000000005E-03));
#5668 = CARTESIAN_POINT('',(0.575017658793,-1.000000000005E-03));
#5669 = CARTESIAN_POINT('',(0.540004196897,-1.000000000005E-03));
#5670 = CARTESIAN_POINT('',(0.504747684054,-1.000000000005E-03));
#5671 = CARTESIAN_POINT('',(0.469255303356,-1.000000000005E-03));
#5672 = CARTESIAN_POINT('',(0.37305108557,-1.000000000005E-03));
#5673 = CARTESIAN_POINT('',(0.311894325631,-1.000000000005E-03));
#5674 = CARTESIAN_POINT('',(0.250171832382,-1.000000000005E-03));
#5675 = CARTESIAN_POINT('',(0.18798332819,-1.000000000005E-03));
#5676 = CARTESIAN_POINT('',(0.125445198913,-1.000000000004E-03));
#5677 = CARTESIAN_POINT('',(6.270507401997E-02,-1.000000000005E-03));
#5678 = CARTESIAN_POINT('',(0.,-1.000000000005E-03));
#5679 = ( GEOMETRIC_REPRESENTATION_CONTEXT(2) 
PARAMETRIC_REPRESENTATION_CONTEXT() REPRESENTATION_CONTEXT('2D SPACE',''
  ) );
#5680 = PCURVE('',#5681,#5686);
#5681 = PLANE('',#5682);
#5682 = AXIS2_PLACEMENT_3D('',#5683,#5684,#5685);
#5683 = CARTESIAN_POINT('',(6.452058627224E-15,-10.,-29.999));
#5684 = DIRECTION('',(0.,0.,1.));
#5685 = DIRECTION('',(1.,0.,0.));
#5686 = DEFINITIONAL_REPRESENTATION('',(#5687),#5846);
#5687 = B_SPLINE_CURVE_WITH_KNOTS('',7,(#5688,#5689,#5690,#5691,#5692,
    #5693,#5694,#5695,#5696,#5697,#5698,#5699,#5700,#5701,#5702,#5703,
    #5704,#5705,#5706,#5707,#5708,#5709,#5710,#5711,#5712,#5713,#5714,
    #5715,#5716,#5717,#5718,#5719,#5720,#5721,#5722,#5723,#5724,#5725,
    #5726,#5727,#5728,#5729,#5730,#5731,#5732,#5733,#5734,#5735,#5736,
    #5737,#5738,#5739,#5740,#5741,#5742,#5743,#5744,#5745,#5746,#5747,
    #5748,#5749,#5750,#5751,#5752,#5753,#5754,#5755,#5756,#5757,#5758,
    #5759,#5760,#5761,#5762,#5763,#5764,#5765,#5766,#5767,#5768,#5769,
    #5770,#5771,#5772,#5773,#5774,#5775,#5776,#5777,#5778,#5779,#5780,
    #5781,#5782,#5783,#5784,#5785,#5786,#5787,#5788,#5789,#5790,#5791,
    #5792,#5793,#5794,#5795,#5796,#5797,#5798,#5799,#5800,#5801,#5802,
    #5803,#5804,#5805,#5806,#5807,#5808,#5809,#5810,#5811,#5812,#5813,
    #5814,#5815,#5816,#5817,#5818,#5819,#5820,#5821,#5822,#5823,#5824,
    #5825,#5826,#5827,#5828,#5829,#5830,#5831,#5832,#5833,#5834,#5835,
    #5836,#5837,#5838,#5839,#5840,#5841,#5842,#5843,#5844,#5845),
  .UNSPECIFIED.,.F.,.F.,(8,6,6,6,6,6,6,6,6,6,6,6,6,6,6,6,6,6,6,6,6,6,6,6
    ,6,6,8),(0.,6.359240871131E-02,0.101140508458,0.144429949512,
    0.17468958562,0.195962081315,0.249995781743,0.304029482172,
    0.325301977867,0.355561613975,0.398851055029,0.436399154775,
    0.456961112416,0.499999999999,0.543038887581,0.563600845222,
    0.601148944968,0.644438386023,0.674698022131,0.695970517826,
    0.750004218255,0.804037918685,0.82531041438,0.855570050488,
    0.898859491543,0.936407591289,1.),.UNSPECIFIED.);
#5688 = CARTESIAN_POINT('',(475.446,10.1036));
#5689 = CARTESIAN_POINT('',(475.446000569,5.086222503526));
#5690 = CARTESIAN_POINT('',(475.00813025492,6.60376131088E-02));
#5691 = CARTESIAN_POINT('',(474.13152896687,-4.905750931827));
#5692 = CARTESIAN_POINT('',(472.82940493919,-9.784989652531));
#5693 = CARTESIAN_POINT('',(471.12313683581,-14.53326578723));
#5694 = CARTESIAN_POINT('',(469.04061420387,-19.11751421352));
#5695 = CARTESIAN_POINT('',(465.18297431937,-26.10317401225));
#5696 = CARTESIAN_POINT('',(463.63087341216,-28.6303525619));
#5697 = CARTESIAN_POINT('',(461.96520561926,-31.08610234099));
#5698 = CARTESIAN_POINT('',(460.19261847901,-33.46618086591));
#5699 = CARTESIAN_POINT('',(458.31980367473,-35.76715563208));
#5700 = CARTESIAN_POINT('',(456.3533367077,-37.98628610075));
#5701 = CARTESIAN_POINT('',(451.93175226047,-42.58306840229));
#5702 = CARTESIAN_POINT('',(449.44794353939,-44.93302060987));
#5703 = CARTESIAN_POINT('',(446.85778976459,-47.16811191664));
#5704 = CARTESIAN_POINT('',(444.1706168299,-49.28606784656));
#5705 = CARTESIAN_POINT('',(441.39528585386,-51.28535108605));
#5706 = CARTESIAN_POINT('',(438.54007134654,-53.16500758046));
#5707 = CARTESIAN_POINT('',(433.56619848013,-56.15444876598));
#5708 = CARTESIAN_POINT('',(431.48456061829,-57.32564107246));
#5709 = CARTESIAN_POINT('',(429.37025519681,-58.43792292604));
#5710 = CARTESIAN_POINT('',(427.22579351502,-59.49118412604));
#5711 = CARTESIAN_POINT('',(425.05357773195,-60.48537587462));
#5712 = CARTESIAN_POINT('',(422.85589485319,-61.42049847284));
#5713 = CARTESIAN_POINT('',(419.07356097321,-62.91247977422));
#5714 = CARTESIAN_POINT('',(417.50070360332,-63.49919316378));
#5715 = CARTESIAN_POINT('',(415.91709536883,-64.05674056023));
#5716 = CARTESIAN_POINT('',(414.32347354378,-64.58513873));
#5717 = CARTESIAN_POINT('',(412.72055554403,-65.08440870073));
#5718 = CARTESIAN_POINT('',(411.10903855577,-65.55457463091));
#5719 = CARTESIAN_POINT('',(405.37610392716,-67.1160587155));
#5720 = CARTESIAN_POINT('',(401.21168217618,-68.04879356019));
#5721 = CARTESIAN_POINT('',(397.00717468783,-68.79439310995));
#5722 = CARTESIAN_POINT('',(392.77307220721,-69.35324463887));
#5723 = CARTESIAN_POINT('',(388.51952749457,-69.72567237726));
#5724 = CARTESIAN_POINT('',(384.25635240485,-69.91189999644));
#5725 = CARTESIAN_POINT('',(375.72964759516,-69.91189999644));
#5726 = CARTESIAN_POINT('',(371.46647250544,-69.72567237726));
#5727 = CARTESIAN_POINT('',(367.2129277928,-69.35324463888));
#5728 = CARTESIAN_POINT('',(362.97882531218,-68.79439310996));
#5729 = CARTESIAN_POINT('',(358.77431782383,-68.04879356019));
#5730 = CARTESIAN_POINT('',(354.60989607285,-67.1160587155));
#5731 = CARTESIAN_POINT('',(348.87696144424,-65.55457463091));
#5732 = CARTESIAN_POINT('',(347.26544445598,-65.08440870073));
#5733 = CARTESIAN_POINT('',(345.66252645623,-64.58513873001));
#5734 = CARTESIAN_POINT('',(344.06890463118,-64.05674056024));
#5735 = CARTESIAN_POINT('',(342.48529639669,-63.49919316379));
#5736 = CARTESIAN_POINT('',(340.9124390268,-62.91247977423));
#5737 = CARTESIAN_POINT('',(337.13010514682,-61.42049847285));
#5738 = CARTESIAN_POINT('',(334.93242226806,-60.48537587463));
#5739 = CARTESIAN_POINT('',(332.76020648499,-59.49118412605));
#5740 = CARTESIAN_POINT('',(330.6157448032,-58.43792292605));
#5741 = CARTESIAN_POINT('',(328.50143938172,-57.32564107247));
#5742 = CARTESIAN_POINT('',(326.41980151988,-56.15444876599));
#5743 = CARTESIAN_POINT('',(321.44592865346,-53.16500758048));
#5744 = CARTESIAN_POINT('',(318.59071414614,-51.28535108605));
#5745 = CARTESIAN_POINT('',(315.81538317011,-49.28606784658));
#5746 = CARTESIAN_POINT('',(313.12821023541,-47.16811191665));
#5747 = CARTESIAN_POINT('',(310.53805646061,-44.93302060988));
#5748 = CARTESIAN_POINT('',(308.05424773953,-42.5830684023));
#5749 = CARTESIAN_POINT('',(303.63266329231,-37.98628610076));
#5750 = CARTESIAN_POINT('',(301.66619632527,-35.76715563209));
#5751 = CARTESIAN_POINT('',(299.793381521,-33.46618086592));
#5752 = CARTESIAN_POINT('',(298.02079438075,-31.08610234101));
#5753 = CARTESIAN_POINT('',(296.35512658783,-28.63035256191));
#5754 = CARTESIAN_POINT('',(294.80302568063,-26.10317401226));
#5755 = CARTESIAN_POINT('',(292.5866275225,-22.08957861111));
#5756 = CARTESIAN_POINT('',(291.83833674497,-20.64951933943));
#5757 = CARTESIAN_POINT('',(291.12706731195,-19.19044693513));
#5758 = CARTESIAN_POINT('',(290.45384069543,-17.71328996651));
#5759 = CARTESIAN_POINT('',(289.81963829063,-16.21905545752));
#5760 = CARTESIAN_POINT('',(289.22539028755,-14.70883392347));
#5761 = CARTESIAN_POINT('',(287.51357170775,-9.991716862046));
#5762 = CARTESIAN_POINT('',(286.53387779114,-6.734343976789));
#5763 = CARTESIAN_POINT('',(285.74112620466,-3.42303479397));
#5764 = CARTESIAN_POINT('',(285.14179967773,-7.001245497032E-02));
#5765 = CARTESIAN_POINT('',(284.74056978778,3.311620662645));
#5766 = CARTESIAN_POINT('',(284.53999968339,6.707837419379));
#5767 = CARTESIAN_POINT('',(284.53999968339,13.499362580599));
#5768 = CARTESIAN_POINT('',(284.74056978778,16.895579337333));
#5769 = CARTESIAN_POINT('',(285.14179967772,20.277212454951));
#5770 = CARTESIAN_POINT('',(285.74112620466,23.630234793949));
#5771 = CARTESIAN_POINT('',(286.53387779114,26.941543976765));
#5772 = CARTESIAN_POINT('',(287.51357170774,30.198916862026));
#5773 = CARTESIAN_POINT('',(289.22539028755,34.916033923457));
#5774 = CARTESIAN_POINT('',(289.81963829062,36.426255457506));
#5775 = CARTESIAN_POINT('',(290.45384069543,37.920489966499));
#5776 = CARTESIAN_POINT('',(291.12706731194,39.397646935111));
#5777 = CARTESIAN_POINT('',(291.83833674496,40.856719339412));
#5778 = CARTESIAN_POINT('',(292.58662752249,42.296778611098));
#5779 = CARTESIAN_POINT('',(294.80302568062,46.310374012245));
#5780 = CARTESIAN_POINT('',(296.35512658782,48.837552561893));
#5781 = CARTESIAN_POINT('',(298.02079438073,51.29330234099));
#5782 = CARTESIAN_POINT('',(299.79338152098,53.673380865904));
#5783 = CARTESIAN_POINT('',(301.66619632525,55.974355632079));
#5784 = CARTESIAN_POINT('',(303.63266329229,58.19348610075));
#5785 = CARTESIAN_POINT('',(308.05424773952,62.790268402293));
#5786 = CARTESIAN_POINT('',(310.53805646059,65.140220609869));
#5787 = CARTESIAN_POINT('',(313.12821023539,67.375311916642));
#5788 = CARTESIAN_POINT('',(315.81538317009,69.493267846564));
#5789 = CARTESIAN_POINT('',(318.59071414612,71.492551086043));
#5790 = CARTESIAN_POINT('',(321.44592865344,73.372207580465));
#5791 = CARTESIAN_POINT('',(326.41980151986,76.361648765981));
#5792 = CARTESIAN_POINT('',(328.5014393817,77.532841072458));
#5793 = CARTESIAN_POINT('',(330.61574480318,78.645122926044));
#5794 = CARTESIAN_POINT('',(332.76020648497,79.69838412604));
#5795 = CARTESIAN_POINT('',(334.93242226804,80.692575874627));
#5796 = CARTESIAN_POINT('',(337.1301051468,81.627698472845));
#5797 = CARTESIAN_POINT('',(340.91243902678,83.119679774222));
#5798 = CARTESIAN_POINT('',(342.48529639667,83.706393163787));
#5799 = CARTESIAN_POINT('',(344.06890463116,84.263940560235));
#5800 = CARTESIAN_POINT('',(345.6625264562,84.792338730006));
#5801 = CARTESIAN_POINT('',(347.26544445596,85.29160870073));
#5802 = CARTESIAN_POINT('',(348.87696144422,85.761774630909));
#5803 = CARTESIAN_POINT('',(354.60989607282,87.323258715502));
#5804 = CARTESIAN_POINT('',(358.77431782381,88.255993560194));
#5805 = CARTESIAN_POINT('',(362.97882531216,89.001593109959));
#5806 = CARTESIAN_POINT('',(367.21292779278,89.560444638878));
#5807 = CARTESIAN_POINT('',(371.46647250543,89.932872377258));
#5808 = CARTESIAN_POINT('',(375.72964759514,90.119099996445));
#5809 = CARTESIAN_POINT('',(384.25635240482,90.119099996446));
#5810 = CARTESIAN_POINT('',(388.51952749456,89.932872377261));
#5811 = CARTESIAN_POINT('',(392.77307220718,89.560444638881));
#5812 = CARTESIAN_POINT('',(397.0071746878,89.001593109962));
#5813 = CARTESIAN_POINT('',(401.21168217618,88.255993560197));
#5814 = CARTESIAN_POINT('',(405.37610392714,87.323258715509));
#5815 = CARTESIAN_POINT('',(411.10903855575,85.761774630915));
#5816 = CARTESIAN_POINT('',(412.72055554401,85.291608700738));
#5817 = CARTESIAN_POINT('',(414.32347354376,84.792338730014));
#5818 = CARTESIAN_POINT('',(415.91709536881,84.263940560242));
#5819 = CARTESIAN_POINT('',(417.5007036033,83.706393163794));
#5820 = CARTESIAN_POINT('',(419.07356097319,83.11967977423));
#5821 = CARTESIAN_POINT('',(422.85589485317,81.627698472855));
#5822 = CARTESIAN_POINT('',(425.05357773193,80.692575874634));
#5823 = CARTESIAN_POINT('',(427.225793515,79.698384126049));
#5824 = CARTESIAN_POINT('',(429.37025519679,78.645122926055));
#5825 = CARTESIAN_POINT('',(431.48456061827,77.53284107247));
#5826 = CARTESIAN_POINT('',(433.56619848011,76.36164876599));
#5827 = CARTESIAN_POINT('',(438.54007134653,73.372207580469));
#5828 = CARTESIAN_POINT('',(441.39528585386,71.492551086072));
#5829 = CARTESIAN_POINT('',(444.17061682988,69.493267846571));
#5830 = CARTESIAN_POINT('',(446.85778976458,67.375311916645));
#5831 = CARTESIAN_POINT('',(449.44794353939,65.140220609895));
#5832 = CARTESIAN_POINT('',(451.93175226046,62.790268402304));
#5833 = CARTESIAN_POINT('',(456.35333670768,58.193486100766));
#5834 = CARTESIAN_POINT('',(458.31980367473,55.974355632095));
#5835 = CARTESIAN_POINT('',(460.192618479,53.673380865919));
#5836 = CARTESIAN_POINT('',(461.96520561924,51.293302341007));
#5837 = CARTESIAN_POINT('',(463.63087341216,48.837552561913));
#5838 = CARTESIAN_POINT('',(465.18297431936,46.31037401226));
#5839 = CARTESIAN_POINT('',(469.04061420384,39.324714213569));
#5840 = CARTESIAN_POINT('',(471.12313683591,34.740465787119));
#5841 = CARTESIAN_POINT('',(472.82940493902,29.992189652737));
#5842 = CARTESIAN_POINT('',(474.13152896703,25.112950931657));
#5843 = CARTESIAN_POINT('',(475.00813025484,20.141162386976));
#5844 = CARTESIAN_POINT('',(475.44600056902,15.120977496459));
#5845 = CARTESIAN_POINT('',(475.446,10.1036));
#5846 = ( GEOMETRIC_REPRESENTATION_CONTEXT(2) 
PARAMETRIC_REPRESENTATION_CONTEXT() REPRESENTATION_CONTEXT('2D SPACE',''
  ) );
#5847 = ORIENTED_EDGE('',*,*,#5848,.T.);
#5848 = EDGE_CURVE('',#5356,#4547,#5849,.T.);
#5849 = SEAM_CURVE('',#5850,(#5854,#5861),.PCURVE_S1.);
#5850 = LINE('',#5851,#5852);
#5851 = CARTESIAN_POINT('',(475.446,0.1036,-30.));
#5852 = VECTOR('',#5853,1.);
#5853 = DIRECTION('',(0.,0.,1.));
#5854 = PCURVE('',#4563,#5855);
#5855 = DEFINITIONAL_REPRESENTATION('',(#5856),#5860);
#5856 = LINE('',#5857,#5858);
#5857 = CARTESIAN_POINT('',(6.28318530718,0.));
#5858 = VECTOR('',#5859,1.);
#5859 = DIRECTION('',(0.,-1.));
#5860 = ( GEOMETRIC_REPRESENTATION_CONTEXT(2) 
PARAMETRIC_REPRESENTATION_CONTEXT() REPRESENTATION_CONTEXT('2D SPACE',''
  ) );
#5861 = PCURVE('',#4563,#5862);
#5862 = DEFINITIONAL_REPRESENTATION('',(#5863),#5867);
#5863 = LINE('',#5864,#5865);
#5864 = CARTESIAN_POINT('',(0.,0.));
#5865 = VECTOR('',#5866,1.);
#5866 = DIRECTION('',(0.,-1.));
#5867 = ( GEOMETRIC_REPRESENTATION_CONTEXT(2) 
PARAMETRIC_REPRESENTATION_CONTEXT() REPRESENTATION_CONTEXT('2D SPACE',''
  ) );
#5868 = ORIENTED_EDGE('',*,*,#4546,.T.);
#5869 = ORIENTED_EDGE('',*,*,#5848,.F.);
#5870 = ADVANCED_FACE('',(#5871),#4601,.T.);
#5871 = FACE_BOUND('',#5872,.F.);
#5872 = EDGE_LOOP('',(#5873,#5896,#5923,#5924));
#5873 = ORIENTED_EDGE('',*,*,#5874,.T.);
#5874 = EDGE_CURVE('',#4585,#5875,#5877,.T.);
#5875 = VERTEX_POINT('',#5876);
#5876 = CARTESIAN_POINT('',(535.,125.,134.237));
#5877 = SEAM_CURVE('',#5878,(#5882,#5889),.PCURVE_S1.);
#5878 = LINE('',#5879,#5880);
#5879 = CARTESIAN_POINT('',(535.,125.,0.));
#5880 = VECTOR('',#5881,1.);
#5881 = DIRECTION('',(0.,0.,1.));
#5882 = PCURVE('',#4601,#5883);
#5883 = DEFINITIONAL_REPRESENTATION('',(#5884),#5888);
#5884 = LINE('',#5885,#5886);
#5885 = CARTESIAN_POINT('',(-0.,0.));
#5886 = VECTOR('',#5887,1.);
#5887 = DIRECTION('',(-0.,-1.));
#5888 = ( GEOMETRIC_REPRESENTATION_CONTEXT(2) 
PARAMETRIC_REPRESENTATION_CONTEXT() REPRESENTATION_CONTEXT('2D SPACE',''
  ) );
#5889 = PCURVE('',#4601,#5890);
#5890 = DEFINITIONAL_REPRESENTATION('',(#5891),#5895);
#5891 = LINE('',#5892,#5893);
#5892 = CARTESIAN_POINT('',(-6.28318530718,0.));
#5893 = VECTOR('',#5894,1.);
#5894 = DIRECTION('',(-0.,-1.));
#5895 = ( GEOMETRIC_REPRESENTATION_CONTEXT(2) 
PARAMETRIC_REPRESENTATION_CONTEXT() REPRESENTATION_CONTEXT('2D SPACE',''
  ) );
#5896 = ORIENTED_EDGE('',*,*,#5897,.T.);
#5897 = EDGE_CURVE('',#5875,#5875,#5898,.T.);
#5898 = SURFACE_CURVE('',#5899,(#5904,#5911),.PCURVE_S1.);
#5899 = CIRCLE('',#5900,10.);
#5900 = AXIS2_PLACEMENT_3D('',#5901,#5902,#5903);
#5901 = CARTESIAN_POINT('',(525.,125.,134.237));
#5902 = DIRECTION('',(0.,0.,1.));
#5903 = DIRECTION('',(1.,0.,0.));
#5904 = PCURVE('',#4601,#5905);
#5905 = DEFINITIONAL_REPRESENTATION('',(#5906),#5910);
#5906 = LINE('',#5907,#5908);
#5907 = CARTESIAN_POINT('',(-0.,-134.237));
#5908 = VECTOR('',#5909,1.);
#5909 = DIRECTION('',(-1.,0.));
#5910 = ( GEOMETRIC_REPRESENTATION_CONTEXT(2) 
PARAMETRIC_REPRESENTATION_CONTEXT() REPRESENTATION_CONTEXT('2D SPACE',''
  ) );
#5911 = PCURVE('',#5912,#5917);
#5912 = PLANE('',#5913);
#5913 = AXIS2_PLACEMENT_3D('',#5914,#5915,#5916);
#5914 = CARTESIAN_POINT('',(525.,125.,134.237));
#5915 = DIRECTION('',(0.,0.,1.));
#5916 = DIRECTION('',(1.,0.,0.));
#5917 = DEFINITIONAL_REPRESENTATION('',(#5918),#5922);
#5918 = CIRCLE('',#5919,10.);
#5919 = AXIS2_PLACEMENT_2D('',#5920,#5921);
#5920 = CARTESIAN_POINT('',(5.469760530158E-16,-6.857365063158E-16));
#5921 = DIRECTION('',(1.,0.));
#5922 = ( GEOMETRIC_REPRESENTATION_CONTEXT(2) 
PARAMETRIC_REPRESENTATION_CONTEXT() REPRESENTATION_CONTEXT('2D SPACE',''
  ) );
#5923 = ORIENTED_EDGE('',*,*,#5874,.F.);
#5924 = ORIENTED_EDGE('',*,*,#4584,.F.);
#5925 = ADVANCED_FACE('',(#5926),#4654,.T.);
#5926 = FACE_BOUND('',#5927,.T.);
#5927 = EDGE_LOOP('',(#5928));
#5928 = ORIENTED_EDGE('',*,*,#4639,.T.);
#5929 = ADVANCED_FACE('',(#5930),#4709,.T.);
#5930 = FACE_BOUND('',#5931,.T.);
#5931 = EDGE_LOOP('',(#5932));
#5932 = ORIENTED_EDGE('',*,*,#4694,.T.);
#5933 = ADVANCED_FACE('',(#5934),#4764,.T.);
#5934 = FACE_BOUND('',#5935,.T.);
#5935 = EDGE_LOOP('',(#5936));
#5936 = ORIENTED_EDGE('',*,*,#4749,.T.);
#5937 = ADVANCED_FACE('',(#5938),#5107,.T.);
#5938 = FACE_BOUND('',#5939,.T.);
#5939 = EDGE_LOOP('',(#5940));
#5940 = ORIENTED_EDGE('',*,*,#4781,.F.);
#5941 = ADVANCED_FACE('',(#5942),#5338,.T.);
#5942 = FACE_BOUND('',#5943,.T.);
#5943 = EDGE_LOOP('',(#5944));
#5944 = ORIENTED_EDGE('',*,*,#5323,.T.);
#5945 = ADVANCED_FACE('',(#5946),#5681,.T.);
#5946 = FACE_BOUND('',#5947,.T.);
#5947 = EDGE_LOOP('',(#5948));
#5948 = ORIENTED_EDGE('',*,*,#5355,.F.);
#5949 = ADVANCED_FACE('',(#5950),#5912,.T.);
#5950 = FACE_BOUND('',#5951,.T.);
#5951 = EDGE_LOOP('',(#5952));
#5952 = ORIENTED_EDGE('',*,*,#5897,.T.);
#5953 = ( GEOMETRIC_REPRESENTATION_CONTEXT(3) 
GLOBAL_UNCERTAINTY_ASSIGNED_CONTEXT((#5957)) 
GLOBAL_UNIT_ASSIGNED_CONTEXT((#5954,#5955,#5956)) REPRESENTATION_CONTEXT
('Context #1','3D Context with UNIT and UNCERTAINTY') );
#5954 = ( LENGTH_UNIT() NAMED_UNIT(*) SI_UNIT(.MILLI.,.METRE.) );
#5955 = ( NAMED_UNIT(*) PLANE_ANGLE_UNIT() SI_UNIT($,.RADIAN.) );
#5956 = ( NAMED_UNIT(*) SI_UNIT($,.STERADIAN.) SOLID_ANGLE_UNIT() );
#5957 = UNCERTAINTY_MEASURE_WITH_UNIT(LENGTH_MEASURE(2.E-07),#5954,
  'distance_accuracy_value','confusion accuracy');
#5958 = PRODUCT_RELATED_PRODUCT_CATEGORY('part',$,(#7));
ENDSEC;
END-ISO-10303-21;
